file,batch,pair_id,variant,model,label,chars
D04901.docx,batch01,abstract-ART000883946,human,human,human,726
D04902.docx,batch01,abstract-ART000868525,human,human,human,359
D04903.docx,batch01,abstract-ART000872220,human,human,human,716
D04904.docx,batch01,abstract-ART000852042,human,human,human,650
D04905.docx,batch01,abstract-ART000890169,human,human,human,394
D04906.docx,batch01,abstract-ART000877756,human,human,human,507
D04907.docx,batch01,abstract-ART001878102,human,human,human,483
D04908.docx,batch01,abstract-ART000860330,human,human,human,331
D04909.docx,batch01,abstract-ART000879767,human,human,human,408
D04910.docx,batch01,abstract-ART000905995,human,human,human,534
D04911.docx,batch01,abstract-ART000902317,human,human,human,613
D04912.docx,batch01,abstract-ART000905247,human,human,human,577
D04913.docx,batch01,abstract-ART002446576,human,human,human,757
D04914.docx,batch01,abstract-ART002285982,human,human,human,769
D04915.docx,batch01,abstract-ART000863530,human,human,human,340
D04916.docx,batch01,abstract-ART000903076,human,human,human,407
D04917.docx,batch01,abstract-ART000858893,human,human,human,473
D04918.docx,batch01,abstract-ART000903231,human,human,human,456
D04919.docx,batch01,abstract-ART000863192,human,human,human,319
D04920.docx,batch01,abstract-ART000887091,human,human,human,929
D04921.docx,batch01,abstract-ART000858721,human,human,human,982
D04922.docx,batch01,abstract-ART000906519,human,human,human,703
D04923.docx,batch01,abstract-ART000863213,human,human,human,437
D04924.docx,batch01,abstract-ART000905609,human,human,human,467
D04925.docx,batch01,abstract-ART000895529,human,human,human,540
D04926.docx,batch01,abstract-ART000859444,human,human,human,586
D04927.docx,batch01,abstract-ART000876542,human,human,human,444
D04928.docx,batch01,abstract-ART000905860,human,human,human,763
D04929.docx,batch01,abstract-ART000903094,human,human,human,345
D04930.docx,batch01,abstract-ART001914144,human,human,human,911
D04931.docx,batch01,abstract-ART000861144,human,human,human,758
D04932.docx,batch01,abstract-ART001917110,human,human,human,519
D04933.docx,batch01,abstract-ART000856550,human,human,human,447
D04934.docx,batch01,abstract-ART000867290,human,human,human,363
D04935.docx,batch01,abstract-ART000900079,human,human,human,704
D04936.docx,batch01,abstract-ART000861030,human,human,human,604
D04937.docx,batch01,abstract-ART000899436,human,human,human,848
D04938.docx,batch01,abstract-ART000902968,human,human,human,415
D04939.docx,batch01,abstract-ART000858262,human,human,human,701
D04940.docx,batch01,abstract-ART000891631,human,human,human,679
D04941.docx,batch01,abstract-ART001464003,human,human,human,390
D04942.docx,batch01,abstract-ART000852808,human,human,human,420
D04943.docx,batch01,abstract-ART001886980,human,human,human,804
D04944.docx,batch01,abstract-ART000905240,human,human,human,577
D04945.docx,batch01,abstract-ART000890643,human,human,human,613
D04946.docx,batch01,abstract-ART000864277,human,human,human,984
D04947.docx,batch01,abstract-ART000863277,human,human,human,421
D04948.docx,batch01,abstract-ART000900077,human,human,human,843
D04949.docx,batch01,abstract-ART001942985,human,human,human,730
D04950.docx,batch01,abstract-ART000896072,human,human,human,721
D04951.docx,batch01,abstract-ART002063537,human,human,human,955
D04952.docx,batch01,abstract-ART000888873,human,human,human,321
D04953.docx,batch01,abstract-ART000875411,human,human,human,499
D04954.docx,batch01,abstract-ART000869973,human,human,human,965
D04955.docx,batch01,abstract-ART000865309,human,human,human,576
D04956.docx,batch01,abstract-ART000857910,human,human,human,792
D04957.docx,batch01,abstract-ART000905164,human,human,human,611
D04958.docx,batch01,abstract-ART000892392,human,human,human,629
D04959.docx,batch01,abstract-ART000889545,human,human,human,672
D04960.docx,batch01,abstract-ART000905862,human,human,human,890
D04961.docx,batch01,abstract-ART000905210,human,human,human,623
D04962.docx,batch01,abstract-ART000881789,human,human,human,673
D04963.docx,batch01,abstract-ART000901649,human,human,human,485
D04964.docx,batch01,abstract-ART000851866,human,human,human,637
D04965.docx,batch01,abstract-ART000902251,human,human,human,644
D04966.docx,batch01,abstract-ART000890250,human,human,human,520
D04967.docx,batch01,abstract-ART000893128,human,human,human,864
D04968.docx,batch01,abstract-ART000905960,human,human,human,662
D04969.docx,batch01,abstract-ART001655376,human,human,human,838
D04970.docx,batch01,abstract-ART000879765,human,human,human,450
D04971.docx,batch01,abstract-ART001939122,human,human,human,755
D04972.docx,batch01,abstract-ART000879977,human,human,human,363
D04973.docx,batch01,abstract-ART001834316,human,human,human,422
D04974.docx,batch01,abstract-ART001509907,human,human,human,699
D04975.docx,batch01,abstract-ART000852794,human,human,human,556
D04976.docx,batch01,abstract-ART000902250,human,human,human,621
D04977.docx,batch01,abstract-ART000898045,human,human,human,850
D04978.docx,batch01,abstract-ART000863138,human,human,human,358
D04979.docx,batch01,abstract-ART000906259,human,human,human,516
D04980.docx,batch01,abstract-ART000904798,human,human,human,397
D04981.docx,batch01,abstract-ART000898554,human,human,human,411
D04982.docx,batch01,abstract-ART000869483,human,human,human,588
D04983.docx,batch01,abstract-ART000863078,human,human,human,505
D04984.docx,batch01,abstract-ART000896228,human,human,human,356
D04985.docx,batch01,abstract-ART000858585,human,human,human,685
D04986.docx,batch01,abstract-ART001445714,human,human,human,540
D04987.docx,batch01,abstract-ART000899450,human,human,human,349
D04988.docx,batch01,abstract-ART000881463,human,human,human,972
D04989.docx,batch01,abstract-ART000904702,human,human,human,810
D04990.docx,batch01,abstract-ART000885960,human,human,human,565
D04991.docx,batch01,abstract-ART000861616,human,human,human,574
D04992.docx,batch01,abstract-ART001272823,human,human,human,1091
D04993.docx,batch01,abstract-ART001871286,human,human,human,508
D04994.docx,batch01,abstract-ART002209600,human,human,human,728
D04995.docx,batch01,abstract-ART000905861,human,human,human,561
D04996.docx,batch01,abstract-ART001563940,human,human,human,919
D04997.docx,batch01,abstract-ART000868400,human,human,human,768
D04998.docx,batch01,abstract-ART000864629,human,human,human,356
D04999.docx,batch01,abstract-ART001746080,human,human,human,850
D05000.docx,batch01,abstract-ART000902575,human,human,human,331
D05001.docx,batch01,abstract-ART000881248,human,human,human,429
D05002.docx,batch01,abstract-ART000885214,human,human,human,662
D05003.docx,batch01,abstract-ART000896325,human,human,human,306
D05004.docx,batch01,abstract-ART000902050,human,human,human,987
D05005.docx,batch01,abstract-ART000852535,human,human,human,481
D05006.docx,batch01,abstract-ART000857996,human,human,human,1067
D05007.docx,batch01,abstract-ART000892526,human,human,human,693
D05008.docx,batch01,abstract-ART000896540,human,human,human,539
D05009.docx,batch01,abstract-ART000894529,human,human,human,453
D05010.docx,batch01,abstract-ART000899360,human,human,human,613
D05011.docx,batch01,abstract-ART000902099,human,human,human,343
D05012.docx,batch01,abstract-ART000899341,human,human,human,466
D05013.docx,batch01,abstract-ART002507149,human,human,human,673
D05014.docx,batch01,abstract-ART000863118,human,human,human,447
D05015.docx,batch01,abstract-ART000875313,human,human,human,349
D05016.docx,batch01,abstract-ART000896156,human,human,human,441
D05017.docx,batch01,abstract-ART000877100,human,human,human,484
D05018.docx,batch01,abstract-ART000880660,human,human,human,534
D05019.docx,batch01,abstract-ART000857039,human,human,human,751
D05020.docx,batch01,abstract-ART002176109,human,human,human,723
D05021.docx,batch01,abstract-ART000876016,human,human,human,462
D05022.docx,batch01,abstract-ART000885956,human,human,human,329
D05023.docx,batch01,abstract-ART000881391,human,human,human,738
D05024.docx,batch01,abstract-ART000881874,human,human,human,533
D05025.docx,batch01,abstract-ART000879183,human,human,human,788
D05026.docx,batch01,abstract-ART000864661,human,human,human,813
D05027.docx,batch01,abstract-ART000863991,human,human,human,339
D05028.docx,batch01,abstract-ART000852012,human,human,human,535
D05029.docx,batch01,abstract-ART000880044,human,human,human,326
D05030.docx,batch01,abstract-ART000877515,human,human,human,526
D05031.docx,batch01,abstract-ART000863615,human,human,human,313
D05032.docx,batch01,abstract-ART000854867,human,human,human,520
D05033.docx,batch01,abstract-ART000856304,human,human,human,407
D05034.docx,batch01,abstract-ART000876989,human,human,human,441
D05035.docx,batch01,abstract-ART000900927,human,human,human,472
D05036.docx,batch01,abstract-ART000903413,human,human,human,381
D05037.docx,batch01,abstract-ART000852319,human,human,human,708
D05038.docx,batch01,abstract-ART000879687,human,human,human,701
D05039.docx,batch01,abstract-ART000895383,human,human,human,483
D05040.docx,batch01,abstract-ART000892093,human,human,human,961
D05041.docx,batch01,abstract-ART000893672,human,human,human,355
D05042.docx,batch01,abstract-ART000899359,human,human,human,493
D05043.docx,batch01,abstract-ART000892974,human,human,human,737
D05044.docx,batch01,abstract-ART000850844,human,human,human,608
D05045.docx,batch01,abstract-ART000905160,human,human,human,546
D05046.docx,batch01,abstract-ART000868523,human,human,human,596
D05047.docx,batch01,abstract-ART000895620,human,human,human,406
D05048.docx,batch01,abstract-ART000897461,human,human,human,725
D05049.docx,batch01,abstract-ART000864366,human,human,human,1034
D05050.docx,batch01,abstract-ART002226296,human,human,human,501
D05051.docx,batch01,abstract-ART000861027,human,human,human,1071
D05052.docx,batch01,abstract-ART000864581,human,human,human,726
D05053.docx,batch01,abstract-ART002002267,human,human,human,820
D05054.docx,batch01,abstract-ART000861229,human,human,human,515
D05055.docx,batch01,abstract-ART000892892,human,human,human,401
D05056.docx,batch01,abstract-ART000855392,human,human,human,555
D05057.docx,batch01,abstract-ART000905728,human,human,human,527
D05058.docx,batch01,abstract-ART000869478,human,human,human,997
D05059.docx,batch01,abstract-ART002483683,human,human,human,999
D05060.docx,batch01,abstract-ART000880295,human,human,human,376
D05061.docx,batch01,abstract-ART000861502,human,human,human,544
D05062.docx,batch01,abstract-ART000877322,human,human,human,824
D05063.docx,batch01,abstract-ART000866103,human,human,human,322
D05064.docx,batch01,abstract-ART000893381,human,human,human,884
D05065.docx,batch01,abstract-ART000903387,human,human,human,811
D05066.docx,batch01,abstract-ART000905345,human,human,human,567
D05067.docx,batch01,abstract-ART000850845,human,human,human,671
D05068.docx,batch01,abstract-ART000884050,human,human,human,1197
D05069.docx,batch01,abstract-ART000850962,human,human,human,615
D05070.docx,batch01,abstract-ART000877064,human,human,human,671
D05071.docx,batch01,abstract-ART000861121,human,human,human,827
D05072.docx,batch01,abstract-ART001343480,human,human,human,520
D05073.docx,batch01,abstract-ART000881956,human,human,human,687
D05074.docx,batch01,abstract-ART000875405,human,human,human,588
D05075.docx,batch01,abstract-ART002442175,human,human,human,718
D05076.docx,batch01,abstract-ART000873552,human,human,human,439
D05077.docx,batch01,abstract-ART000892734,human,human,human,429
D05078.docx,batch01,abstract-ART000905686,human,human,human,574
D05079.docx,batch01,abstract-ART000854192,human,human,human,510
D05080.docx,batch01,abstract-ART000852542,human,human,human,412
D05081.docx,batch01,abstract-ART000855627,human,human,human,472
D05082.docx,batch01,abstract-ART000897669,human,human,human,758
D05083.docx,batch01,abstract-ART000866110,human,human,human,706
D05084.docx,batch01,abstract-ART000904766,human,human,human,740
D05085.docx,batch01,abstract-ART000877186,human,human,human,635
D05086.docx,batch01,abstract-ART000857036,human,human,human,1051
D05087.docx,batch01,abstract-ART000881113,human,human,human,619
D05088.docx,batch01,abstract-ART000880729,human,human,human,737
D05089.docx,batch01,abstract-ART000895827,human,human,human,553
D05090.docx,batch01,abstract-ART000905608,human,human,human,475
D05091.docx,batch01,abstract-ART000868514,human,human,human,467
D05092.docx,batch01,abstract-ART001433102,human,human,human,739
D05093.docx,batch01,abstract-ART001939120,human,human,human,574
D05094.docx,batch01,abstract-ART000904409,human,human,human,303
D05095.docx,batch01,abstract-ART000900921,human,human,human,308
D05096.docx,batch01,abstract-ART000867519,human,human,human,497
D05097.docx,batch01,abstract-ART002367730,human,human,human,1060
D05098.docx,batch01,abstract-ART001930169,human,human,human,845
D05099.docx,batch01,abstract-ART000861274,human,human,human,503
D05100.docx,batch01,abstract-ART002495761,human,human,human,507
D05101.docx,batch01,abstract-ART000856088,human,human,human,535
D05102.docx,batch01,abstract-ART000902095,human,human,human,577
D05103.docx,batch01,abstract-ART001621054,human,human,human,785
D05104.docx,batch01,abstract-ART000852199,human,human,human,546
D05105.docx,batch01,abstract-ART000856019,human,human,human,652
D05106.docx,batch01,abstract-ART000900869,human,human,human,516
D05107.docx,batch01,abstract-ART000886287,human,human,human,444
D05108.docx,batch01,abstract-ART002440938,human,human,human,578
D05109.docx,batch01,abstract-ART000851635,human,human,human,443
D05110.docx,batch01,abstract-ART000900136,human,human,human,806
D05111.docx,batch01,abstract-ART000861903,human,human,human,560
D05112.docx,batch01,abstract-ART000899724,human,human,human,532
D05113.docx,batch01,abstract-ART000902520,human,human,human,628
D05114.docx,batch01,abstract-ART000902184,human,human,human,1028
D05115.docx,batch01,abstract-ART000889753,human,human,human,385
D05116.docx,batch01,abstract-ART000902590,human,human,human,569
D05117.docx,batch01,abstract-ART000869488,human,human,human,363
D05118.docx,batch01,abstract-ART000856393,human,human,human,548
D05119.docx,batch01,abstract-ART000889550,human,human,human,476
D05120.docx,batch01,abstract-ART000881227,human,human,human,1004
D05121.docx,batch01,abstract-ART000881026,human,human,human,607
D05122.docx,batch01,abstract-ART000875783,human,human,human,544
D05123.docx,batch01,abstract-ART000870153,human,human,human,820
D05124.docx,batch01,abstract-ART001918301,human,human,human,636
D05125.docx,batch01,abstract-ART000895462,human,human,human,714
D05126.docx,batch01,abstract-ART000888933,human,human,human,469
D05127.docx,batch01,abstract-ART001746661,human,human,human,471
D05128.docx,batch01,abstract-ART000861048,human,human,human,607
D05129.docx,batch01,abstract-ART001578878,human,human,human,879
D05130.docx,batch01,abstract-ART000905485,human,human,human,328
D05131.docx,batch01,abstract-ART000902819,human,human,human,398
D05132.docx,batch01,abstract-ART000863718,human,human,human,485
D05133.docx,batch01,abstract-ART000893120,human,human,human,402
D05134.docx,batch01,abstract-ART000908019,human,human,human,711
D05135.docx,batch01,abstract-ART002123977,human,human,human,446
D05136.docx,batch01,abstract-ART000863199,human,human,human,757
D05137.docx,batch01,abstract-ART000865055,human,human,human,569
D05138.docx,batch01,abstract-ART000861079,human,human,human,569
D05139.docx,batch01,abstract-ART000864755,human,human,human,318
D05140.docx,batch01,abstract-ART000866797,human,human,human,867
D05141.docx,batch01,abstract-ART000905408,human,human,human,328
D05142.docx,batch01,abstract-ART000875035,human,human,human,684
D05143.docx,batch01,abstract-ART000858660,human,human,human,646
D05144.docx,batch01,abstract-ART000890329,human,human,human,528
D05145.docx,batch01,abstract-ART000863065,human,human,human,551
D05146.docx,batch01,abstract-ART000894101,human,human,human,406
D05147.docx,batch01,abstract-ART001950621,human,human,human,694
D05148.docx,batch01,abstract-ART000900158,human,human,human,715
D05149.docx,batch01,abstract-ART000895447,human,human,human,598
D05150.docx,batch01,abstract-ART000869569,human,human,human,732
D05151.docx,batch01,abstract-ART001915180,human,human,human,748
D05152.docx,batch01,abstract-ART002408134,human,human,human,627
D05153.docx,batch01,abstract-ART000883399,human,human,human,619
D05154.docx,batch01,abstract-ART000861205,human,human,human,503
D05155.docx,batch01,abstract-ART000869332,human,human,human,426
D05156.docx,batch01,abstract-ART000861905,human,human,human,563
D05157.docx,batch01,abstract-ART000867754,human,human,human,369
D05158.docx,batch01,abstract-ART000861622,human,human,human,745
D05159.docx,batch01,abstract-ART000868416,human,human,human,932
D05160.docx,batch01,abstract-ART000906322,human,human,human,841
D05161.docx,batch01,abstract-ART000895630,human,human,human,966
D05162.docx,batch01,abstract-ART000891085,human,human,human,919
D05163.docx,batch01,abstract-ART000888574,human,human,human,742
D05164.docx,batch01,abstract-ART000869553,human,human,human,441
D05165.docx,batch01,abstract-ART000860721,human,human,human,544
D05166.docx,batch01,abstract-ART000887443,human,human,human,531
D05167.docx,batch01,abstract-ART002022682,human,human,human,666
D05168.docx,batch01,abstract-ART000889370,human,human,human,425
D05169.docx,batch01,abstract-ART000907358,human,human,human,367
D05170.docx,batch01,abstract-ART000852013,human,human,human,454
D05171.docx,batch01,abstract-ART000868084,human,human,human,591
D05172.docx,batch01,abstract-ART000864486,human,human,human,544
D05173.docx,batch01,abstract-ART000877099,human,human,human,374
D05174.docx,batch01,abstract-ART000889433,human,human,human,1025
D05175.docx,batch01,abstract-ART000898936,human,human,human,667
D05176.docx,batch01,abstract-ART001753037,human,human,human,484
D05177.docx,batch01,abstract-ART000875651,human,human,human,788
D05178.docx,batch01,abstract-ART000886190,human,human,human,411
D05179.docx,batch01,abstract-ART000902357,human,human,human,508
D05180.docx,batch01,abstract-ART000896780,human,human,human,739
D05181.docx,batch01,abstract-ART000888566,human,human,human,725
D05182.docx,batch01,abstract-ART000878982,human,human,human,406
D05183.docx,batch01,abstract-ART000902843,human,human,human,482
D05184.docx,batch01,abstract-ART000906404,human,human,human,642
D05185.docx,batch01,abstract-ART000895756,human,human,human,708
D05186.docx,batch01,abstract-ART000902203,human,human,human,334
D05187.docx,batch01,abstract-ART000905828,human,human,human,330
D05188.docx,batch01,abstract-ART000889007,human,human,human,370
D05189.docx,batch01,abstract-ART000902704,human,human,human,426
D05190.docx,batch01,abstract-ART000880360,human,human,human,796
D05191.docx,batch01,abstract-ART000895558,human,human,human,517
D05192.docx,batch01,abstract-ART002541523,human,human,human,659
D05193.docx,batch01,abstract-ART000869222,human,human,human,443
D05194.docx,batch01,abstract-ART000879684,human,human,human,535
D05195.docx,batch01,abstract-ART000855228,human,human,human,322
D05196.docx,batch01,abstract-ART001445711,human,human,human,528
D05197.docx,batch01,abstract-ART000899725,human,human,human,711
D05198.docx,batch01,abstract-ART000854281,human,human,human,633
D05199.docx,batch01,abstract-ART001621267,human,human,human,708
D05200.docx,batch01,abstract-ART000907170,human,human,human,586
D05201.docx,batch01,abstract-ART000873585,human,human,human,727
D05202.docx,batch01,abstract-ART000888497,human,human,human,319
D05203.docx,batch01,abstract-ART000860333,human,human,human,597
D05204.docx,batch01,abstract-ART000892597,human,human,human,650
D05205.docx,batch01,abstract-ART000862109,human,human,human,797
D05206.docx,batch01,abstract-ART000904788,human,human,human,528
D05207.docx,batch01,abstract-ART000900854,human,human,human,583
D05208.docx,batch01,abstract-ART000858577,human,human,human,814
D05209.docx,batch01,abstract-ART000902880,human,human,human,616
D05210.docx,batch01,abstract-ART002223699,human,human,human,728
D05211.docx,batch01,abstract-ART000869226,human,human,human,471
D05212.docx,batch01,abstract-ART000889390,human,human,human,407
D05213.docx,batch01,abstract-ART000893752,human,human,human,573
D05214.docx,batch01,abstract-ART001550977,human,human,human,801
D05215.docx,batch01,abstract-ART000903134,human,human,human,472
D05216.docx,batch01,abstract-ART000869476,human,human,human,788
D05217.docx,batch01,abstract-ART000863370,human,human,human,404
D05218.docx,batch01,abstract-ART000896510,human,human,human,612
D05219.docx,batch01,abstract-ART000880048,human,human,human,368
D05220.docx,batch01,abstract-ART000864293,human,human,human,374
D05221.docx,batch01,abstract-ART000852635,human,human,human,336
D05222.docx,batch01,abstract-ART000882370,human,human,human,753
D05223.docx,batch01,abstract-ART000888871,human,human,human,833
D05224.docx,batch01,abstract-ART002021271,human,human,human,585
D05225.docx,batch01,abstract-ART000893220,human,human,human,980
D05226.docx,batch01,abstract-ART000889756,human,human,human,394
D05227.docx,batch01,abstract-ART001735922,human,human,human,778
D05228.docx,batch01,abstract-ART000902086,human,human,human,520
D05229.docx,batch01,abstract-ART000857903,human,human,human,1069
D05230.docx,batch01,abstract-ART000877095,human,human,human,721
D05231.docx,batch01,abstract-ART000897667,human,human,human,734
D05232.docx,batch01,abstract-ART000863309,human,human,human,465
D05233.docx,batch01,abstract-ART000907171,human,human,human,682
D05234.docx,batch01,abstract-ART000865178,human,human,human,575
D05235.docx,batch01,abstract-ART001557876,human,human,human,561
D05236.docx,batch01,abstract-ART000861762,human,human,human,753
D05237.docx,batch01,abstract-ART000859643,human,human,human,717
D05238.docx,batch01,abstract-ART001516396,human,human,human,794
D05239.docx,batch01,abstract-ART000863551,human,human,human,487
D05240.docx,batch01,abstract-ART000898446,human,human,human,1041
D05241.docx,batch01,abstract-ART000903376,human,human,human,499
D05242.docx,batch01,abstract-ART000908031,human,human,human,469
D05243.docx,batch01,abstract-ART000903312,human,human,human,366
D05244.docx,batch01,abstract-ART000851282,human,human,human,333
D05245.docx,batch01,abstract-ART000855976,human,human,human,861
D05246.docx,batch01,abstract-ART000868121,human,human,human,929
D05247.docx,batch01,abstract-ART000898989,human,human,human,766
D05248.docx,batch01,abstract-ART000864627,human,human,human,520
D05249.docx,batch01,abstract-ART000899517,human,human,human,1124
D05250.docx,batch01,abstract-ART000861196,human,human,human,585
D05251.docx,batch01,abstract-ART000891080,human,human,human,536
D05252.docx,batch01,abstract-ART000873579,human,human,human,950
D05253.docx,batch01,abstract-ART000869411,human,human,human,326
D05254.docx,batch01,abstract-ART000903356,human,human,human,463
D05255.docx,batch01,abstract-ART000858856,human,human,human,898
D05256.docx,batch01,abstract-ART000898040,human,human,human,796
D05257.docx,batch01,abstract-ART000902315,human,human,human,486
D05258.docx,batch01,abstract-ART000881699,human,human,human,338
D05259.docx,batch01,abstract-ART000877327,human,human,human,458
D05260.docx,batch01,abstract-ART001942446,human,human,human,645
D05261.docx,batch01,abstract-ART000903209,human,human,human,310
D05262.docx,batch01,abstract-ART000852144,human,human,human,437
D05263.docx,batch01,abstract-ART000875928,human,human,human,468
D05264.docx,batch01,abstract-ART000896456,human,human,human,316
D05265.docx,batch01,abstract-ART000852552,human,human,human,589
D05266.docx,batch01,abstract-ART000856300,human,human,human,694
D05267.docx,batch01,abstract-ART000891874,human,human,human,436
D05268.docx,batch01,abstract-ART000900425,human,human,human,589
D05269.docx,batch01,abstract-ART000864118,human,human,human,521
D05270.docx,batch01,abstract-ART000900263,human,human,human,318
D05271.docx,batch01,abstract-ART000876913,human,human,human,451
D05272.docx,batch01,abstract-ART000880367,human,human,human,536
D05273.docx,batch01,abstract-ART000903073,human,human,human,373
D05274.docx,batch01,abstract-ART000896383,human,human,human,307
D05275.docx,batch01,abstract-ART000894212,human,human,human,440
D05276.docx,batch01,abstract-ART001714144,human,human,human,920
D05277.docx,batch01,abstract-ART002408150,human,human,human,578
D05278.docx,batch01,abstract-ART000864660,human,human,human,447
D05279.docx,batch01,abstract-ART000885361,human,human,human,805
D05280.docx,batch01,abstract-ART000888453,human,human,human,555
D05281.docx,batch01,abstract-ART002298935,human,human,human,709
D05282.docx,batch01,abstract-ART002002331,human,human,human,568
D05283.docx,batch01,abstract-ART000873010,human,human,human,735
D05284.docx,batch01,abstract-ART001620407,human,human,human,394
D05285.docx,batch01,abstract-ART000891887,human,human,human,359
D05286.docx,batch01,abstract-ART000901529,human,human,human,433
D05287.docx,batch01,abstract-ART000863084,human,human,human,462
D05288.docx,batch01,abstract-ART002032746,human,human,human,788
D05289.docx,batch01,abstract-ART000903054,human,human,human,397
D05290.docx,batch01,abstract-ART000854096,human,human,human,433
D05291.docx,batch01,abstract-ART000895553,human,human,human,452
D05292.docx,batch01,abstract-ART000874476,human,human,human,1032
D05293.docx,batch01,abstract-ART000898630,human,human,human,358
D05294.docx,batch01,abstract-ART000903492,human,human,human,454
D05295.docx,batch01,abstract-ART000892613,human,human,human,488
D05296.docx,batch01,abstract-ART001548213,human,human,human,545
D05297.docx,batch01,abstract-ART000885496,human,human,human,517
D05298.docx,batch01,abstract-ART000862170,human,human,human,432
D05299.docx,batch01,abstract-ART000862171,human,human,human,477
D05300.docx,batch01,abstract-ART000877416,human,human,human,365
D05301.docx,batch01,abstract-ART000889515,human,human,human,1124
D05302.docx,batch01,abstract-ART000872197,human,human,human,373
D05303.docx,batch01,abstract-ART000881868,human,human,human,1096
D05304.docx,batch01,abstract-ART000856097,human,human,human,497
D05305.docx,batch01,abstract-ART000885308,human,human,human,587
D05306.docx,batch01,abstract-ART000888136,human,human,human,816
D05307.docx,batch01,abstract-ART000880805,human,human,human,534
D05308.docx,batch01,abstract-ART000862081,human,human,human,343
D05309.docx,batch01,abstract-ART000906077,human,human,human,494
D05310.docx,batch01,abstract-ART000901735,human,human,human,781
D05311.docx,batch01,abstract-ART000881955,human,human,human,546
D05312.docx,batch01,abstract-ART000871797,human,human,human,881
D05313.docx,batch01,abstract-ART000885400,human,human,human,499
D05314.docx,batch01,abstract-ART000901878,human,human,human,514
D05315.docx,batch01,abstract-ART000875644,human,human,human,555
D05316.docx,batch01,abstract-ART002002396,human,human,human,627
D05317.docx,batch01,abstract-ART000885042,human,human,human,1022
D05318.docx,batch01,abstract-ART002451644,human,human,human,445
D05319.docx,batch01,abstract-ART000885500,human,human,human,715
D05320.docx,batch01,abstract-ART000905552,human,human,human,772
D05321.docx,batch01,abstract-ART000868194,human,human,human,847
D05322.docx,batch01,abstract-ART000856295,human,human,human,508
D05323.docx,batch01,abstract-ART000879156,human,human,human,441
D05324.docx,batch01,abstract-ART000905607,human,human,human,318
D05325.docx,batch01,abstract-ART000895891,human,human,human,891
D05326.docx,batch01,abstract-ART000896013,human,human,human,474
D05327.docx,batch01,abstract-ART000867417,human,human,human,963
D05328.docx,batch01,abstract-ART000856063,human,human,human,1050
D05329.docx,batch01,abstract-ART002061514,human,human,human,764
D05330.docx,batch01,abstract-ART000875852,human,human,human,837
D05331.docx,batch01,abstract-ART000873229,human,human,human,433
D05332.docx,batch01,abstract-ART000850961,human,human,human,533
D05333.docx,batch01,abstract-ART000871984,human,human,human,1048
D05334.docx,batch01,abstract-ART000878287,human,human,human,474
D05335.docx,batch01,abstract-ART000863560,human,human,human,353
D05336.docx,batch01,abstract-ART000877182,human,human,human,498
D05337.docx,batch01,abstract-ART000880869,human,human,human,591
D05338.docx,batch01,abstract-ART000892550,human,human,human,410
D05339.docx,batch01,abstract-ART000888618,human,human,human,876
D05340.docx,batch01,abstract-ART002000392,human,human,human,776
D05341.docx,batch01,abstract-ART000906325,human,human,human,488
D05342.docx,batch01,abstract-ART000879090,human,human,human,483
D05343.docx,batch01,abstract-ART000863214,human,human,human,685
D05344.docx,batch01,abstract-ART002032201,human,human,human,436
D05345.docx,batch01,abstract-ART000880134,human,human,human,362
D05346.docx,batch01,abstract-ART001746085,human,human,human,1001
D05347.docx,batch01,abstract-ART000852640,human,human,human,571
D05348.docx,batch01,abstract-ART000878919,human,human,human,972
D05349.docx,batch01,abstract-ART000902755,human,human,human,428
D05350.docx,batch01,abstract-ART000874753,human,human,human,434
D05351.docx,batch01,abstract-ART001506880,human,human,human,624
D05352.docx,batch01,abstract-ART000881937,human,human,human,1065
D05353.docx,batch01,abstract-ART000904021,human,human,human,703
D05354.docx,batch01,abstract-ART000900616,human,human,human,379
D05355.docx,batch01,abstract-ART002407404,human,human,human,525
D05356.docx,batch01,abstract-ART000875846,human,human,human,753
D05357.docx,batch01,abstract-ART000880941,human,human,human,551
D05358.docx,batch01,abstract-ART000904970,human,human,human,435
D05359.docx,batch01,abstract-ART002093421,human,human,human,563
D05360.docx,batch01,abstract-ART000880330,human,human,human,561
D05361.docx,batch01,abstract-ART000899958,human,human,human,472
D05362.docx,batch01,abstract-ART000901086,human,human,human,482
D05363.docx,batch01,abstract-ART000884989,human,human,human,765
D05364.docx,batch01,abstract-ART000869975,human,human,human,810
D05365.docx,batch01,abstract-ART000887186,human,human,human,360
D05366.docx,batch01,abstract-ART000890333,human,human,human,775
D05367.docx,batch01,abstract-ART000871719,human,human,human,503
D05368.docx,batch01,abstract-ART000863632,human,human,human,561
D05369.docx,batch01,abstract-ART002147929,human,human,human,435
D05370.docx,batch01,abstract-ART000906612,human,human,human,577
D05371.docx,batch01,abstract-ART000863791,human,human,human,429
D05372.docx,batch01,abstract-ART001517049,human,human,human,376
D05373.docx,batch01,abstract-ART000895481,human,human,human,537
D05374.docx,batch01,abstract-ART000852626,human,human,human,607
D05375.docx,batch01,abstract-ART000851307,human,human,human,921
D05376.docx,batch01,abstract-ART000855396,human,human,human,812
D05377.docx,batch01,abstract-ART000888817,human,human,human,710
D05378.docx,batch01,abstract-ART000905806,human,human,human,534
D05379.docx,batch01,abstract-ART000894618,human,human,human,534
D05380.docx,batch01,abstract-ART000852345,human,human,human,990
D05381.docx,batch01,abstract-ART000852095,human,human,human,377
D05382.docx,batch01,abstract-ART000896631,human,human,human,600
D05383.docx,batch01,abstract-ART000885506,human,human,human,321
D05384.docx,batch01,abstract-ART000904875,human,human,human,763
D05385.docx,batch01,abstract-ART001930178,human,human,human,656
D05386.docx,batch01,abstract-ART000869085,human,human,human,314
D05387.docx,batch01,abstract-ART000894826,human,human,human,356
D05388.docx,batch01,abstract-ART000887635,human,human,human,536
D05389.docx,batch01,abstract-ART000873481,human,human,human,651
D05390.docx,batch01,abstract-ART000852428,human,human,human,599
D05391.docx,batch01,abstract-ART000896795,human,human,human,389
D05392.docx,batch01,abstract-ART000868163,human,human,human,462
D05393.docx,batch01,abstract-ART000902759,human,human,human,379
D05394.docx,batch01,abstract-ART000860373,human,human,human,620
D05395.docx,batch01,abstract-ART000864511,human,human,human,511
D05396.docx,batch01,abstract-ART000892264,human,human,human,530
D05397.docx,batch01,abstract-ART000901858,human,human,human,356
D05398.docx,batch01,abstract-ART000908113,human,human,human,444
D05399.docx,batch01,abstract-ART000853463,human,human,human,785
D05400.docx,batch01,abstract-ART000854042,human,human,human,1041
D05401.docx,batch01,abstract-ART000903133,human,human,human,594
D05402.docx,batch01,abstract-ART000864543,human,human,human,546
D05403.docx,batch01,abstract-ART000863528,human,human,human,304
D05404.docx,batch01,abstract-ART000857755,human,human,human,621
D05405.docx,batch01,abstract-ART000906332,human,human,human,390
D05406.docx,batch01,abstract-ART000895586,human,human,human,845
D05407.docx,batch01,abstract-ART000889383,human,human,human,549
D05408.docx,batch01,abstract-ART000877337,human,human,human,491
D05409.docx,batch01,abstract-ART000881759,human,human,human,650
D05410.docx,batch01,abstract-ART000874412,human,human,human,449
D05411.docx,batch01,abstract-ART000864906,human,human,human,885
D05412.docx,batch01,abstract-ART000881793,human,human,human,382
D05413.docx,batch01,abstract-ART000904866,human,human,human,415
D05414.docx,batch01,abstract-ART000872360,human,human,human,355
D05415.docx,batch01,abstract-ART002348996,human,human,human,596
D05416.docx,batch01,abstract-ART000875037,human,human,human,515
D05417.docx,batch01,abstract-ART000869481,human,human,human,830
D05418.docx,batch01,abstract-ART000867201,human,human,human,320
D05419.docx,batch01,abstract-ART000857963,human,human,human,781
D05420.docx,batch01,abstract-ART000869714,human,human,human,610
D05421.docx,batch01,abstract-ART000855463,human,human,human,1008
D05422.docx,batch01,abstract-ART000875652,human,human,human,487
D05423.docx,batch01,abstract-ART000901117,human,human,human,934
D05424.docx,batch01,abstract-ART000859131,human,human,human,607
D05425.docx,batch01,abstract-ART000851219,human,human,human,726
D05426.docx,batch01,abstract-ART000855981,human,human,human,908
D05427.docx,batch01,abstract-ART000895510,human,human,human,584
D05428.docx,batch01,abstract-ART001339224,human,human,human,493
D05429.docx,batch01,abstract-ART002525680,human,human,human,582
D05430.docx,batch01,abstract-ART000851564,human,human,human,332
D05431.docx,batch01,abstract-ART000901115,human,human,human,954
D05432.docx,batch01,abstract-ART000881405,human,human,human,830
D05433.docx,batch01,abstract-ART000888512,human,human,human,443
D05434.docx,batch01,abstract-ART000885762,human,human,human,366
D05435.docx,batch01,abstract-ART000897198,human,human,human,493
D05436.docx,batch01,abstract-ART000908184,human,human,human,502
D05437.docx,batch01,abstract-ART000852265,human,human,human,1172
D05438.docx,batch01,abstract-ART000880949,human,human,human,459
D05439.docx,batch01,abstract-ART000889094,human,human,human,467
D05440.docx,batch01,abstract-ART000875106,human,human,human,477
D05441.docx,batch01,abstract-ART000853137,human,human,human,557
D05442.docx,batch01,abstract-ART000858050,human,human,human,468
D05443.docx,batch01,abstract-ART000878865,human,human,human,813
D05444.docx,batch01,abstract-ART001223135,human,human,human,448
D05445.docx,batch01,abstract-ART002494520,human,human,human,490
D05446.docx,batch01,abstract-ART002446557,human,human,human,570
D05447.docx,batch01,abstract-ART000895375,human,human,human,576
D05448.docx,batch01,abstract-ART000868501,human,human,human,975
D05449.docx,batch01,abstract-ART001621282,human,human,human,315
D05450.docx,batch01,abstract-ART000853980,human,human,human,508
D05451.docx,batch01,abstract-ART000873225,human,human,human,385
D05452.docx,batch01,abstract-ART000904793,human,human,human,417
D05453.docx,batch01,abstract-ART000852030,human,human,human,681
D05454.docx,batch01,abstract-ART001795686,human,human,human,667
D05455.docx,batch01,abstract-ART000881224,human,human,human,558
D05456.docx,batch01,abstract-ART002551569,human,human,human,683
D05457.docx,batch01,abstract-ART000860995,human,human,human,491
D05458.docx,batch01,abstract-ART000893245,human,human,human,314
D05459.docx,batch01,abstract-ART000888412,human,human,human,426
D05460.docx,batch01,abstract-ART000860891,human,human,human,644
D05461.docx,batch01,abstract-ART000904950,human,human,human,680
D05462.docx,batch01,abstract-ART000872156,human,human,human,519
D05463.docx,batch01,abstract-ART000896626,human,human,human,545
D05464.docx,batch01,abstract-ART000864195,human,human,human,799
D05465.docx,batch01,abstract-ART000903024,human,human,human,502
D05466.docx,batch01,abstract-ART000852644,human,human,human,480
D05467.docx,batch01,abstract-ART000878891,human,human,human,486
D05468.docx,batch01,abstract-ART000876907,human,human,human,830
D05469.docx,batch01,abstract-ART000869219,human,human,human,583
D05470.docx,batch01,abstract-ART000889449,human,human,human,792
D05471.docx,batch01,abstract-ART001514123,human,human,human,600
D05472.docx,batch01,abstract-ART000880668,human,human,human,648
D05473.docx,batch01,abstract-ART000861072,human,human,human,564
D05474.docx,batch01,abstract-ART000864464,human,human,human,478
D05475.docx,batch01,abstract-ART000899723,human,human,human,485
D05476.docx,batch01,abstract-ART000882368,human,human,human,921
D05477.docx,batch01,abstract-ART000875768,human,human,human,451
D05478.docx,batch01,abstract-ART000874466,human,human,human,758
D05479.docx,batch01,abstract-ART000869620,human,human,human,378
D05480.docx,batch01,abstract-ART000864513,human,human,human,649
D05481.docx,batch01,abstract-ART000902227,human,human,human,508
D05482.docx,batch01,abstract-ART000889091,human,human,human,306
D05483.docx,batch01,abstract-ART000887415,human,human,human,666
D05484.docx,batch01,abstract-ART002254611,human,human,human,582
D05485.docx,batch01,abstract-ART000896860,human,human,human,327
D05486.docx,batch01,abstract-ART000886667,human,human,human,1170
D05487.docx,batch01,abstract-ART000886968,human,human,human,448
D05488.docx,batch01,abstract-ART000867490,human,human,human,350
D05489.docx,batch01,abstract-ART000905312,human,human,human,450
D05490.docx,batch01,abstract-ART000861038,human,human,human,910
D05491.docx,batch01,abstract-ART000893696,human,human,human,891
D05492.docx,batch01,abstract-ART000879113,human,human,human,426
D05493.docx,batch01,abstract-ART000883943,human,human,human,434
D05494.docx,batch01,abstract-ART000899778,human,human,human,803
D05495.docx,batch01,abstract-ART000905419,human,human,human,314
D05496.docx,batch01,abstract-ART001606082,human,human,human,698
D05497.docx,batch01,abstract-ART001991577,human,human,human,367
D05498.docx,batch01,abstract-ART000903000,human,human,human,313
D05499.docx,batch01,abstract-ART000888514,human,human,human,378
D05500.docx,batch01,abstract-ART000853384,human,human,human,620
D05501.docx,batch01,abstract-ART000854198,human,human,human,644
D05502.docx,batch01,abstract-ART000905484,human,human,human,388
D05503.docx,batch01,abstract-ART000902174,human,human,human,396
D05504.docx,batch01,abstract-ART001368793,human,human,human,679
D05505.docx,batch01,abstract-ART000852041,human,human,human,432
D05506.docx,batch01,abstract-ART000864738,human,human,human,510
D05507.docx,batch01,abstract-ART000884170,human,human,human,826
D05508.docx,batch01,abstract-ART000904865,human,human,human,396
D05509.docx,batch01,abstract-ART000850841,human,human,human,448
D05510.docx,batch01,abstract-ART000875771,human,human,human,355
D05511.docx,batch01,abstract-ART001669834,human,human,human,616
D05512.docx,batch01,abstract-ART000869413,human,human,human,642
D05513.docx,batch01,abstract-ART000905775,human,human,human,394
D05514.docx,batch01,abstract-ART000860338,human,human,human,568
D05515.docx,batch01,abstract-ART000870016,human,human,human,918
D05516.docx,batch01,abstract-ART000872114,human,human,human,1083
D05517.docx,batch01,abstract-ART000889093,human,human,human,530
D05518.docx,batch01,abstract-ART001517040,human,human,human,414
D05519.docx,batch01,abstract-ART000905077,human,human,human,454
D05520.docx,batch01,abstract-ART000903562,human,human,human,708
D05521.docx,batch01,abstract-ART000851864,human,human,human,591
D05522.docx,batch01,abstract-ART000875323,human,human,human,366
D05523.docx,batch01,abstract-ART000907177,human,human,human,482
D05524.docx,batch01,abstract-ART002147930,human,human,human,772
D05525.docx,batch01,abstract-ART001403654,human,human,human,623
D05526.docx,batch01,abstract-ART000903355,human,human,human,876
D05527.docx,batch01,abstract-ART000883400,human,human,human,588
D05528.docx,batch01,abstract-ART000903383,human,human,human,489
D05529.docx,batch01,abstract-ART000872849,human,human,human,301
D05530.docx,batch01,abstract-ART000905416,human,human,human,308
D05531.docx,batch01,abstract-ART000901200,human,human,human,321
D05532.docx,batch01,abstract-ART000864199,human,human,human,619
D05533.docx,batch01,abstract-ART000901741,human,human,human,388
D05534.docx,batch01,abstract-ART000880297,human,human,human,481
D05535.docx,batch01,abstract-ART000900700,human,human,human,440
D05536.docx,batch01,abstract-ART000868520,human,human,human,404
D05537.docx,batch01,abstract-ART000888740,human,human,human,426
D05538.docx,batch01,abstract-ART000875664,human,human,human,841
D05539.docx,batch01,abstract-ART000902206,human,human,human,461
D05540.docx,batch01,abstract-ART000869409,human,human,human,1022
D05541.docx,batch01,abstract-ART000888455,human,human,human,345
D05542.docx,batch01,abstract-ART000902729,human,human,human,452
D05543.docx,batch01,abstract-ART001563889,human,human,human,811
D05544.docx,batch01,abstract-ART000858235,human,human,human,432
D05545.docx,batch01,abstract-ART001804377,human,human,human,623
D05546.docx,batch01,abstract-ART000857689,human,human,human,1037
D05547.docx,batch01,abstract-ART000878290,human,human,human,434
D05548.docx,batch01,abstract-ART000892114,human,human,human,465
D05549.docx,batch01,abstract-ART000898458,human,human,human,818
D05550.docx,batch01,abstract-ART000888291,human,human,human,488
D05551.docx,batch01,abstract-ART000896544,human,human,human,465
D05552.docx,batch01,abstract-ART000876807,human,human,human,679
D05553.docx,batch01,abstract-ART000889856,human,human,human,822
D05554.docx,batch01,abstract-ART001310652,human,human,human,874
D05555.docx,batch01,abstract-ART000889932,human,human,human,450
D05556.docx,batch01,abstract-ART001862685,human,human,human,743
D05557.docx,batch01,abstract-ART000884052,human,human,human,516
D05558.docx,batch01,abstract-ART000896948,human,human,human,565
D05559.docx,batch01,abstract-ART000896153,human,human,human,485
D05560.docx,batch01,abstract-ART000868457,human,human,human,793
D05561.docx,batch01,abstract-ART001938087,human,human,human,606
D05562.docx,batch01,abstract-ART000888575,human,human,human,473
D05563.docx,batch01,abstract-ART000892692,human,human,human,538
D05564.docx,batch01,abstract-ART000852424,human,human,human,1110
D05565.docx,batch01,abstract-ART001517070,human,human,human,505
D05566.docx,batch01,abstract-ART000902427,human,human,human,662
D05567.docx,batch01,abstract-ART000892688,human,human,human,386
D05568.docx,batch01,abstract-ART000884228,human,human,human,1136
D05569.docx,batch01,abstract-ART002515698,human,human,human,485
D05570.docx,batch01,abstract-ART002019243,human,human,human,426
D05571.docx,batch01,abstract-ART000896785,human,human,human,362
D05572.docx,batch01,abstract-ART000872135,human,human,human,823
D05573.docx,batch01,abstract-ART000879179,human,human,human,377
D05574.docx,batch01,abstract-ART000900148,human,human,human,586
D05575.docx,batch01,abstract-ART001789416,human,human,human,603
D05576.docx,batch01,abstract-ART000900367,human,human,human,345
D05577.docx,batch01,abstract-ART002147822,human,human,human,531
D05578.docx,batch01,abstract-ART000852592,human,human,human,546
D05579.docx,batch01,abstract-ART000901326,human,human,human,590
D05580.docx,batch01,abstract-ART000875410,human,human,human,388
D05581.docx,batch01,abstract-ART000903423,human,human,human,443
D05582.docx,batch01,abstract-ART000896235,human,human,human,496
D05583.docx,batch01,abstract-ART000904881,human,human,human,394
D05584.docx,batch01,abstract-ART000877424,human,human,human,369
D05585.docx,batch01,abstract-ART000906257,human,human,human,589
D05586.docx,batch01,abstract-ART000873519,human,human,human,452
D05587.docx,batch01,abstract-ART002451960,human,human,human,808
D05588.docx,batch01,abstract-ART000874603,human,human,human,472
D05589.docx,batch01,abstract-ART000895658,human,human,human,456
D05590.docx,batch01,abstract-ART002176020,human,human,human,616
D05591.docx,batch01,abstract-ART000880142,human,human,human,417
D05592.docx,batch01,abstract-ART000899350,human,human,human,796
D05593.docx,batch01,abstract-ART000900755,human,human,human,531
D05594.docx,batch01,abstract-ART000856064,human,human,human,461
D05595.docx,batch01,abstract-ART000885419,human,human,human,543
D05596.docx,batch01,abstract-ART000852555,human,human,human,530
D05597.docx,batch01,abstract-ART000852909,human,human,human,710
D05598.docx,batch01,abstract-ART000875016,human,human,human,945
D05599.docx,batch01,abstract-ART000889459,human,human,human,460
D05600.docx,batch01,abstract-ART000872899,human,human,human,601
D05601.docx,batch01,abstract-ART000892985,human,human,human,519
D05602.docx,batch01,abstract-ART000863180,human,human,human,678
D05603.docx,batch01,abstract-ART000867042,human,human,human,635
D05604.docx,batch01,abstract-ART000861621,human,human,human,395
D05605.docx,batch01,abstract-ART000884324,human,human,human,1166
D05606.docx,batch01,abstract-ART000888791,human,human,human,832
D05607.docx,batch01,abstract-ART000893958,human,human,human,376
D05608.docx,batch01,abstract-ART001513484,human,human,human,527
D05609.docx,batch01,abstract-ART000852316,human,human,human,458
D05610.docx,batch01,abstract-ART000883413,human,human,human,322
D05611.docx,batch01,abstract-ART000883995,human,human,human,366
D05612.docx,batch01,abstract-ART002040594,human,human,human,698
D05613.docx,batch01,abstract-ART000897666,human,human,human,706
D05614.docx,batch01,abstract-ART000867288,human,human,human,392
D05615.docx,batch01,abstract-ART000895448,human,human,human,413
D05616.docx,batch01,abstract-ART002541294,human,human,human,597
D05617.docx,batch01,abstract-ART000875769,human,human,human,761
D05618.docx,batch01,abstract-ART000903321,human,human,human,348
D05619.docx,batch01,abstract-ART000880515,human,human,human,479
D05620.docx,batch01,abstract-ART000885874,human,human,human,1068
D05621.docx,batch01,abstract-ART000863981,human,human,human,345
D05622.docx,batch01,abstract-ART000877417,human,human,human,375
D05623.docx,batch01,abstract-ART000878875,human,human,human,743
D05624.docx,batch01,abstract-ART000867132,human,human,human,1166
D05625.docx,batch01,abstract-ART000863195,human,human,human,482
D05626.docx,batch01,abstract-ART000853094,human,human,human,498
D05627.docx,batch01,abstract-ART000898048,human,human,human,540
D05628.docx,batch01,abstract-ART002441030,human,human,human,625
D05629.docx,batch01,abstract-ART001569998,human,human,human,628
D05630.docx,batch01,abstract-ART000881324,human,human,human,940
D05631.docx,batch01,abstract-ART000905154,human,human,human,454
D05632.docx,batch01,abstract-ART000858894,human,human,human,605
D05633.docx,batch01,abstract-ART000854663,human,human,human,421
D05634.docx,batch01,abstract-ART000883414,human,human,human,473
D05635.docx,batch01,abstract-ART000901078,human,human,human,427
D05636.docx,batch01,abstract-ART000895521,human,human,human,591
D05637.docx,batch01,abstract-ART002320051,human,human,human,1006
D05638.docx,batch01,abstract-ART000895657,human,human,human,918
D05639.docx,batch01,abstract-ART000902205,human,human,human,499
D05640.docx,batch01,abstract-ART001795683,human,human,human,684
D05641.docx,batch01,abstract-ART000900703,human,human,human,475
D05642.docx,batch01,abstract-ART000861772,human,human,human,700
D05643.docx,batch01,abstract-ART001917106,human,human,human,410
D05644.docx,batch01,abstract-ART000875015,human,human,human,1196
D05645.docx,batch01,abstract-ART000905461,human,human,human,354
D05646.docx,batch01,abstract-ART000867072,human,human,human,895
D05647.docx,batch01,abstract-ART000879694,human,human,human,690
D05648.docx,batch01,abstract-ART000906228,human,human,human,333
D05649.docx,batch01,abstract-ART000905257,human,human,human,386
D05650.docx,batch01,abstract-ART001822049,human,human,human,511
D05651.docx,batch01,abstract-ART000874561,human,human,human,567
D05652.docx,batch01,abstract-ART000885598,human,human,human,608
D05653.docx,batch01,abstract-ART000875774,human,human,human,502
D05654.docx,batch01,abstract-ART000874562,human,human,human,861
D05655.docx,batch01,abstract-ART000902992,human,human,human,345
D05656.docx,batch01,abstract-ART000861922,human,human,human,392
D05657.docx,batch01,abstract-ART000900760,human,human,human,444
D05658.docx,batch01,abstract-ART000906341,human,human,human,362
D05659.docx,batch01,abstract-ART001620397,human,human,human,493
D05660.docx,batch01,abstract-ART000894060,human,human,human,396
D05661.docx,batch01,abstract-ART000907101,human,human,human,844
D05662.docx,batch01,abstract-ART000867647,human,human,human,430
D05663.docx,batch01,abstract-ART000876825,human,human,human,594
D05664.docx,batch01,abstract-ART000900975,human,human,human,354
D05665.docx,batch01,abstract-ART000883988,human,human,human,488
D05666.docx,batch01,abstract-ART000851071,human,human,human,553
D05667.docx,batch01,abstract-ART000863706,human,human,human,568
D05668.docx,batch01,abstract-ART000879972,human,human,human,318
D05669.docx,batch01,abstract-ART002495730,human,human,human,723
D05670.docx,batch01,abstract-ART001835832,human,human,human,576
D05671.docx,batch01,abstract-ART000868102,human,human,human,376
D05672.docx,batch01,abstract-ART000888293,human,human,human,797
D05673.docx,batch01,abstract-ART000856394,human,human,human,436
D05674.docx,batch01,abstract-ART000893137,human,human,human,561
D05675.docx,batch01,abstract-ART000869159,human,human,human,569
D05676.docx,batch01,abstract-ART000896240,human,human,human,412
D05677.docx,batch01,abstract-ART002040602,human,human,human,411
D05678.docx,batch01,abstract-ART002440813,human,human,human,811
D05679.docx,batch01,abstract-ART000864657,human,human,human,933
D05680.docx,batch01,abstract-ART000906002,human,human,human,415
D05681.docx,batch01,abstract-ART000859130,human,human,human,583
D05682.docx,batch01,abstract-ART000850846,human,human,human,440
D05683.docx,batch01,abstract-ART000893601,human,human,human,453
D05684.docx,batch01,abstract-ART000901988,human,human,human,323
D05685.docx,batch01,abstract-ART000905940,human,human,human,661
D05686.docx,batch01,abstract-ART002494525,human,human,human,514
D05687.docx,batch01,abstract-ART002475416,human,human,human,705
D05688.docx,batch01,abstract-ART000868186,human,human,human,576
D05689.docx,batch01,abstract-ART001598646,human,human,human,503
D05690.docx,batch01,abstract-ART000896386,human,human,human,360
D05691.docx,batch01,abstract-ART000902718,human,human,human,616
D05692.docx,batch01,abstract-ART000896131,human,human,human,594
D05693.docx,batch01,abstract-ART000884784,human,human,human,728
D05694.docx,batch01,abstract-ART000902862,human,human,human,684
D05695.docx,batch01,abstract-ART000893139,human,human,human,445
D05696.docx,batch01,abstract-ART002495741,human,human,human,979
D05697.docx,batch01,abstract-ART001276580,human,human,human,473
D05698.docx,batch01,abstract-ART000872127,human,human,human,316
D05699.docx,batch01,abstract-ART000876996,human,human,human,482
D05700.docx,batch01,abstract-ART000895474,human,human,human,353
D05701.docx,batch01,abstract-ART000893323,human,human,human,928
D05702.docx,batch01,abstract-ART000860448,human,human,human,310
D05703.docx,batch01,abstract-ART000872260,human,human,human,349
D05704.docx,batch01,abstract-ART000901000,human,human,human,428
D05705.docx,batch01,abstract-ART000863210,human,human,human,381
D05706.docx,batch01,abstract-ART000852806,human,human,human,455
D05707.docx,batch01,abstract-ART000864467,human,human,human,666
D05708.docx,batch01,abstract-ART001692853,human,human,human,763
D05709.docx,batch01,abstract-ART000863523,human,human,human,507
D05710.docx,batch01,abstract-ART000863633,human,human,human,592
D05711.docx,batch01,abstract-ART000875780,human,human,human,470
D05712.docx,batch01,abstract-ART000872300,human,human,human,335
D05713.docx,batch01,abstract-ART000863301,human,human,human,737
D05714.docx,batch01,abstract-ART000863648,human,human,human,302
D05715.docx,batch01,abstract-ART000893686,human,human,human,489
D05716.docx,batch01,abstract-ART000851312,human,human,human,709
D05717.docx,batch01,abstract-ART000851634,human,human,human,565
D05718.docx,batch01,abstract-ART000873372,human,human,human,1146
D05719.docx,batch01,abstract-ART000850842,human,human,human,746
D05720.docx,batch01,abstract-ART000883486,human,human,human,482
D05721.docx,batch01,abstract-ART000893842,human,human,human,630
D05722.docx,batch01,abstract-ART000885408,human,human,human,832
D05723.docx,batch01,abstract-ART001872533,human,human,human,646
D05724.docx,batch01,abstract-ART000892667,human,human,human,359
D05725.docx,batch01,abstract-ART000889046,human,human,human,782
D05726.docx,batch01,abstract-ART000900224,human,human,human,766
D05727.docx,batch01,abstract-ART000888223,human,human,human,445
D05728.docx,batch01,abstract-ART001939118,human,human,human,602
D05729.docx,batch01,abstract-ART002069476,human,human,human,616
D05730.docx,batch01,abstract-ART000892683,human,human,human,649
D05731.docx,batch01,abstract-ART000899957,human,human,human,404
D05732.docx,batch01,abstract-ART000880733,human,human,human,359
D05733.docx,batch01,abstract-ART001456603,human,human,human,473
D05734.docx,batch01,abstract-ART001359630,human,human,human,643
D05735.docx,batch01,abstract-ART000900258,human,human,human,453
D05736.docx,batch01,abstract-ART001863101,human,human,human,544
D05737.docx,batch01,abstract-ART000878107,human,human,human,457
D05738.docx,batch01,abstract-ART000875654,human,human,human,676
D05739.docx,batch01,abstract-ART002141337,human,human,human,514
D05740.docx,batch01,abstract-ART000864287,human,human,human,601
D05741.docx,batch01,abstract-ART000870091,human,human,human,381
D05742.docx,batch01,abstract-ART000880218,human,human,human,577
D05743.docx,batch01,abstract-ART000873619,human,human,human,504
D05744.docx,batch01,abstract-ART000858706,human,human,human,564
D05745.docx,batch01,abstract-ART000852071,human,human,human,492
D05746.docx,batch01,abstract-ART002442166,human,human,human,630
D05747.docx,batch01,abstract-ART000867660,human,human,human,441
D05748.docx,batch01,abstract-ART000875923,human,human,human,597
D05749.docx,batch01,abstract-ART000862108,human,human,human,1030
D05750.docx,batch01,abstract-ART000900333,human,human,human,672
D05751.docx,batch01,abstract-ART000869144,human,human,human,313
D05752.docx,batch01,abstract-ART000895401,human,human,human,463
D05753.docx,batch01,abstract-ART000881760,human,human,human,338
D05754.docx,batch01,abstract-ART000904714,human,human,human,437
D05755.docx,batch01,abstract-ART000891084,human,human,human,1143
D05756.docx,batch01,abstract-ART000888604,human,human,human,433
D05757.docx,batch01,abstract-ART000888599,human,human,human,823
D05758.docx,batch01,abstract-ART000906433,human,human,human,553
D05759.docx,batch01,abstract-ART000870049,human,human,human,476
D05760.docx,batch01,abstract-ART000864188,human,human,human,668
D05761.docx,batch01,abstract-ART000858592,human,human,human,1086
D05762.docx,batch01,abstract-ART000892088,human,human,human,449
D05763.docx,batch01,abstract-ART000877086,human,human,human,378
D05764.docx,batch01,abstract-ART000861050,human,human,human,666
D05765.docx,batch01,abstract-ART000853383,human,human,human,453
D05766.docx,batch01,abstract-ART000873518,human,human,human,549
D05767.docx,batch01,abstract-ART002032711,human,human,human,988
D05768.docx,batch01,abstract-ART000902098,human,human,human,662
D05769.docx,batch01,abstract-ART001310634,human,human,human,559
D05770.docx,batch01,abstract-ART000904945,human,human,human,358
D05771.docx,batch01,abstract-ART000885502,human,human,human,430
D05772.docx,batch01,abstract-ART000870087,human,human,human,576
D05773.docx,batch01,abstract-ART000887639,human,human,human,543
D05774.docx,batch01,abstract-ART000857992,human,human,human,621
D05775.docx,batch01,abstract-ART000863368,human,human,human,458
D05776.docx,batch01,abstract-ART000881731,human,human,human,526
D05777.docx,batch01,abstract-ART001975365,human,human,human,631
D05778.docx,batch01,abstract-ART002516760,human,human,human,659
D05779.docx,batch01,abstract-ART000900925,human,human,human,401
D05780.docx,batch01,abstract-ART000892524,human,human,human,611
D05781.docx,batch01,abstract-ART000895576,human,human,human,332
D05782.docx,batch01,abstract-ART000904964,human,human,human,356
D05783.docx,batch01,abstract-ART000861698,human,human,human,889
D05784.docx,batch01,abstract-ART000905684,human,human,human,549
D05785.docx,batch01,abstract-ART000892117,human,human,human,449
D05786.docx,batch01,abstract-ART000861677,human,human,human,453
D05787.docx,batch01,abstract-ART000861187,human,human,human,458
D05788.docx,batch01,abstract-ART000897955,human,human,human,556
D05789.docx,batch01,abstract-ART000906622,human,human,human,701
D05790.docx,batch01,abstract-ART000880058,human,human,human,558
D05791.docx,batch01,abstract-ART000894224,human,human,human,500
D05792.docx,batch01,abstract-ART000901248,human,human,human,694
D05793.docx,batch01,abstract-ART000860382,human,human,human,544
D05794.docx,batch01,abstract-ART001833889,human,human,human,647
D05795.docx,batch01,abstract-ART000895597,human,human,human,680
D05796.docx,batch01,abstract-ART000871563,human,human,human,612
D05797.docx,batch01,abstract-ART000864209,human,human,human,496
D05798.docx,batch01,abstract-ART000903362,human,human,human,461
D05799.docx,batch01,abstract-ART000905602,human,human,human,309
D05800.docx,batch01,abstract-ART000892678,human,human,human,603
D05801.docx,batch01,abstract-ART000897500,human,human,human,440
D05802.docx,batch01,abstract-ART000902642,human,human,human,539
D05803.docx,batch01,abstract-ART000891293,human,human,human,491
D05804.docx,batch01,abstract-ART002408144,human,human,human,656
D05805.docx,batch01,abstract-ART000905570,human,human,human,359
D05806.docx,batch01,abstract-ART000902864,human,human,human,551
D05807.docx,batch01,abstract-ART000868280,human,human,human,633
D05808.docx,batch01,abstract-ART000889354,human,human,human,1061
D05809.docx,batch01,abstract-ART000869791,human,human,human,749
D05810.docx,batch01,abstract-ART000888556,human,human,human,386
D05811.docx,batch01,abstract-ART000874695,human,human,human,562
D05812.docx,batch01,abstract-ART000890026,human,human,human,439
D05813.docx,batch01,abstract-ART000862886,human,human,human,704
D05814.docx,batch01,abstract-ART000901574,human,human,human,805
D05815.docx,batch01,abstract-ART000868181,human,human,human,798
D05816.docx,batch01,abstract-ART001833887,human,human,human,664
D05817.docx,batch01,abstract-ART000857825,human,human,human,527
D05818.docx,batch01,abstract-ART000891844,human,human,human,413
D05819.docx,batch01,abstract-ART001942986,human,human,human,1187
D05820.docx,batch01,abstract-ART000852543,human,human,human,426
D05821.docx,batch01,abstract-ART001231439,human,human,human,362
D05822.docx,batch01,abstract-ART000871803,human,human,human,912
D05823.docx,batch01,abstract-ART002003431,human,human,human,527
D05824.docx,batch01,abstract-ART000895475,human,human,human,890
D05825.docx,batch01,abstract-ART000903244,human,human,human,620
D05826.docx,batch01,abstract-ART000895408,human,human,human,676
D05827.docx,batch01,abstract-ART000861507,human,human,human,458
D05828.docx,batch01,abstract-ART000852082,human,human,human,348
D05829.docx,batch01,abstract-ART001375356,human,human,human,623
D05830.docx,batch01,abstract-ART000908153,human,human,human,580
D05831.docx,batch01,abstract-ART000868943,human,human,human,952
D05832.docx,batch01,abstract-ART000884230,human,human,human,1054
D05833.docx,batch01,abstract-ART000869463,human,human,human,384
D05834.docx,batch01,abstract-ART000869386,human,human,human,392
D05835.docx,batch01,abstract-ART000868591,human,human,human,905
D05836.docx,batch01,abstract-ART000867538,human,human,human,831
D05837.docx,batch01,abstract-ART000859326,human,human,human,453
D05838.docx,batch01,abstract-ART001962488,human,human,human,588
D05839.docx,batch01,abstract-ART000883006,human,human,human,656
D05840.docx,batch01,abstract-ART000896017,human,human,human,559
D05841.docx,batch01,abstract-ART000874692,human,human,human,472
D05842.docx,batch01,abstract-ART000886269,human,human,human,436
D05843.docx,batch01,abstract-ART000873612,human,human,human,580
D05844.docx,batch01,abstract-ART000857770,human,human,human,564
D05845.docx,batch01,abstract-ART000872279,human,human,human,739
D05846.docx,batch01,abstract-ART000886958,human,human,human,469
D05847.docx,batch01,abstract-ART000893119,human,human,human,344
D05848.docx,batch01,abstract-ART000905575,human,human,human,422
D05849.docx,batch01,abstract-ART002442850,human,human,human,834
D05850.docx,batch01,abstract-ART000872904,human,human,human,394
D05851.docx,batch01,abstract-ART000904951,human,human,human,520
D05852.docx,batch01,abstract-ART000888738,human,human,human,878
D05853.docx,batch01,abstract-ART000870371,human,human,human,461
D05854.docx,batch01,abstract-ART000896236,human,human,human,333
D05855.docx,batch01,abstract-ART000863798,human,human,human,708
D05856.docx,batch01,abstract-ART000885310,human,human,human,452
D05857.docx,batch01,abstract-ART000861904,human,human,human,517
D05858.docx,batch01,abstract-ART000858238,human,human,human,773
D05859.docx,batch01,abstract-ART002441050,human,human,human,464
D05860.docx,batch01,abstract-ART000881756,human,human,human,331
D05861.docx,batch01,abstract-ART000903069,human,human,human,501
D05862.docx,batch01,abstract-ART000867630,human,human,human,425
D05863.docx,batch01,abstract-ART000878461,human,human,human,415
D05864.docx,batch01,abstract-ART000862291,human,human,human,610
D05865.docx,batch01,abstract-ART000899844,human,human,human,1035
D05866.docx,batch01,abstract-ART002453133,human,human,human,746
D05867.docx,batch01,abstract-ART000902327,human,human,human,896
D05868.docx,batch01,abstract-ART000908065,human,human,human,347
D05869.docx,batch01,abstract-ART000904772,human,human,human,710
D05870.docx,batch01,abstract-ART000877507,human,human,human,417
D05871.docx,batch01,abstract-ART000899439,human,human,human,466
D05872.docx,batch01,abstract-ART001886993,human,human,human,743
D05873.docx,batch01,abstract-ART000899953,human,human,human,396
D05874.docx,batch01,abstract-ART000858668,human,human,human,868
D05875.docx,batch01,abstract-ART000852907,human,human,human,499
D05876.docx,batch01,abstract-ART002062350,human,human,human,574
D05877.docx,batch01,abstract-ART000865211,human,human,human,564
D05878.docx,batch01,abstract-ART000896464,human,human,human,449
D05879.docx,batch01,abstract-ART001532441,human,human,human,898
D05880.docx,batch01,abstract-ART000874754,human,human,human,376
D05881.docx,batch01,abstract-ART000901007,human,human,human,303
D05882.docx,batch01,abstract-ART000906355,human,human,human,469
D05883.docx,batch01,abstract-ART001474145,human,human,human,649
D05884.docx,batch01,abstract-ART000903296,human,human,human,463
D05885.docx,batch01,abstract-ART000897752,human,human,human,653
D05886.docx,batch01,abstract-ART000905081,human,human,human,431
D05887.docx,batch01,abstract-ART000896382,human,human,human,426
D05888.docx,batch01,abstract-ART000896503,human,human,human,319
D05889.docx,batch01,abstract-ART000898653,human,human,human,310
D05890.docx,batch01,abstract-ART000865970,human,human,human,305
D05891.docx,batch01,abstract-ART000859329,human,human,human,741
D05892.docx,batch01,abstract-ART000878353,human,human,human,468
D05893.docx,batch01,abstract-ART001821355,human,human,human,583
D05894.docx,batch01,abstract-ART000862393,human,human,human,390
D05895.docx,batch01,abstract-ART000898145,human,human,human,1055
D05896.docx,batch01,abstract-ART000866901,human,human,human,441
D05897.docx,batch01,abstract-ART001771845,human,human,human,628
D05898.docx,batch01,abstract-ART000903130,human,human,human,417
D05899.docx,batch01,abstract-ART000880657,human,human,human,706
D05900.docx,batch01,abstract-ART000856190,human,human,human,324
D05901.docx,batch01,abstract-ART000851304,human,human,human,526
D05902.docx,batch01,abstract-ART000905547,human,human,human,689
D05903.docx,batch01,abstract-ART000904973,human,human,human,411
D05904.docx,batch01,abstract-ART000887706,human,human,human,696
D05905.docx,batch01,abstract-ART000904861,human,human,human,666
D05906.docx,batch01,abstract-ART000897448,human,human,human,533
D05907.docx,batch01,abstract-ART000902709,human,human,human,501
D05908.docx,batch01,abstract-ART000874564,human,human,human,922
D05909.docx,batch01,abstract-ART001304293,human,human,human,577
D05910.docx,batch01,abstract-ART000883642,human,human,human,777
D05911.docx,batch01,abstract-ART000868126,human,human,human,787
D05912.docx,batch01,abstract-ART000879971,human,human,human,423
D05913.docx,batch01,abstract-ART000904859,human,human,human,841
D05914.docx,batch01,abstract-ART001974646,human,human,human,581
D05915.docx,batch01,abstract-ART000858027,human,human,human,641
D05916.docx,batch01,abstract-ART000857778,human,human,human,551
D05917.docx,batch01,abstract-ART001942340,human,human,human,973
D05918.docx,batch01,abstract-ART000896143,human,human,human,903
D05919.docx,batch01,abstract-ART000897126,human,human,human,414
D05920.docx,batch01,abstract-ART000899836,human,human,human,849
D05921.docx,batch01,abstract-ART000892104,human,human,human,313
D05922.docx,batch01,abstract-ART000861764,human,human,human,490
D05923.docx,batch01,abstract-ART000902863,human,human,human,624
D05924.docx,batch01,abstract-ART000875935,human,human,human,556
D05925.docx,batch01,abstract-ART001509891,human,human,human,752
D05926.docx,batch01,abstract-ART000889170,human,human,human,306
D05927.docx,batch01,abstract-ART000890024,human,human,human,508
D05928.docx,batch01,abstract-ART000896876,human,human,human,740
D05929.docx,batch01,abstract-ART000885495,human,human,human,339
D05930.docx,batch01,abstract-ART000871498,human,human,human,623
D05931.docx,batch01,abstract-ART000903496,human,human,human,392
D05932.docx,batch01,abstract-ART000896547,human,human,human,446
D05933.docx,batch01,abstract-ART000863539,human,human,human,538
D05934.docx,batch01,abstract-ART000872233,human,human,human,331
D05935.docx,batch01,abstract-ART001887014,human,human,human,356
D05936.docx,batch01,abstract-ART000903172,human,human,human,445
D05937.docx,batch01,abstract-ART000872891,human,human,human,482
D05938.docx,batch01,abstract-ART000859314,human,human,human,944
D05939.docx,batch01,abstract-ART000864289,human,human,human,480
D05940.docx,batch01,abstract-ART000902119,human,human,human,546
D05941.docx,batch01,abstract-ART000876891,human,human,human,691
D05942.docx,batch01,abstract-ART000873914,human,human,human,548
D05943.docx,batch01,abstract-ART001890493,human,human,human,489
D05944.docx,batch01,abstract-ART001662917,human,human,human,911
D05945.docx,batch01,abstract-ART000901116,human,human,human,967
D05946.docx,batch01,abstract-ART000905568,human,human,human,344
D05947.docx,batch01,abstract-ART000852268,human,human,human,913
D05948.docx,batch01,abstract-ART000889456,human,human,human,407
D05949.docx,batch01,abstract-ART000872068,human,human,human,1137
D05950.docx,batch01,abstract-ART000889011,human,human,human,314
D05951.docx,batch01,abstract-ART000892394,human,human,human,1064
D05952.docx,batch01,abstract-ART000872604,human,human,human,556
D05953.docx,batch01,abstract-ART000876026,human,human,human,731
D05954.docx,batch01,abstract-ART000867879,human,human,human,694
D05955.docx,batch01,abstract-ART000881043,human,human,human,989
D05956.docx,batch01,abstract-ART000888300,human,human,human,302
D05957.docx,batch01,abstract-ART000871798,human,human,human,517
D05958.docx,batch01,abstract-ART000863071,human,human,human,490
D05959.docx,batch01,abstract-ART000852427,human,human,human,1112
D05960.docx,batch01,abstract-ART000868115,human,human,human,788
D05961.docx,batch01,abstract-ART000885294,human,human,human,904
D05962.docx,batch01,abstract-ART000872134,human,human,human,770
D05963.docx,batch01,abstract-ART000875008,human,human,human,425
D05964.docx,batch01,abstract-ART000881226,human,human,human,1066
D05965.docx,batch01,abstract-ART000869064,human,human,human,550
D05966.docx,batch01,abstract-ART000890254,human,human,human,308
D05967.docx,batch01,abstract-ART000873023,human,human,human,370
D05968.docx,batch01,abstract-ART000875927,human,human,human,382
D05969.docx,batch01,abstract-ART000854658,human,human,human,674
D05970.docx,batch01,abstract-ART001887195,human,human,human,400
D05971.docx,batch01,abstract-ART000896554,human,human,human,372
D05972.docx,batch01,abstract-ART000904498,human,human,human,534
D05973.docx,batch01,abstract-ART000886265,human,human,human,539
D05974.docx,batch01,abstract-ART000877727,human,human,human,448
D05975.docx,batch01,abstract-ART001985801,human,human,human,501
D05976.docx,batch01,abstract-ART000860047,human,human,human,825
D05977.docx,batch01,abstract-ART001871321,human,human,human,590
D05978.docx,batch01,abstract-ART000873600,human,human,human,453
D05979.docx,batch01,abstract-ART000888229,human,human,human,605
D05980.docx,batch01,abstract-ART000857863,human,human,human,411
D05981.docx,batch01,abstract-ART000889085,human,human,human,530
D05982.docx,batch01,abstract-ART000858663,human,human,human,933
D05983.docx,batch01,abstract-ART000902418,human,human,human,546
D05984.docx,batch01,abstract-ART000905071,human,human,human,592
D05985.docx,batch01,abstract-ART000868517,human,human,human,666
D05986.docx,batch01,abstract-ART000865792,human,human,human,371
D05987.docx,batch01,abstract-ART000892679,human,human,human,639
D05988.docx,batch01,abstract-ART000854650,human,human,human,449
D05989.docx,batch01,abstract-ART000888581,human,human,human,575
D05990.docx,batch01,abstract-ART000872906,human,human,human,772
D05991.docx,batch01,abstract-ART000852926,human,human,human,834
D05992.docx,batch01,abstract-ART000852671,human,human,human,873
D05993.docx,batch01,abstract-ART000874471,human,human,human,751
D05994.docx,batch01,abstract-ART000867171,human,human,human,581
D05995.docx,batch01,abstract-ART000903384,human,human,human,732
D05996.docx,batch01,abstract-ART000851139,human,human,human,520
D05997.docx,batch01,abstract-ART000895402,human,human,human,1103
D05998.docx,batch01,abstract-ART000878457,human,human,human,317
D05999.docx,batch01,abstract-ART000857380,human,human,human,617
D06000.docx,batch01,abstract-ART000889448,human,human,human,537
D06001.docx,batch01,abstract-ART000861063,human,human,human,478
D06002.docx,batch01,abstract-ART000905956,human,human,human,586
D06003.docx,batch01,abstract-ART000889258,human,human,human,387
D06004.docx,batch01,abstract-ART000858176,human,human,human,486
D06005.docx,batch01,abstract-ART000854194,human,human,human,408
D06006.docx,batch01,abstract-ART002525616,human,human,human,563
D06007.docx,batch01,abstract-ART000904871,human,human,human,687
D06008.docx,batch01,abstract-ART000868535,human,human,human,719
D06009.docx,batch01,abstract-ART001947600,human,human,human,580
D06010.docx,batch01,abstract-ART000902518,human,human,human,418
D06011.docx,batch01,abstract-ART002148017,human,human,human,1010
D06012.docx,batch01,abstract-ART000869401,human,human,human,531
D06013.docx,batch01,abstract-ART000859446,human,human,human,1168
D06014.docx,batch01,abstract-ART000862110,human,human,human,580
D06015.docx,batch01,abstract-ART001663202,human,human,human,891
D06016.docx,batch01,abstract-ART002453698,human,human,human,1003
D06017.docx,batch01,abstract-ART000863465,human,human,human,303
D06018.docx,batch01,abstract-ART000897117,human,human,human,323
D06019.docx,batch01,abstract-ART000898239,human,human,human,1156
D06020.docx,batch01,abstract-ART000859546,human,human,human,554
D06021.docx,batch01,abstract-ART000866795,human,human,human,998
D06022.docx,batch01,abstract-ART000875764,human,human,human,484
D06023.docx,batch01,abstract-ART000875254,human,human,human,957
D06024.docx,batch01,abstract-ART000858439,human,human,human,530
D06025.docx,batch01,abstract-ART000892390,human,human,human,808
D06026.docx,batch01,abstract-ART000863893,human,human,human,626
D06027.docx,batch01,abstract-ART000875547,human,human,human,436
D06028.docx,batch01,abstract-ART000893688,human,human,human,899
D06029.docx,batch01,abstract-ART000905237,human,human,human,450
D06030.docx,batch01,abstract-ART000868518,human,human,human,422
D06031.docx,batch01,abstract-ART000863555,human,human,human,341
D06032.docx,batch01,abstract-ART000883040,human,human,human,368
D06033.docx,batch01,abstract-ART000865051,human,human,human,357
D06034.docx,batch01,abstract-ART000880947,human,human,human,505
D06035.docx,batch01,abstract-ART000883931,human,human,human,618
D06036.docx,batch01,abstract-ART000880807,human,human,human,359
D06037.docx,batch01,abstract-ART000868062,human,human,human,944
D06038.docx,batch01,abstract-ART000905937,human,human,human,764
D06039.docx,batch01,abstract-ART000892842,human,human,human,715
D06040.docx,batch01,abstract-ART001755008,human,human,human,710
D06041.docx,batch01,abstract-ART000892095,human,human,human,489
D06042.docx,batch01,abstract-ART000904626,human,human,human,457
D06043.docx,batch01,abstract-ART000905768,human,human,human,594
D06044.docx,batch01,abstract-ART000902531,human,human,human,511
D06045.docx,batch01,abstract-ART000896539,human,human,human,536
D06046.docx,batch01,abstract-ART000905313,human,human,human,405
D06047.docx,batch01,abstract-ART000894051,human,human,human,594
D06048.docx,batch01,abstract-ART000875546,human,human,human,573
D06049.docx,batch01,abstract-ART000885503,human,human,human,685
D06050.docx,batch01,abstract-ART001669846,human,human,human,1146
D06051.docx,batch01,abstract-ART000896553,human,human,human,404
D06052.docx,batch01,abstract-ART000867491,human,human,human,477
D06053.docx,batch01,abstract-ART000904689,human,human,human,526
D06054.docx,batch01,abstract-ART000904433,human,human,human,943
D06055.docx,batch01,abstract-ART000864578,human,human,human,424
D06056.docx,batch01,abstract-ART000874602,human,human,human,453
D06057.docx,batch01,abstract-ART000897796,human,human,human,1001
D06058.docx,batch01,abstract-ART000861843,human,human,human,392
D06059.docx,batch01,abstract-ART000868015,human,human,human,505
D06060.docx,batch01,abstract-ART000877179,human,human,human,706
D06061.docx,batch01,abstract-ART000875087,human,human,human,674
D06062.docx,batch01,abstract-ART000861424,human,human,human,1038
D06063.docx,batch01,abstract-ART000900615,human,human,human,361
D06064.docx,batch01,abstract-ART000857911,human,human,human,491
D06065.docx,batch01,abstract-ART001994262,human,human,human,589
D06066.docx,batch01,abstract-ART000907094,human,human,human,938
D06067.docx,batch01,abstract-ART000904412,human,human,human,427
D06068.docx,batch01,abstract-ART000904419,human,human,human,436
D06069.docx,batch01,abstract-ART000901009,human,human,human,366
D06070.docx,batch01,abstract-ART002378097,human,human,human,459
D06071.docx,batch01,abstract-ART000906416,human,human,human,394
D06072.docx,batch01,abstract-ART000876561,human,human,human,1044
D06073.docx,batch01,abstract-ART000900222,human,human,human,693
D06074.docx,batch01,abstract-ART001795682,human,human,human,880
D06075.docx,batch01,abstract-ART000897031,human,human,human,506
D06076.docx,batch01,abstract-ART000884627,human,human,human,841
D06077.docx,batch01,abstract-ART000862083,human,human,human,379
D06078.docx,batch01,abstract-ART000904253,human,human,human,343
D06079.docx,batch01,abstract-ART000903644,human,human,human,675
D06080.docx,batch01,abstract-ART000852547,human,human,human,572
D06081.docx,batch01,abstract-ART000900880,human,human,human,702
D06082.docx,batch01,abstract-ART000852068,human,human,human,843
D06083.docx,batch01,abstract-ART000889375,human,human,human,682
D06084.docx,batch01,abstract-ART000872158,human,human,human,508
D06085.docx,batch01,abstract-ART002516317,human,human,human,494
D06086.docx,batch01,abstract-ART000886277,human,human,human,388
D06087.docx,batch01,abstract-ART000877008,human,human,human,599
D06088.docx,batch01,abstract-ART002082701,human,human,human,489
D06089.docx,batch01,abstract-ART000881811,human,human,human,691
D06090.docx,batch01,abstract-ART000857906,human,human,human,592
D06091.docx,batch01,abstract-ART000898230,human,human,human,746
D06092.docx,batch01,abstract-ART002462384,human,human,human,384
D06093.docx,batch01,abstract-ART000865057,human,human,human,384
D06094.docx,batch01,abstract-ART000891145,human,human,human,755
D06095.docx,batch01,abstract-ART000878862,human,human,human,634
D06096.docx,batch01,abstract-ART000889010,human,human,human,391
D06097.docx,batch01,abstract-ART000851874,human,human,human,426
D06098.docx,batch01,abstract-ART000895518,human,human,human,726
D06099.docx,batch01,abstract-ART000906402,human,human,human,558
D06100.docx,batch01,abstract-ART000856397,human,human,human,479
D06101.docx,batch01,abstract-ART000880304,human,human,human,345
D06102.docx,batch01,abstract-ART000877505,human,human,human,422
D06103.docx,batch01,abstract-ART001389624,human,human,human,818
D06104.docx,batch01,abstract-ART000867134,human,human,human,804
D06105.docx,batch01,abstract-ART000871725,human,human,human,892
D06106.docx,batch01,abstract-ART000878892,human,human,human,578
D06107.docx,batch01,abstract-ART000902889,human,human,human,317
D06108.docx,batch01,abstract-ART000868526,human,human,human,732
D06109.docx,batch01,abstract-ART000888561,human,human,human,839
D06110.docx,batch01,abstract-ART002228864,human,human,human,401
D06111.docx,batch01,abstract-ART001746078,human,human,human,464
D06112.docx,batch01,abstract-ART000892186,human,human,human,328
D06113.docx,batch01,abstract-ART000868534,human,human,human,714
D06114.docx,batch01,abstract-ART000864621,human,human,human,594
D06115.docx,batch01,abstract-ART000864588,human,human,human,887
D06116.docx,batch01,abstract-ART001914096,human,human,human,862
D06117.docx,batch01,abstract-ART000900421,human,human,human,869
D06118.docx,batch01,abstract-ART000868279,human,human,human,417
D06119.docx,batch01,abstract-ART000905924,human,human,human,337
D06120.docx,batch01,abstract-ART000852133,human,human,human,498
D06121.docx,batch01,abstract-ART000867245,human,human,human,455
D06122.docx,batch01,abstract-ART000857679,human,human,human,624
D06123.docx,batch01,abstract-ART000900069,human,human,human,400
D06124.docx,batch01,abstract-ART001497954,human,human,human,753
D06125.docx,batch01,abstract-ART000876906,human,human,human,354
D06126.docx,batch01,abstract-ART000889259,human,human,human,386
D06127.docx,batch01,abstract-ART000852918,human,human,human,953
D06128.docx,batch01,abstract-ART000885416,human,human,human,405
D06129.docx,batch01,abstract-ART000852078,human,human,human,322
D06130.docx,batch01,abstract-ART000888621,human,human,human,937
D06131.docx,batch01,abstract-ART000859367,human,human,human,807
D06132.docx,batch01,abstract-ART001917117,human,human,human,523
D06133.docx,batch01,abstract-ART000896241,human,human,human,424
D06134.docx,batch01,abstract-ART000869537,human,human,human,437
D06135.docx,batch01,abstract-ART000901866,human,human,human,653
D06136.docx,batch01,abstract-ART001975381,human,human,human,819
D06137.docx,batch01,abstract-ART000907103,human,human,human,750
D06138.docx,batch01,abstract-ART001732711,human,human,human,730
D06139.docx,batch01,abstract-ART000895304,human,human,human,661
D06140.docx,batch01,abstract-ART000871754,human,human,human,537
D06141.docx,batch01,abstract-ART000876971,human,human,human,428
D06142.docx,batch01,abstract-ART001360760,human,human,human,430
D06143.docx,batch01,abstract-ART000903323,human,human,human,478
D06144.docx,batch01,abstract-ART000897656,human,human,human,694
D06145.docx,batch01,abstract-ART000888593,human,human,human,942
D06146.docx,batch01,abstract-ART001548208,human,human,human,594
D06147.docx,batch01,abstract-ART000893695,human,human,human,635
D06148.docx,batch01,abstract-ART001662904,human,human,human,774
D06149.docx,batch01,abstract-ART000852330,human,human,human,425
D06150.docx,batch01,abstract-ART000903089,human,human,human,316
D06151.docx,batch01,abstract-ART001890496,human,human,human,787
D06152.docx,batch01,abstract-ART001252736,human,human,human,563
D06153.docx,batch01,abstract-ART000892920,human,human,human,741
D06154.docx,batch01,abstract-ART000858231,human,human,human,501
D06155.docx,batch01,abstract-ART001914100,human,human,human,709
D06156.docx,batch01,abstract-ART000874472,human,human,human,650
D06157.docx,batch01,abstract-ART000853117,human,human,human,736
D06158.docx,batch01,abstract-ART000879015,human,human,human,359
D06159.docx,batch01,abstract-ART000876377,human,human,human,720
D06160.docx,batch01,abstract-ART002021388,human,human,human,461
D06161.docx,batch01,abstract-ART000901041,human,human,human,323
D06162.docx,batch01,abstract-ART000885764,human,human,human,706
D06163.docx,batch01,abstract-ART000863864,human,human,human,912
D06164.docx,batch01,abstract-ART000888928,human,human,human,520
D06165.docx,batch01,abstract-ART002350304,human,human,human,500
D06166.docx,batch01,abstract-ART000902733,human,human,human,591
D06167.docx,batch01,abstract-ART000900337,human,human,human,862
D06168.docx,batch01,abstract-ART000885413,human,human,human,344
D06169.docx,batch01,abstract-ART000868857,human,human,human,928
D06170.docx,batch01,abstract-ART000873557,human,human,human,440
D06171.docx,batch01,abstract-ART000889549,human,human,human,460
D06172.docx,batch01,abstract-ART000894834,human,human,human,508
D06173.docx,batch01,abstract-ART000852291,human,human,human,468
D06174.docx,batch01,abstract-ART000875893,human,human,human,377
D06175.docx,batch01,abstract-ART000860455,human,human,human,514
D06176.docx,batch01,abstract-ART000863625,human,human,human,359
D06177.docx,batch01,abstract-ART000902666,human,human,human,618
D06178.docx,batch01,abstract-ART000902809,human,human,human,489
D06179.docx,batch01,abstract-ART000899726,human,human,human,618
D06180.docx,batch01,abstract-ART001484247,human,human,human,612
D06181.docx,batch01,abstract-ART000853090,human,human,human,618
D06182.docx,batch01,abstract-ART000865134,human,human,human,519
D06183.docx,batch01,abstract-ART000891624,human,human,human,452
D06184.docx,batch01,abstract-ART000899671,human,human,human,434
D06185.docx,batch01,abstract-ART000860804,human,human,human,765
D06186.docx,batch01,abstract-ART000903056,human,human,human,445
D06187.docx,batch01,abstract-ART000902196,human,human,human,571
D06188.docx,batch01,abstract-ART000877508,human,human,human,516
D06189.docx,batch01,abstract-ART000888923,human,human,human,536
D06190.docx,batch01,abstract-ART000884548,human,human,human,479
D06191.docx,batch01,abstract-ART001606090,human,human,human,476
D06192.docx,batch01,abstract-ART000866101,human,human,human,599
D06193.docx,batch01,abstract-ART002320052,human,human,human,728
D06194.docx,batch01,abstract-ART000901530,human,human,human,324
D06195.docx,batch01,abstract-ART000863561,human,human,human,438
D06196.docx,batch01,abstract-ART000887274,human,human,human,721
D06197.docx,batch01,abstract-ART000873928,human,human,human,477
D06198.docx,batch01,abstract-ART000866944,human,human,human,699
D06199.docx,batch01,abstract-ART000869336,human,human,human,472
D06200.docx,batch01,abstract-ART000868099,human,human,human,342
D06201.docx,batch01,abstract-ART000872206,human,human,human,1102
D06202.docx,batch01,abstract-ART000865961,human,human,human,348
D06203.docx,batch01,abstract-ART000889474,human,human,human,997
D06204.docx,batch01,abstract-ART000889652,human,human,human,606
D06205.docx,batch01,abstract-ART000884961,human,human,human,757
D06206.docx,batch01,abstract-ART000910993,human,human,human,443
D06207.docx,batch01,abstract-ART000896162,human,human,human,339
D06208.docx,batch01,abstract-ART000851950,human,human,human,539
D06209.docx,batch01,abstract-ART000862030,human,human,human,399
D06210.docx,batch01,abstract-ART000878014,human,human,human,1141
D06211.docx,batch01,abstract-ART000905046,human,human,human,474
D06212.docx,batch01,abstract-ART001447588,human,human,human,552
D06213.docx,batch01,abstract-ART000859313,human,human,human,578
D06214.docx,batch01,abstract-ART000889858,human,human,human,372
D06215.docx,batch01,abstract-ART000851170,human,human,human,830
D06216.docx,batch01,abstract-ART001640250,human,human,human,581
D06217.docx,batch01,abstract-ART000860454,human,human,human,641
D06218.docx,batch01,abstract-ART000877066,human,human,human,547
D06219.docx,batch01,abstract-ART001433115,human,human,human,547
D06220.docx,batch01,abstract-ART000884231,human,human,human,1183
D06221.docx,batch01,abstract-ART000903317,human,human,human,375
D06222.docx,batch01,abstract-ART000903142,human,human,human,579
D06223.docx,batch01,abstract-ART000902753,human,human,human,414
D06224.docx,batch01,abstract-ART000906414,human,human,human,601
D06225.docx,batch01,abstract-ART000874409,human,human,human,535
D06226.docx,batch01,abstract-ART000875647,human,human,human,623
D06227.docx,batch01,abstract-ART002468189,human,human,human,626
D06228.docx,batch01,abstract-ART000877090,human,human,human,802
D06229.docx,batch01,abstract-ART000858594,human,human,human,745
D06230.docx,batch01,abstract-ART000880226,human,human,human,564
D06231.docx,batch01,abstract-ART000886253,human,human,human,738
D06232.docx,batch01,abstract-ART000901051,human,human,human,644
D06233.docx,batch01,abstract-ART000880728,human,human,human,364
D06234.docx,batch01,abstract-ART000888559,human,human,human,522
D06235.docx,batch01,abstract-ART000865075,human,human,human,459
D06236.docx,batch01,abstract-ART000900218,human,human,human,552
D06237.docx,batch01,abstract-ART000884973,human,human,human,893
D06238.docx,batch01,abstract-ART000884192,human,human,human,948
D06239.docx,batch01,abstract-ART000863621,human,human,human,322
D06240.docx,batch01,abstract-ART000880989,human,human,human,1045
D06241.docx,batch01,abstract-ART000902254,human,human,human,415
D06242.docx,batch01,abstract-ART000857944,human,human,human,575
D06243.docx,batch01,abstract-ART000897956,human,human,human,653
D06244.docx,batch01,abstract-ART000875860,human,human,human,346
D06245.docx,batch01,abstract-ART000894042,human,human,human,441
D06246.docx,batch01,abstract-ART001474385,human,human,human,638
D06247.docx,batch01,abstract-ART000860885,human,human,human,722
D06248.docx,batch01,abstract-ART001744343,human,human,human,377
D06249.docx,batch01,abstract-ART000903637,human,human,human,669
D06250.docx,batch01,abstract-ART002441039,human,human,human,794
D06251.docx,batch01,abstract-ART000888985,human,human,human,387
D06252.docx,batch01,abstract-ART000888287,human,human,human,564
D06253.docx,batch01,abstract-ART002119310,human,human,human,620
D06254.docx,batch01,abstract-ART000874256,human,human,human,455
D06255.docx,batch01,abstract-ART001707121,human,human,human,770
D06256.docx,batch01,abstract-ART000899923,human,human,human,860
D06257.docx,batch01,abstract-ART000889382,human,human,human,680
D06258.docx,batch01,abstract-ART000867399,human,human,human,497
D06259.docx,batch01,abstract-ART000880281,human,human,human,329
D06260.docx,batch01,abstract-ART000893257,human,human,human,483
D06261.docx,batch01,abstract-ART000891802,human,human,human,988
D06262.docx,batch01,abstract-ART000880550,human,human,human,739
D06263.docx,batch01,abstract-ART000895442,human,human,human,598
D06264.docx,batch01,abstract-ART000878861,human,human,human,640
D06265.docx,batch01,abstract-ART000900746,human,human,human,347
D06266.docx,batch01,abstract-ART000905778,human,human,human,483
D06267.docx,batch01,abstract-ART001994251,human,human,human,593
D06268.docx,batch01,abstract-ART000861991,human,human,human,407
D06269.docx,batch01,abstract-ART000901948,human,human,human,661
D06270.docx,batch01,abstract-ART000876015,human,human,human,546
D06271.docx,batch01,abstract-ART000901316,human,human,human,804
D06272.docx,batch01,abstract-ART000905414,human,human,human,666
D06273.docx,batch01,abstract-ART000860328,human,human,human,580
D06274.docx,batch01,abstract-ART000884240,human,human,human,1116
D06275.docx,batch01,abstract-ART000903586,human,human,human,541
D06276.docx,batch01,abstract-ART000884649,human,human,human,579
D06277.docx,batch01,abstract-ART000901808,human,human,human,668
D06278.docx,batch01,abstract-ART000858884,human,human,human,968
D06279.docx,batch01,abstract-ART000889323,human,human,human,574
D06280.docx,batch01,abstract-ART000872344,human,human,human,991
D06281.docx,batch01,abstract-ART000877101,human,human,human,457
D06282.docx,batch01,abstract-ART000889470,human,human,human,616
D06283.docx,batch01,abstract-ART000902964,human,human,human,327
D06284.docx,batch01,abstract-ART000887090,human,human,human,654
D06285.docx,batch01,abstract-ART000861666,human,human,human,582
D06286.docx,batch01,abstract-ART000903030,human,human,human,498
D06287.docx,batch01,abstract-ART000878886,human,human,human,547
D06288.docx,batch01,abstract-ART000883562,human,human,human,627
D06289.docx,batch01,abstract-ART000853091,human,human,human,532
D06290.docx,batch01,abstract-ART000897392,human,human,human,817
D06291.docx,batch01,abstract-ART000893258,human,human,human,735
D06292.docx,batch01,abstract-ART000883929,human,human,human,304
D06293.docx,batch01,abstract-ART000903225,human,human,human,650
D06294.docx,batch01,abstract-ART000852245,human,human,human,588
D06295.docx,batch01,abstract-ART001713864,human,human,human,693
D06296.docx,batch01,abstract-ART000868082,human,human,human,813
D06297.docx,batch01,abstract-ART000892047,human,human,human,460
D06298.docx,batch01,abstract-ART000880216,human,human,human,517
D06299.docx,batch01,abstract-ART000858481,human,human,human,629
D06300.docx,batch01,abstract-ART000860715,human,human,human,654
D06301.docx,batch01,abstract-ART000868168,human,human,human,398
D06302.docx,batch01,abstract-ART000902535,human,human,human,399
D06303.docx,batch01,abstract-ART001730511,human,human,human,630
D06304.docx,batch01,abstract-ART000869147,human,human,human,350
D06305.docx,batch01,abstract-ART000861169,human,human,human,628
D06306.docx,batch01,abstract-ART000861165,human,human,human,460
D06307.docx,batch01,abstract-ART000893321,human,human,human,736
D06308.docx,batch01,abstract-ART000893597,human,human,human,472
D06309.docx,batch01,abstract-ART000889270,human,human,human,318
D06310.docx,batch01,abstract-ART000905149,human,human,human,363
D06311.docx,batch01,abstract-ART001407709,human,human,human,345
D06312.docx,batch01,abstract-ART000852143,human,human,human,570
D06313.docx,batch01,abstract-ART000903501,human,human,human,324
D06314.docx,batch01,abstract-ART002477388,human,human,human,535
D06315.docx,batch01,abstract-ART000884233,human,human,human,1161
D06316.docx,batch01,abstract-ART000894046,human,human,human,437
D06317.docx,batch01,abstract-ART000906315,human,human,human,404
D06318.docx,batch01,abstract-ART000893666,human,human,human,584
D06319.docx,batch01,abstract-ART000905302,human,human,human,843
D06320.docx,batch01,abstract-ART000906311,human,human,human,302
D06321.docx,batch01,abstract-ART000875862,human,human,human,607
D06322.docx,batch01,abstract-ART002214524,human,human,human,525
D06323.docx,batch01,abstract-ART000949182,human,human,human,390
D06324.docx,batch01,abstract-ART000868276,human,human,human,1139
D06325.docx,batch01,abstract-ART000863910,human,human,human,502
D06326.docx,batch01,abstract-ART000873377,human,human,human,447
D06327.docx,batch01,abstract-ART000858819,human,human,human,542
D06328.docx,batch01,abstract-ART000885766,human,human,human,985
D06329.docx,batch01,abstract-ART001585908,human,human,human,533
D06330.docx,batch01,abstract-ART000879704,human,human,human,571
D06331.docx,batch01,abstract-ART000889267,human,human,human,622
D06332.docx,batch01,abstract-ART000889892,human,human,human,750
D06333.docx,batch01,abstract-ART000884633,human,human,human,698
D06334.docx,batch01,abstract-ART000851860,human,human,human,600
D06335.docx,batch01,abstract-ART000868528,human,human,human,854
D06336.docx,batch01,abstract-ART000897128,human,human,human,391
D06337.docx,batch01,abstract-ART000852295,human,human,human,483
D06338.docx,batch01,abstract-ART000901249,human,human,human,786
D06339.docx,batch01,abstract-ART000895837,human,human,human,617
D06340.docx,batch01,abstract-ART000900152,human,human,human,376
D06341.docx,batch01,abstract-ART002442856,human,human,human,895
D06342.docx,batch01,abstract-ART000894827,human,human,human,336
D06343.docx,batch01,abstract-ART000903379,human,human,human,331
D06344.docx,batch01,abstract-ART000861208,human,human,human,494
D06345.docx,batch01,abstract-ART000901572,human,human,human,355
D06346.docx,batch01,abstract-ART000897664,human,human,human,672
D06347.docx,batch01,abstract-ART000872865,human,human,human,849
D06348.docx,batch01,abstract-ART000896698,human,human,human,383
D06349.docx,batch01,abstract-ART000857383,human,human,human,514
D06350.docx,batch01,abstract-ART001305230,human,human,human,527
D06351.docx,batch01,abstract-ART000900604,human,human,human,415
D06352.docx,batch01,abstract-ART001890460,human,human,human,947
D06353.docx,batch01,abstract-ART000855393,human,human,human,462
D06354.docx,batch01,abstract-ART000854660,human,human,human,607
D06355.docx,batch01,abstract-ART000888513,human,human,human,521
D06356.docx,batch01,abstract-ART000861358,human,human,human,527
D06357.docx,batch01,abstract-ART000863894,human,human,human,571
D06358.docx,batch01,abstract-ART000878291,human,human,human,510
D06359.docx,batch01,abstract-ART000865124,human,human,human,302
D06360.docx,batch01,abstract-ART000876893,human,human,human,531
D06361.docx,batch01,abstract-ART000872896,human,human,human,592
D06362.docx,batch01,abstract-ART000857955,human,human,human,359
D06363.docx,batch01,abstract-ART000872297,human,human,human,402
D06364.docx,batch01,abstract-ART000874257,human,human,human,709
D06365.docx,batch01,abstract-ART000889020,human,human,human,441
D06366.docx,batch01,abstract-ART002349057,human,human,human,371
D06367.docx,batch01,abstract-ART000864899,human,human,human,764
D06368.docx,batch01,abstract-ART000902452,human,human,human,734
D06369.docx,batch01,abstract-ART000861123,human,human,human,698
D06370.docx,batch01,abstract-ART000862175,human,human,human,365
D06371.docx,batch01,abstract-ART000893848,human,human,human,310
D06372.docx,batch01,abstract-ART000890176,human,human,human,319
D06373.docx,batch01,abstract-ART000863861,human,human,human,441
D06374.docx,batch01,abstract-ART000852153,human,human,human,869
D06375.docx,batch01,abstract-ART000865962,human,human,human,456
D06376.docx,batch01,abstract-ART000880354,human,human,human,1013
D06377.docx,batch01,abstract-ART000856308,human,human,human,562
D06378.docx,batch01,abstract-ART000877586,human,human,human,626
D06379.docx,batch01,abstract-ART000884067,human,human,human,497
D06380.docx,batch01,abstract-ART002378689,human,human,human,522
D06381.docx,batch01,abstract-ART000880438,human,human,human,808
D06382.docx,batch01,abstract-ART000885515,human,human,human,340
D06383.docx,batch01,abstract-ART000867337,human,human,human,755
D06384.docx,batch01,abstract-ART000900021,human,human,human,810
D06385.docx,batch01,abstract-ART000902033,human,human,human,501
D06386.docx,batch01,abstract-ART000906350,human,human,human,804
D06387.docx,batch01,abstract-ART000899426,human,human,human,792
D06388.docx,batch01,abstract-ART000902781,human,human,human,326
D06389.docx,batch01,abstract-ART000903390,human,human,human,464
D06390.docx,batch01,abstract-ART000861405,human,human,human,431
D06391.docx,batch01,abstract-ART000884221,human,human,human,1010
D06392.docx,batch01,abstract-ART000861670,human,human,human,543
D06393.docx,batch01,abstract-ART000857584,human,human,human,312
D06394.docx,batch01,abstract-ART000902583,human,human,human,427
D06395.docx,batch01,abstract-ART000864441,human,human,human,879
D06396.docx,batch01,abstract-ART000863295,human,human,human,868
D06397.docx,batch01,abstract-ART002317816,human,human,human,658
D06398.docx,batch01,abstract-ART000905250,human,human,human,484
D06399.docx,batch01,abstract-ART000869880,human,human,human,402
D06400.docx,batch01,abstract-ART001620436,human,human,human,450
D06401.docx,batch01,abstract-ART002541346,human,human,human,609
D06402.docx,batch01,abstract-ART000868352,human,human,human,488
D06403.docx,batch01,abstract-ART000899177,human,human,human,505
D06404.docx,batch01,abstract-ART000877098,human,human,human,493
D06405.docx,batch01,abstract-ART000871802,human,human,human,730
D06406.docx,batch01,abstract-ART000891513,human,human,human,709
D06407.docx,batch01,abstract-ART000860303,human,human,human,353
D06408.docx,batch01,abstract-ART000894179,human,human,human,369
D06409.docx,batch01,abstract-ART000872131,human,human,human,723
D06410.docx,batch01,abstract-ART000889178,human,human,human,460
D06411.docx,batch01,abstract-ART000889321,human,human,human,591
D06412.docx,batch01,abstract-ART000881111,human,human,human,443
D06413.docx,batch01,abstract-ART000880361,human,human,human,937
D06414.docx,batch01,abstract-ART001256762,human,human,human,565
D06415.docx,batch01,abstract-ART000883969,human,human,human,931
D06416.docx,batch01,abstract-ART000864002,human,human,human,663
D06417.docx,batch01,abstract-ART000878994,human,human,human,489
D06418.docx,batch01,abstract-ART002118253,human,human,human,666
D06419.docx,batch01,abstract-ART000864902,human,human,human,824
D06420.docx,batch01,abstract-ART000854367,human,human,human,303
D06421.docx,batch01,abstract-ART000905319,human,human,human,456
D06422.docx,batch01,abstract-ART000870155,human,human,human,416
D06423.docx,batch01,abstract-ART000877585,human,human,human,372
D06424.docx,batch01,abstract-ART000894738,human,human,human,358
D06425.docx,batch01,abstract-ART000896064,human,human,human,879
D06426.docx,batch01,abstract-ART000868204,human,human,human,456
D06427.docx,batch01,abstract-ART000860369,human,human,human,609
D06428.docx,batch01,abstract-ART000898420,human,human,human,915
D06429.docx,batch01,abstract-ART000902210,human,human,human,572
D06430.docx,batch01,abstract-ART000878458,human,human,human,455
D06431.docx,batch01,abstract-ART000874538,human,human,human,742
D06432.docx,batch01,abstract-ART000861847,human,human,human,395
D06433.docx,batch01,abstract-ART000900023,human,human,human,924
D06434.docx,batch01,abstract-ART001360766,human,human,human,671
D06435.docx,batch01,abstract-ART000865176,human,human,human,534
D06436.docx,batch01,abstract-ART000900482,human,human,human,790
D06437.docx,batch01,abstract-ART000896862,human,human,human,405
D06438.docx,batch01,abstract-ART000903569,human,human,human,642
D06439.docx,batch01,abstract-ART000885774,human,human,human,692
D06440.docx,batch01,abstract-ART000904252,human,human,human,343
D06441.docx,batch01,abstract-ART000901519,human,human,human,368
D06442.docx,batch01,abstract-ART000880582,human,human,human,775
D06443.docx,batch01,abstract-ART000897668,human,human,human,543
D06444.docx,batch01,abstract-ART000902116,human,human,human,427
D06445.docx,batch01,abstract-ART000904873,human,human,human,872
D06446.docx,batch01,abstract-ART000866871,human,human,human,332
D06447.docx,batch01,abstract-ART000852067,human,human,human,324
D06448.docx,batch01,abstract-ART000893599,human,human,human,710
D06449.docx,batch01,abstract-ART000856403,human,human,human,578
D06450.docx,batch01,abstract-ART000869072,human,human,human,798
D06451.docx,batch01,abstract-ART000882821,human,human,human,582
D06452.docx,batch01,abstract-ART000900149,human,human,human,578
D06453.docx,batch01,abstract-ART001474159,human,human,human,464
D06454.docx,batch01,abstract-ART001540191,human,human,human,467
D06455.docx,batch01,abstract-ART000852173,human,human,human,762
D06456.docx,batch01,abstract-ART000904854,human,human,human,667
D06457.docx,batch01,abstract-ART000876540,human,human,human,767
D06458.docx,batch01,abstract-ART000861019,human,human,human,434
D06459.docx,batch01,abstract-ART000868058,human,human,human,895
D06460.docx,batch01,abstract-ART000892914,human,human,human,464
D06461.docx,batch01,abstract-ART000903171,human,human,human,390
D06462.docx,batch01,abstract-ART000852803,human,human,human,366
D06463.docx,batch01,abstract-ART000884174,human,human,human,1190
D06464.docx,batch01,abstract-ART000857589,human,human,human,384
D06465.docx,batch01,abstract-ART000864224,human,human,human,666
D06466.docx,batch01,abstract-ART000857675,human,human,human,612
D06467.docx,batch01,abstract-ART000864193,human,human,human,836
D06468.docx,batch01,abstract-ART000885509,human,human,human,459
D06469.docx,batch01,abstract-ART000862390,human,human,human,524
D06470.docx,batch01,abstract-ART000861031,human,human,human,829
D06471.docx,batch01,abstract-ART000885593,human,human,human,406
D06472.docx,batch01,abstract-ART000869189,human,human,human,692
D06473.docx,batch01,abstract-ART000903243,human,human,human,307
D06474.docx,batch01,abstract-ART000863985,human,human,human,639
D06475.docx,batch01,abstract-ART000900902,human,human,human,921
D06476.docx,batch01,abstract-ART000885597,human,human,human,659
D06477.docx,batch01,abstract-ART000857993,human,human,human,705
D06478.docx,batch01,abstract-ART000880384,human,human,human,414
D06479.docx,batch01,abstract-ART000897351,human,human,human,626
D06480.docx,batch01,abstract-ART000868461,human,human,human,577
D06481.docx,batch01,abstract-ART000882843,human,human,human,402
D06482.docx,batch01,abstract-ART000903273,human,human,human,374
D06483.docx,batch01,abstract-ART000902469,human,human,human,631
D06484.docx,batch01,abstract-ART000858889,human,human,human,491
D06485.docx,batch01,abstract-ART000891629,human,human,human,417
D06486.docx,batch01,abstract-ART000906427,human,human,human,313
D06487.docx,batch01,abstract-ART000897197,human,human,human,436
D06488.docx,batch01,abstract-ART000878967,human,human,human,686
D06489.docx,batch01,abstract-ART000888648,human,human,human,411
D06490.docx,batch01,abstract-ART000896316,human,human,human,395
D06491.docx,batch01,abstract-ART000873969,human,human,human,411
D06492.docx,batch01,abstract-ART000896460,human,human,human,702
D06493.docx,batch01,abstract-ART000889391,human,human,human,521
D06494.docx,batch01,abstract-ART000899845,human,human,human,936
D06495.docx,batch01,abstract-ART000875143,human,human,human,531
D06496.docx,batch01,abstract-ART000882853,human,human,human,545
D06497.docx,batch01,abstract-ART000872909,human,human,human,879
D06498.docx,batch01,abstract-ART000873021,human,human,human,355
D06499.docx,batch01,abstract-ART000901085,human,human,human,349
D06500.docx,batch01,abstract-ART000854369,human,human,human,400
D06501.docx,batch01,abstract-ART000857586,human,human,human,473
D06502.docx,batch01,abstract-ART000875839,human,human,human,547
D06503.docx,batch01,abstract-ART000858322,human,human,human,534
D06504.docx,batch01,abstract-ART000880377,human,human,human,385
D06505.docx,batch01,abstract-ART000898560,human,human,human,350
D06506.docx,batch01,abstract-ART000892529,human,human,human,731
D06507.docx,batch01,abstract-ART000852676,human,human,human,533
D06508.docx,batch01,abstract-ART000851943,human,human,human,978
D06509.docx,batch01,abstract-ART000870156,human,human,human,474
D06510.docx,batch01,abstract-ART000905555,human,human,human,447
D06511.docx,batch01,abstract-ART000868862,human,human,human,1107
D06512.docx,batch01,abstract-ART000893378,human,human,human,628
D06513.docx,batch01,abstract-ART000899185,human,human,human,327
D06514.docx,batch01,abstract-ART000905943,human,human,human,593
D06515.docx,batch01,abstract-ART000902806,human,human,human,539
D06516.docx,batch01,abstract-ART000857937,human,human,human,375
D06517.docx,batch01,abstract-ART000868178,human,human,human,400
D06518.docx,batch01,abstract-ART000900252,human,human,human,460
D06519.docx,batch01,abstract-ART000880954,human,human,human,894
D06520.docx,batch01,abstract-ART001690822,human,human,human,808
D06521.docx,batch01,abstract-ART000864198,human,human,human,403
D06522.docx,batch01,abstract-ART000903389,human,human,human,404
D06523.docx,batch01,abstract-ART000889318,human,human,human,927
D06524.docx,batch01,abstract-ART001613399,human,human,human,581
D06525.docx,batch01,abstract-ART000867755,human,human,human,670
D06526.docx,batch01,abstract-ART002121420,human,human,human,510
D06527.docx,batch01,abstract-ART000906151,human,human,human,557
D06528.docx,batch01,abstract-ART000893850,human,human,human,534
D06529.docx,batch01,abstract-ART001786220,human,human,human,639
D06530.docx,batch01,abstract-ART000856183,human,human,human,346
D06531.docx,batch01,abstract-ART000873022,human,human,human,300
D06532.docx,batch01,abstract-ART000857766,human,human,human,339
D06533.docx,batch01,abstract-ART000858723,human,human,human,1088
D06534.docx,batch01,abstract-ART000905884,human,human,human,681
D06535.docx,batch01,abstract-ART000874661,human,human,human,301
D06536.docx,batch01,abstract-ART000890259,human,human,human,759
D06537.docx,batch01,abstract-ART002318048,human,human,human,547
D06538.docx,batch01,abstract-ART000902202,human,human,human,392
D06539.docx,batch01,abstract-ART000869421,human,human,human,588
D06540.docx,batch01,abstract-ART000864391,human,human,human,541
D06541.docx,batch01,abstract-ART000877077,human,human,human,534
D06542.docx,batch01,abstract-ART000885357,human,human,human,555
D06543.docx,batch01,abstract-ART000866957,human,human,human,527
D06544.docx,batch01,abstract-ART000854112,human,human,human,1152
D06545.docx,batch01,abstract-ART000900078,human,human,human,730
D06546.docx,batch01,abstract-ART000871710,human,human,human,371
D06547.docx,batch01,abstract-ART000888288,human,human,human,500
D06548.docx,batch01,abstract-ART000869882,human,human,human,542
D06549.docx,batch01,abstract-ART001835836,human,human,human,381
D06550.docx,batch01,abstract-ART001517053,human,human,human,395
D06551.docx,batch01,abstract-ART000905412,human,human,human,769
D06552.docx,batch01,abstract-ART000890332,human,human,human,548
D06553.docx,batch01,abstract-ART000903107,human,human,human,431
D06554.docx,batch01,abstract-ART000859693,human,human,human,907
D06555.docx,batch01,abstract-ART000905266,human,human,human,316
D06556.docx,batch01,abstract-ART000900523,human,human,human,601
D06557.docx,batch01,abstract-ART000893852,human,human,human,699
D06558.docx,batch01,abstract-ART000852136,human,human,human,516
D06559.docx,batch01,abstract-ART000890726,human,human,human,610
D06560.docx,batch01,abstract-ART000860809,human,human,human,454
D06561.docx,batch01,abstract-ART000863531,human,human,human,309
D06562.docx,batch01,abstract-ART000905891,human,human,human,493
D06563.docx,batch01,abstract-ART000904968,human,human,human,519
D06564.docx,batch01,abstract-ART000903025,human,human,human,323
D06565.docx,batch01,abstract-ART000864309,human,human,human,389
D06566.docx,batch01,abstract-ART000888663,human,human,human,692
D06567.docx,batch01,abstract-ART000867295,human,human,human,448
D06568.docx,batch01,abstract-ART000899354,human,human,human,765
D06569.docx,batch01,abstract-ART000906147,human,human,human,506
D06570.docx,batch01,abstract-ART001649859,human,human,human,769
D06571.docx,batch01,abstract-ART001942374,human,human,human,484
D06572.docx,batch01,abstract-ART000904243,human,human,human,521
D06573.docx,batch01,abstract-ART000900172,human,human,human,448
D06574.docx,batch01,abstract-ART000861325,human,human,human,378
D06575.docx,batch01,abstract-ART000861078,human,human,human,470
D06576.docx,batch01,abstract-ART000897124,human,human,human,458
D06577.docx,batch01,abstract-ART000868139,human,human,human,340
D06578.docx,batch01,abstract-ART000873553,human,human,human,405
D06579.docx,batch01,abstract-ART000894414,human,human,human,634
D06580.docx,batch01,abstract-ART000852989,human,human,human,316
D06581.docx,batch01,abstract-ART000902258,human,human,human,498
D06582.docx,batch01,abstract-ART001621270,human,human,human,351
D06583.docx,batch01,abstract-ART000901534,human,human,human,558
D06584.docx,batch01,abstract-ART000864280,human,human,human,535
D06585.docx,batch01,abstract-ART001509769,human,human,human,530
D06586.docx,batch01,abstract-ART001640281,human,human,human,797
D06587.docx,batch01,abstract-ART000880290,human,human,human,434
D06588.docx,batch01,abstract-ART000898439,human,human,human,686
D06589.docx,batch01,abstract-ART000852420,human,human,human,916
D06590.docx,batch01,abstract-ART000861036,human,human,human,430
D06591.docx,batch01,abstract-ART000884626,human,human,human,597
D06592.docx,batch01,abstract-ART000866945,human,human,human,641
D06593.docx,batch01,abstract-ART000901791,human,human,human,472
D06594.docx,batch01,abstract-ART000853228,human,human,human,503
D06595.docx,batch01,abstract-ART000851241,human,human,human,558
D06596.docx,batch01,abstract-ART000896208,human,human,human,496
D06597.docx,batch01,abstract-ART000885064,human,human,human,936
D06598.docx,batch01,abstract-ART000880208,human,human,human,311
D06599.docx,batch01,abstract-ART002469060,human,human,human,1021
D06600.docx,batch01,abstract-ART000887112,human,human,human,420
D06601.docx,batch01,abstract-ART000868936,human,human,human,317
D06602.docx,batch01,abstract-ART000861918,human,human,human,710
D06603.docx,batch01,abstract-ART000888395,human,human,human,421
D06604.docx,batch01,abstract-ART000884085,human,human,human,510
D06605.docx,batch01,abstract-ART000872675,human,human,human,569
D06606.docx,batch01,abstract-ART000895661,human,human,human,699
D06607.docx,batch01,abstract-ART000876017,human,human,human,649
D06608.docx,batch01,abstract-ART000869498,human,human,human,539
D06609.docx,batch01,abstract-ART000906036,human,human,human,657
D06610.docx,batch01,abstract-ART002502699,human,human,human,879
D06611.docx,batch01,abstract-ART000892815,human,human,human,511
D06612.docx,batch01,abstract-ART002516320,human,human,human,493
D06613.docx,batch01,abstract-ART000872631,human,human,human,430
D06614.docx,batch01,abstract-ART000899839,human,human,human,1118
D06615.docx,batch01,abstract-ART001871294,human,human,human,528
D06616.docx,batch01,abstract-ART000860366,human,human,human,442
D06617.docx,batch01,abstract-ART000904697,human,human,human,407
D06618.docx,batch01,abstract-ART000902287,human,human,human,671
D06619.docx,batch01,abstract-ART000861283,human,human,human,920
D06620.docx,batch01,abstract-ART000892971,human,human,human,322
D06621.docx,batch01,abstract-ART002002305,human,human,human,1057
D06622.docx,batch01,abstract-ART000891952,human,human,human,439
D06623.docx,batch01,abstract-ART000902634,human,human,human,309
D06624.docx,batch01,abstract-ART000905501,human,human,human,409
D06625.docx,batch01,abstract-ART000897402,human,human,human,1128
D06626.docx,batch01,abstract-ART001064649,human,human,human,451
D06627.docx,batch01,abstract-ART000879074,human,human,human,826
D06628.docx,batch01,abstract-ART000852314,human,human,human,759
D06629.docx,batch01,abstract-ART000860342,human,human,human,360
D06630.docx,batch01,abstract-ART000875322,human,human,human,399
D06631.docx,batch01,abstract-ART002318036,human,human,human,415
D06632.docx,batch01,abstract-ART000884976,human,human,human,510
D06633.docx,batch01,abstract-ART000892086,human,human,human,992
D06634.docx,batch01,abstract-ART000861147,human,human,human,469
D06635.docx,batch01,abstract-ART000893844,human,human,human,529
D06636.docx,batch01,abstract-ART000878459,human,human,human,409
D06637.docx,batch01,abstract-ART000869333,human,human,human,305
D06638.docx,batch01,abstract-ART000905931,human,human,human,475
D06639.docx,batch01,abstract-ART001553576,human,human,human,408
D06640.docx,batch01,abstract-ART001509784,human,human,human,654
D06641.docx,batch01,abstract-ART000885608,human,human,human,975
D06642.docx,batch01,abstract-ART000861427,human,human,human,311
D06643.docx,batch01,abstract-ART002156594,human,human,human,790
D06644.docx,batch01,abstract-ART000880140,human,human,human,307
D06645.docx,batch01,abstract-ART000899674,human,human,human,871
D06646.docx,batch01,abstract-ART002069254,human,human,human,532
D06647.docx,batch01,abstract-ART000875845,human,human,human,468
D06648.docx,batch01,abstract-ART000898744,human,human,human,940
D06649.docx,batch01,abstract-ART000888874,human,human,human,732
D06650.docx,batch01,abstract-ART000851492,human,human,human,617
D06651.docx,batch01,abstract-ART000857824,human,human,human,352
D06652.docx,batch01,abstract-ART000869148,human,human,human,725
D06653.docx,batch01,abstract-ART002002291,human,human,human,639
D06654.docx,batch01,abstract-ART000903584,human,human,human,412
D06655.docx,batch01,abstract-ART001509883,human,human,human,590
D06656.docx,batch01,abstract-ART000900922,human,human,human,357
D06657.docx,batch01,abstract-ART000867753,human,human,human,587
D06658.docx,batch01,abstract-ART000893198,human,human,human,367
D06659.docx,batch01,abstract-ART000864015,human,human,human,620
D06660.docx,batch01,abstract-ART000902760,human,human,human,369
D06661.docx,batch01,abstract-ART000903246,human,human,human,339
D06662.docx,batch01,abstract-ART000862106,human,human,human,356
D06663.docx,batch01,abstract-ART000861940,human,human,human,457
D06664.docx,batch01,abstract-ART000891780,human,human,human,465
D06665.docx,batch01,abstract-ART000853221,human,human,human,1022
D06666.docx,batch01,abstract-ART000879978,human,human,human,481
D06667.docx,batch01,abstract-ART000882826,human,human,human,490
D06668.docx,batch01,abstract-ART001368781,human,human,human,457
D06669.docx,batch01,abstract-ART000884630,human,human,human,682
D06670.docx,batch01,abstract-ART000887954,human,human,human,652
D06671.docx,batch01,abstract-ART000904246,human,human,human,486
D06672.docx,batch01,abstract-ART000904427,human,human,human,486
D06673.docx,batch01,abstract-ART000883487,human,human,human,531
D06674.docx,batch01,abstract-ART000904620,human,human,human,829
D06675.docx,batch01,abstract-ART000854200,human,human,human,844
D06676.docx,batch01,abstract-ART000903289,human,human,human,696
D06677.docx,batch01,abstract-ART000889384,human,human,human,600
D06678.docx,batch01,abstract-ART000873434,human,human,human,976
D06679.docx,batch01,abstract-ART000871902,human,human,human,366
D06680.docx,batch01,abstract-ART000904979,human,human,human,429
D06681.docx,batch01,abstract-ART000852039,human,human,human,1076
D06682.docx,batch01,abstract-ART000900170,human,human,human,646
D06683.docx,batch01,abstract-ART000889022,human,human,human,402
D06684.docx,batch01,abstract-ART000860803,human,human,human,535
D06685.docx,batch01,abstract-ART000905212,human,human,human,625
D06686.docx,batch01,abstract-ART002495666,human,human,human,540
D06687.docx,batch01,abstract-ART000895407,human,human,human,620
D06688.docx,batch01,abstract-ART000894048,human,human,human,505
D06689.docx,batch01,abstract-ART000863876,human,human,human,514
D06690.docx,batch01,abstract-ART000865968,human,human,human,419
D06691.docx,batch01,abstract-ART002349076,human,human,human,700
D06692.docx,batch01,abstract-ART000860966,human,human,human,890
D06693.docx,batch01,abstract-ART000875312,human,human,human,374
D06694.docx,batch01,abstract-ART000901192,human,human,human,451
D06695.docx,batch01,abstract-ART000896068,human,human,human,677
D06696.docx,batch01,abstract-ART001613361,human,human,human,429
D06697.docx,batch01,abstract-ART000880457,human,human,human,493
D06698.docx,batch01,abstract-ART000899886,human,human,human,1092
D06699.docx,batch01,abstract-ART000902990,human,human,human,637
D06700.docx,batch01,abstract-ART000861915,human,human,human,428
D06701.docx,batch01,abstract-ART000901330,human,human,human,517
D06702.docx,batch01,abstract-ART000852076,human,human,human,872
D06703.docx,batch01,abstract-ART000852557,human,human,human,370
D06704.docx,batch01,abstract-ART001942291,human,human,human,992
D06705.docx,batch01,abstract-ART000861757,human,human,human,355
D06706.docx,batch01,abstract-ART000905964,human,human,human,301
D06707.docx,batch01,abstract-ART000895444,human,human,human,439
D06708.docx,batch01,abstract-ART000901341,human,human,human,1147
D06709.docx,batch01,abstract-ART000863070,human,human,human,614
D06710.docx,batch01,abstract-ART000893676,human,human,human,451
D06711.docx,batch01,abstract-ART000851859,human,human,human,801
D06712.docx,batch01,abstract-ART000855202,human,human,human,462
D06713.docx,batch01,abstract-ART000896182,human,human,human,501
D06714.docx,batch01,abstract-ART000856392,human,human,human,558
D06715.docx,batch01,abstract-ART001753043,human,human,human,504
D06716.docx,batch01,abstract-ART000900225,human,human,human,589
D06717.docx,batch01,abstract-ART000902051,human,human,human,533
D06718.docx,batch01,abstract-ART000875394,human,human,human,452
D06719.docx,batch01,abstract-ART000863541,human,human,human,340
D06720.docx,batch01,abstract-ART000895649,human,human,human,383
D06721.docx,batch01,abstract-ART000862089,human,human,human,366
D06722.docx,batch01,abstract-ART000887037,human,human,human,509
D06723.docx,batch01,abstract-ART000868511,human,human,human,631
D06724.docx,batch01,abstract-ART000895379,human,human,human,669
D06725.docx,batch01,abstract-ART000886003,human,human,human,942
D06726.docx,batch01,abstract-ART001894983,human,human,human,524
D06727.docx,batch01,abstract-ART000898534,human,human,human,562
D06728.docx,batch01,abstract-ART000903052,human,human,human,704
D06729.docx,batch01,abstract-ART000869565,human,human,human,443
D06730.docx,batch01,abstract-ART000902705,human,human,human,427
D06731.docx,batch01,abstract-ART000872160,human,human,human,375
D06732.docx,batch01,abstract-ART000864448,human,human,human,865
D06733.docx,batch01,abstract-ART000902348,human,human,human,502
D06734.docx,batch01,abstract-ART000904883,human,human,human,412
D06735.docx,batch01,abstract-ART000868196,human,human,human,696
D06736.docx,batch01,abstract-ART000904022,human,human,human,666
D06737.docx,batch01,abstract-ART000852647,human,human,human,623
D06738.docx,batch01,abstract-ART000877164,human,human,human,1140
D06739.docx,batch01,abstract-ART000858177,human,human,human,580
D06740.docx,batch01,abstract-ART000875841,human,human,human,623
D06741.docx,batch01,abstract-ART000896372,human,human,human,372
D06742.docx,batch01,abstract-ART001336834,human,human,human,563
D06743.docx,batch01,abstract-ART000870015,human,human,human,344
D06744.docx,batch01,abstract-ART000902731,human,human,human,315
D06745.docx,batch01,abstract-ART000860879,human,human,human,491
D06746.docx,batch01,abstract-ART000851138,human,human,human,722
D06747.docx,batch01,abstract-ART000872106,human,human,human,1000
D06748.docx,batch01,abstract-ART000904805,human,human,human,579
D06749.docx,batch01,abstract-ART000897802,human,human,human,690
D06750.docx,batch01,abstract-ART000871097,human,human,human,396
D06751.docx,batch01,abstract-ART000880221,human,human,human,662
D06752.docx,batch01,abstract-ART000900141,human,human,human,640
D06753.docx,batch01,abstract-ART000873577,human,human,human,538
D06754.docx,batch01,abstract-ART000852804,human,human,human,514
D06755.docx,batch01,abstract-ART001833890,human,human,human,606
D06756.docx,batch01,abstract-ART002318015,human,human,human,762
D06757.docx,batch01,abstract-ART000898125,human,human,human,700
D06758.docx,batch01,abstract-ART000883418,human,human,human,939
D06759.docx,batch01,abstract-ART000873856,human,human,human,485
D06760.docx,batch01,abstract-ART000902201,human,human,human,521
D06761.docx,batch01,abstract-ART000864027,human,human,human,872
D06762.docx,batch01,abstract-ART000872440,human,human,human,666
D06763.docx,batch01,abstract-ART000900138,human,human,human,364
D06764.docx,batch01,abstract-ART000892915,human,human,human,514
D06765.docx,batch01,abstract-ART000860331,human,human,human,615
D06766.docx,batch01,abstract-ART001938124,human,human,human,600
D06767.docx,batch01,abstract-ART000868185,human,human,human,367
D06768.docx,batch01,abstract-ART000888292,human,human,human,406
D06769.docx,batch01,abstract-ART000899268,human,human,human,410
D06770.docx,batch01,abstract-ART000903581,human,human,human,382
D06771.docx,batch01,abstract-ART000905603,human,human,human,466
D06772.docx,batch01,abstract-ART000905718,human,human,human,647
D06773.docx,batch01,abstract-ART001673501,human,human,human,400
D06774.docx,batch01,abstract-ART002350323,human,human,human,446
D06775.docx,batch01,abstract-ART000852639,human,human,human,794
D06776.docx,batch01,abstract-ART000888117,human,human,human,631
D06777.docx,batch01,abstract-ART000888684,human,human,human,799
D06778.docx,batch01,abstract-ART000905065,human,human,human,358
D06779.docx,batch01,abstract-ART000865308,human,human,human,672
D06780.docx,batch01,abstract-ART000887704,human,human,human,632
D06781.docx,batch01,abstract-ART000869228,human,human,human,741
D06782.docx,batch01,abstract-ART000899924,human,human,human,804
D06783.docx,batch01,abstract-ART000876256,human,human,human,1151
D06784.docx,batch01,abstract-ART000900686,human,human,human,471
D06785.docx,batch01,abstract-ART001598636,human,human,human,727
D06786.docx,batch01,abstract-ART000882849,human,human,human,354
D06787.docx,batch01,abstract-ART000889374,human,human,human,560
D06788.docx,batch01,abstract-ART000889377,human,human,human,461
D06789.docx,batch01,abstract-ART000901532,human,human,human,360
D06790.docx,batch01,abstract-ART000881038,human,human,human,532
D06791.docx,batch01,abstract-ART000902221,human,human,human,500
D06792.docx,batch01,abstract-ART000893150,human,human,human,817
D06793.docx,batch01,abstract-ART000885770,human,human,human,475
D06794.docx,batch01,abstract-ART002487266,human,human,human,544
D06795.docx,batch01,abstract-ART000889045,human,human,human,775
D06796.docx,batch01,abstract-ART000852204,human,human,human,621
D06797.docx,batch01,abstract-ART000884108,human,human,human,977
D06798.docx,batch01,abstract-ART000874599,human,human,human,310
D06799.docx,batch01,abstract-ART001155613,human,human,human,608
D06800.docx,batch01,abstract-ART000905344,human,human,human,427
D06801.docx,batch01,abstract-ART000852022,human,human,human,348
D06802.docx,batch01,abstract-ART000905581,human,human,human,371
D06803.docx,batch01,abstract-ART000899286,human,human,human,326
D06804.docx,batch01,abstract-ART000860960,human,human,human,702
D06805.docx,batch01,abstract-ART001603364,human,human,human,781
D06806.docx,batch01,abstract-ART000850839,human,human,human,510
D06807.docx,batch01,abstract-ART000867508,human,human,human,352
D06808.docx,batch01,abstract-ART000854038,human,human,human,599
D06809.docx,batch01,abstract-ART000858720,human,human,human,1180
D06810.docx,batch01,abstract-ART000861213,human,human,human,736
D06811.docx,batch01,abstract-ART001955652,human,human,human,557
D06812.docx,batch01,abstract-ART000879959,human,human,human,316
D06813.docx,batch01,abstract-ART000892911,human,human,human,1118
D06814.docx,batch01,abstract-ART001015868,human,human,human,457
D06815.docx,batch01,abstract-ART000860102,human,human,human,937
D06816.docx,batch01,abstract-ART000901199,human,human,human,923
D06817.docx,batch01,abstract-ART000888597,human,human,human,1040
D06818.docx,batch01,abstract-ART000867752,human,human,human,602
D06819.docx,batch01,abstract-ART000902768,human,human,human,732
D06820.docx,batch01,abstract-ART002007273,human,human,human,505
D06821.docx,batch01,abstract-ART000870018,human,human,human,521
D06822.docx,batch01,abstract-ART000889548,human,human,human,577
D06823.docx,batch01,abstract-ART000888974,human,human,human,956
D06824.docx,batch01,abstract-ART000880476,human,human,human,675
D06825.docx,batch01,abstract-ART000871708,human,human,human,385
D06826.docx,batch01,abstract-ART000874254,human,human,human,315
D06827.docx,batch01,abstract-ART000856065,human,human,human,528
D06828.docx,batch01,abstract-ART000857892,human,human,human,695
D06829.docx,batch01,abstract-ART000867654,human,human,human,472
D06830.docx,batch01,abstract-ART000877181,human,human,human,786
D06831.docx,batch01,abstract-ART000857407,human,human,human,431
D06832.docx,batch01,abstract-ART002032638,human,human,human,599
D06833.docx,batch01,abstract-ART000851499,human,human,human,494
D06834.docx,batch01,abstract-ART000852293,human,human,human,340
D06835.docx,batch01,abstract-ART000852032,human,human,human,523
D06836.docx,batch01,abstract-ART000889766,human,human,human,726
D06837.docx,batch01,abstract-ART000888222,human,human,human,898
D06838.docx,batch01,abstract-ART000903407,human,human,human,446
D06839.docx,batch01,abstract-ART000864831,human,human,human,644
D06840.docx,batch01,abstract-ART000905560,human,human,human,631
D06841.docx,batch01,abstract-ART002118864,human,human,human,544
D06842.docx,batch01,abstract-ART000875750,human,human,human,474
D06843.docx,batch01,abstract-ART000855977,human,human,human,848
D06844.docx,batch01,abstract-ART000901044,human,human,human,817
D06845.docx,batch01,abstract-ART000866098,human,human,human,456
D06846.docx,batch01,abstract-ART001786196,human,human,human,500
D06847.docx,batch01,abstract-ART000868268,human,human,human,612
D06848.docx,batch01,abstract-ART000903788,human,human,human,329
D06849.docx,batch01,abstract-ART001876058,human,human,human,509
D06850.docx,batch01,abstract-ART000906437,human,human,human,417
D06851.docx,batch01,abstract-ART001579863,human,human,human,696
D06852.docx,batch01,abstract-ART000885418,human,human,human,472
D06853.docx,batch01,abstract-ART000881754,human,human,human,337
D06854.docx,batch01,abstract-ART000888491,human,human,human,480
D06855.docx,batch01,abstract-ART000904955,human,human,human,489
D06856.docx,batch01,abstract-ART000905803,human,human,human,651
D06857.docx,batch01,abstract-ART002062357,human,human,human,496
D06858.docx,batch01,abstract-ART000884797,human,human,human,859
D06859.docx,batch01,abstract-ART000888727,human,human,human,421
D06860.docx,batch01,abstract-ART000895596,human,human,human,340
D06861.docx,batch01,abstract-ART000906425,human,human,human,630
D06862.docx,batch01,abstract-ART001796379,human,human,human,554
D06863.docx,batch01,abstract-ART000863554,human,human,human,679
D06864.docx,batch01,abstract-ART000903051,human,human,human,566
D06865.docx,batch01,abstract-ART000869978,human,human,human,462
D06866.docx,batch01,abstract-ART002176022,human,human,human,341
D06867.docx,batch01,abstract-ART000855224,human,human,human,391
D06868.docx,batch01,abstract-ART000875640,human,human,human,601
D06869.docx,batch01,abstract-ART000890173,human,human,human,329
D06870.docx,batch01,abstract-ART000905850,human,human,human,485
D06871.docx,batch01,abstract-ART000879620,human,human,human,336
D06872.docx,batch01,abstract-ART000890175,human,human,human,533
D06873.docx,batch01,abstract-ART000905966,human,human,human,485
D06874.docx,batch01,abstract-ART001713840,human,human,human,646
D06875.docx,batch01,abstract-ART001890479,human,human,human,875
D06876.docx,batch01,abstract-ART000902256,human,human,human,532
D06877.docx,batch01,abstract-ART000904969,human,human,human,367
D06878.docx,batch01,abstract-ART000850836,human,human,human,580
D06879.docx,batch01,abstract-ART000900074,human,human,human,680
D06880.docx,batch01,abstract-ART000903493,human,human,human,622
D06881.docx,batch01,abstract-ART000898552,human,human,human,364
D06882.docx,batch01,abstract-ART000900937,human,human,human,457
D06883.docx,batch01,abstract-ART000857309,human,human,human,1097
D06884.docx,batch01,abstract-ART002459557,human,human,human,466
D06885.docx,batch01,abstract-ART000859811,human,human,human,651
D06886.docx,batch01,abstract-ART000892184,human,human,human,361
D06887.docx,batch01,abstract-ART000876988,human,human,human,365
D06888.docx,batch01,abstract-ART000856275,human,human,human,331
D06889.docx,batch01,abstract-ART000888527,human,human,human,960
D06890.docx,batch01,abstract-ART000887409,human,human,human,433
D06891.docx,batch01,abstract-ART000892814,human,human,human,432
D06892.docx,batch01,abstract-ART000895581,human,human,human,463
D06893.docx,batch01,abstract-ART000880050,human,human,human,383
D06894.docx,batch01,abstract-ART000896085,human,human,human,384
D06895.docx,batch01,abstract-ART000876823,human,human,human,730
D06896.docx,batch01,abstract-ART000872895,human,human,human,795
D06897.docx,batch01,abstract-ART000852165,human,human,human,503
D06898.docx,batch01,abstract-ART000906046,human,human,human,541
D06899.docx,batch01,abstract-ART000902058,human,human,human,734
D06900.docx,batch01,abstract-ART001511123,human,human,human,626
D06901.docx,batch01,abstract-ART001669844,human,human,human,730
D06902.docx,batch01,abstract-ART000863993,human,human,human,430
D06903.docx,batch01,abstract-ART000864549,human,human,human,303
D06904.docx,batch01,abstract-ART000861127,human,human,human,526
D06905.docx,batch01,abstract-ART000861858,human,human,human,797
D06906.docx,batch01,abstract-ART000880558,human,human,human,1099
D06907.docx,batch01,abstract-ART000875921,human,human,human,440
D06908.docx,batch01,abstract-ART000875339,human,human,human,684
D06909.docx,batch01,abstract-ART000899675,human,human,human,618
D06910.docx,batch01,abstract-ART000858591,human,human,human,1026
D06911.docx,batch01,abstract-ART000881246,human,human,human,916
D06912.docx,batch01,abstract-ART000898052,human,human,human,661
D06913.docx,batch01,abstract-ART000884795,human,human,human,789
D06914.docx,batch01,abstract-ART000879770,human,human,human,484
D06915.docx,batch01,abstract-ART000890153,human,human,human,376
D06916.docx,batch01,abstract-ART000903627,human,human,human,452
D06917.docx,batch01,abstract-ART000860876,human,human,human,310
D06918.docx,batch01,abstract-ART000868365,human,human,human,1086
D06919.docx,batch01,abstract-ART000884332,human,human,human,759
D06920.docx,batch01,abstract-ART000880220,human,human,human,518
D06921.docx,batch01,abstract-ART000879702,human,human,human,757
D06922.docx,batch01,abstract-ART001532661,human,human,human,546
D06923.docx,batch01,abstract-ART000904717,human,human,human,487
D06924.docx,batch01,abstract-ART000854033,human,human,human,1122
D06925.docx,batch01,abstract-ART000852805,human,human,human,431
D06926.docx,batch01,abstract-ART000876531,human,human,human,405
D06927.docx,batch01,abstract-ART000870286,human,human,human,370
D06928.docx,batch01,abstract-ART000887029,human,human,human,806
D06929.docx,batch01,abstract-ART000883822,human,human,human,553
D06930.docx,batch01,abstract-ART000898551,human,human,human,302
D06931.docx,batch01,abstract-ART000858575,human,human,human,588
D06932.docx,batch01,abstract-ART001994245,human,human,human,755
D06933.docx,batch01,abstract-ART000903577,human,human,human,437
D06934.docx,batch01,abstract-ART000867385,human,human,human,521
D06935.docx,batch01,abstract-ART000905252,human,human,human,413
D06936.docx,batch01,abstract-ART000903775,human,human,human,333
D06937.docx,batch01,abstract-ART000858178,human,human,human,462
D06938.docx,batch01,abstract-ART000880799,human,human,human,965
D06939.docx,batch01,abstract-ART000860712,human,human,human,439
D06940.docx,batch01,abstract-ART000864368,human,human,human,450
D06941.docx,batch01,abstract-ART000904777,human,human,human,331
D06942.docx,batch01,abstract-ART000868360,human,human,human,775
D06943.docx,batch01,abstract-ART000863623,human,human,human,515
D06944.docx,batch01,abstract-ART000900608,human,human,human,538
D06945.docx,batch01,abstract-ART000877010,human,human,human,518
D06946.docx,batch01,abstract-ART000884465,human,human,human,947
D06947.docx,batch01,abstract-ART000861844,human,human,human,339
D06948.docx,batch01,abstract-ART002050441,human,human,human,493
D06949.docx,batch01,abstract-ART000901471,human,human,human,911
D06950.docx,batch01,abstract-ART000880557,human,human,human,1081
D06951.docx,batch01,abstract-ART000902453,human,human,human,521
D06952.docx,batch01,abstract-ART000865044,human,human,human,405
D06953.docx,batch01,abstract-ART000888741,human,human,human,751
D06954.docx,batch01,abstract-ART000860186,human,human,human,402
D06955.docx,batch01,abstract-ART000869325,human,human,human,862
D06956.docx,batch01,abstract-ART000874488,human,human,human,1030
D06957.docx,batch01,abstract-ART000898219,human,human,human,1080
D06958.docx,batch01,abstract-ART000898456,human,human,human,537
D06959.docx,batch01,abstract-ART002494519,human,human,human,634
D06960.docx,batch01,abstract-ART002482787,human,human,human,569
D06961.docx,batch01,abstract-ART000853497,human,human,human,895
D06962.docx,batch01,abstract-ART000905991,human,human,human,387
D06963.docx,batch01,abstract-ART000888626,human,human,human,899
D06964.docx,batch01,abstract-ART002317696,human,human,human,459
D06965.docx,batch01,abstract-ART000868515,human,human,human,726
D06966.docx,batch01,abstract-ART000860377,human,human,human,568
D06967.docx,batch01,abstract-ART000880119,human,human,human,365
D06968.docx,batch01,abstract-ART000905225,human,human,human,689
D06969.docx,batch01,abstract-ART000888567,human,human,human,542
D06970.docx,batch01,abstract-ART000863620,human,human,human,413
D06971.docx,batch01,abstract-ART000873574,human,human,human,632
D06972.docx,batch01,abstract-ART000862485,human,human,human,532
D06973.docx,batch01,abstract-ART000903649,human,human,human,407
D06974.docx,batch01,abstract-ART000874570,human,human,human,619
D06975.docx,batch01,abstract-ART000869190,human,human,human,709
D06976.docx,batch01,abstract-ART000858018,human,human,human,1015
D06977.docx,batch01,abstract-ART000893756,human,human,human,346
D06978.docx,batch01,abstract-ART000901122,human,human,human,638
D06979.docx,batch01,abstract-ART000905941,human,human,human,348
D06980.docx,batch01,abstract-ART000868934,human,human,human,515
D06981.docx,batch01,abstract-ART001424854,human,human,human,336
D06982.docx,batch01,abstract-ART001705828,human,human,human,713
D06983.docx,batch01,abstract-ART000865050,human,human,human,580
D06984.docx,batch01,abstract-ART000868271,human,human,human,362
D06985.docx,batch01,abstract-ART000904886,human,human,human,500
D06986.docx,batch01,abstract-ART001621068,human,human,human,491
D06987.docx,batch01,abstract-ART000898629,human,human,human,414
D06988.docx,batch01,abstract-ART001821345,human,human,human,677
D06989.docx,batch01,abstract-ART001673588,human,human,human,826
D06990.docx,batch01,abstract-ART000884767,human,human,human,469
D06991.docx,batch01,abstract-ART001900990,human,human,human,906
D06992.docx,batch01,abstract-ART000876005,human,human,human,599
D06993.docx,batch01,abstract-ART000869644,human,human,human,806
D06994.docx,batch01,abstract-ART000894229,human,human,human,447
D06995.docx,batch01,abstract-ART000884463,human,human,human,874
D06996.docx,batch01,abstract-ART000868475,human,human,human,710
D06997.docx,batch01,abstract-ART000903490,human,human,human,334
D06998.docx,batch01,abstract-ART000901253,human,human,human,618
D06999.docx,batch01,abstract-ART000873613,human,human,human,565
D07000.docx,batch01,abstract-ART001872492,human,human,human,655
D07001.docx,batch01,abstract-ART000861404,human,human,human,589
D07002.docx,batch01,abstract-ART000863073,human,human,human,424
D07003.docx,batch01,abstract-ART000892652,human,human,human,361
D07004.docx,batch01,abstract-ART000856311,human,human,human,755
D07005.docx,batch01,abstract-ART000850960,human,human,human,555
D07006.docx,batch01,abstract-ART000896454,human,human,human,356
D07007.docx,batch01,abstract-ART000893253,human,human,human,789
D07008.docx,batch01,abstract-ART000869156,human,human,human,410
D07009.docx,batch01,abstract-ART000889288,human,human,human,932
D07010.docx,batch01,abstract-ART000864893,human,human,human,350
D07011.docx,batch01,abstract-ART001716268,human,human,human,632
D07012.docx,batch01,abstract-ART000900697,human,human,human,526
D07013.docx,batch01,abstract-ART000905232,human,human,human,345
D07014.docx,batch01,abstract-ART000884536,human,human,human,970
D07015.docx,batch01,abstract-ART000893204,human,human,human,493
D07016.docx,batch01,abstract-ART000899507,human,human,human,622
D07017.docx,batch01,abstract-ART000893191,human,human,human,634
D07018.docx,batch01,abstract-ART000903391,human,human,human,482
D07019.docx,batch01,abstract-ART000883338,human,human,human,590
D07020.docx,batch01,abstract-ART000861089,human,human,human,559
D07021.docx,batch01,abstract-ART000878997,human,human,human,630
D07022.docx,batch01,abstract-ART000864393,human,human,human,780
D07023.docx,batch01,abstract-ART000864885,human,human,human,356
D07024.docx,batch01,abstract-ART000863197,human,human,human,445
D07025.docx,batch01,abstract-ART000895530,human,human,human,802
D07026.docx,batch01,abstract-ART000904708,human,human,human,748
D07027.docx,batch01,abstract-ART000852256,human,human,human,491
D07028.docx,batch01,abstract-ART000895833,human,human,human,690
D07029.docx,batch01,abstract-ART000861209,human,human,human,884
D07030.docx,batch01,abstract-ART000899890,human,human,human,461
D07031.docx,batch01,abstract-ART000861118,human,human,human,349
D07032.docx,batch01,abstract-ART000861414,human,human,human,397
D07033.docx,batch01,abstract-ART000907448,human,human,human,306
D07034.docx,batch01,abstract-ART000881028,human,human,human,525
D07035.docx,batch01,abstract-ART002121411,human,human,human,583
D07036.docx,batch01,abstract-ART000854167,human,human,human,473
D07037.docx,batch01,abstract-ART000865206,human,human,human,661
D07038.docx,batch01,abstract-ART000873019,human,human,human,359
D07039.docx,batch01,abstract-ART000851249,human,human,human,606
D07040.docx,batch01,abstract-ART001517100,human,human,human,598
D07041.docx,batch01,abstract-ART000868203,human,human,human,472
D07042.docx,batch01,abstract-ART000852168,human,human,human,471
D07043.docx,batch01,abstract-ART000864472,human,human,human,645
D07044.docx,batch01,abstract-ART000862024,human,human,human,451
D07045.docx,batch01,abstract-ART000906218,human,human,human,598
D07046.docx,batch01,abstract-ART002335533,human,human,human,428
D07047.docx,batch01,abstract-ART000900422,human,human,human,518
D07048.docx,batch01,abstract-ART002442176,human,human,human,800
D07049.docx,batch01,abstract-ART000881947,human,human,human,633
D07050.docx,batch01,abstract-ART000864380,human,human,human,661
D07051.docx,batch01,abstract-ART001620447,human,human,human,633
D07052.docx,batch01,abstract-ART000882851,human,human,human,541
D07053.docx,batch01,abstract-ART000878887,human,human,human,821
D07054.docx,batch01,abstract-ART000900932,human,human,human,474
D07055.docx,batch01,abstract-ART000864282,human,human,human,521
D07056.docx,batch01,abstract-ART000884697,human,human,human,459
D07057.docx,batch01,abstract-ART000860576,human,human,human,412
D07058.docx,batch01,abstract-ART000862015,human,human,human,414
D07059.docx,batch01,abstract-ART000871188,human,human,human,555
D07060.docx,batch01,abstract-ART000903507,human,human,human,313
D07061.docx,batch01,abstract-ART000900423,human,human,human,758
D07062.docx,batch01,abstract-ART000873436,human,human,human,846
D07063.docx,batch01,abstract-ART000899519,human,human,human,638
D07064.docx,batch01,abstract-ART000905658,human,human,human,470
D07065.docx,batch01,abstract-ART000867237,human,human,human,431
D07066.docx,batch01,abstract-ART000852550,human,human,human,387
D07067.docx,batch01,abstract-ART000885312,human,human,human,457
D07068.docx,batch01,abstract-ART000896471,human,human,human,363
D07069.docx,batch01,abstract-ART000863297,human,human,human,708
D07070.docx,batch01,abstract-ART002451967,human,human,human,629
D07071.docx,batch01,abstract-ART000888510,human,human,human,619
D07072.docx,batch01,abstract-ART001598648,human,human,human,957
D07073.docx,batch01,abstract-ART000905993,human,human,human,769
D07074.docx,batch01,abstract-ART000881312,human,human,human,907
D07075.docx,batch01,abstract-ART000864766,human,human,human,802
D07076.docx,batch01,abstract-ART000906058,human,human,human,658
D07077.docx,batch01,abstract-ART000874639,human,human,human,939
D07078.docx,batch01,abstract-ART000883649,human,human,human,551
D07079.docx,batch01,abstract-ART000908188,human,human,human,484
D07080.docx,batch01,abstract-ART000905663,human,human,human,501
D07081.docx,batch01,abstract-ART000860719,human,human,human,751
D07082.docx,batch01,abstract-ART000868206,human,human,human,347
D07083.docx,batch01,abstract-ART000872835,human,human,human,858
D07084.docx,batch01,abstract-ART000863205,human,human,human,705
D07085.docx,batch01,abstract-ART000872105,human,human,human,314
D07086.docx,batch01,abstract-ART000868458,human,human,human,479
D07087.docx,batch01,abstract-ART000906327,human,human,human,311
D07088.docx,batch01,abstract-ART000885301,human,human,human,502
D07089.docx,batch01,abstract-ART000865126,human,human,human,334
D07090.docx,batch01,abstract-ART000878552,human,human,human,438
D07091.docx,batch01,abstract-ART000869221,human,human,human,336
D07092.docx,batch01,abstract-ART000861987,human,human,human,386
D07093.docx,batch01,abstract-ART000874905,human,human,human,820
D07094.docx,batch01,abstract-ART000905655,human,human,human,600
D07095.docx,batch01,abstract-ART002408156,human,human,human,369
D07096.docx,batch01,abstract-ART000899727,human,human,human,790
D07097.docx,batch01,abstract-ART000852090,human,human,human,696
D07098.docx,batch01,abstract-ART002348991,human,human,human,908
D07099.docx,batch01,abstract-ART000885045,human,human,human,1050
D07100.docx,batch01,abstract-ART000852463,human,human,human,393
D07101.docx,batch01,abstract-ART000862163,human,human,human,375
D07102.docx,batch01,abstract-ART000885873,human,human,human,976
D07103.docx,batch01,abstract-ART000877504,human,human,human,560
D07104.docx,batch01,abstract-ART000904971,human,human,human,303
D07105.docx,batch01,abstract-ART000891800,human,human,human,527
D07106.docx,batch01,abstract-ART000858071,human,human,human,998
D07107.docx,batch01,abstract-ART000863545,human,human,human,427
D07108.docx,batch01,abstract-ART000902122,human,human,human,627
D07109.docx,batch01,abstract-ART000866958,human,human,human,703
D07110.docx,batch01,abstract-ART000888178,human,human,human,827
D07111.docx,batch01,abstract-ART000852148,human,human,human,394
D07112.docx,batch01,abstract-ART000905765,human,human,human,507
D07113.docx,batch01,abstract-ART000869151,human,human,human,681
D07114.docx,batch01,abstract-ART000905844,human,human,human,719
D07115.docx,batch01,abstract-ART001532671,human,human,human,598
D07116.docx,batch01,abstract-ART000881330,human,human,human,315
D07117.docx,batch01,abstract-ART002495348,human,human,human,654
D07118.docx,batch01,abstract-ART000858499,human,human,human,574
D07119.docx,batch01,abstract-ART000852903,human,human,human,526
D07120.docx,batch01,abstract-ART000872296,human,human,human,409
D07121.docx,batch01,abstract-ART000867397,human,human,human,521
D07122.docx,batch01,abstract-ART000904487,human,human,human,742
D07123.docx,batch01,abstract-ART000877834,human,human,human,1024
D07124.docx,batch01,abstract-ART000902842,human,human,human,709
D07125.docx,batch01,abstract-ART000878923,human,human,human,552
D07126.docx,batch01,abstract-ART000880800,human,human,human,311
D07127.docx,batch01,abstract-ART000861912,human,human,human,520
D07128.docx,batch01,abstract-ART000868490,human,human,human,374
D07129.docx,batch01,abstract-ART000856080,human,human,human,381
D07130.docx,batch01,abstract-ART000904687,human,human,human,508
D07131.docx,batch01,abstract-ART000901082,human,human,human,674
D07132.docx,batch01,abstract-ART000867540,human,human,human,395
D07133.docx,batch01,abstract-ART000897279,human,human,human,425
D07134.docx,batch01,abstract-ART000858821,human,human,human,766
D07135.docx,batch01,abstract-ART000876806,human,human,human,407
D07136.docx,batch01,abstract-ART000850964,human,human,human,324
D07137.docx,batch01,abstract-ART001895643,human,human,human,436
D07138.docx,batch01,abstract-ART000869482,human,human,human,1183
D07139.docx,batch01,abstract-ART000884061,human,human,human,349
D07140.docx,batch01,abstract-ART000876574,human,human,human,650
D07141.docx,batch01,abstract-ART000884934,human,human,human,351
D07142.docx,batch01,abstract-ART000902361,human,human,human,601
D07143.docx,batch01,abstract-ART000861498,human,human,human,305
D07144.docx,batch01,abstract-ART000872901,human,human,human,441
D07145.docx,batch01,abstract-ART000907073,human,human,human,577
D07146.docx,batch01,abstract-ART000852087,human,human,human,585
D07147.docx,batch01,abstract-ART000869570,human,human,human,580
D07148.docx,batch01,abstract-ART000879184,human,human,human,561
D07149.docx,batch01,abstract-ART000852892,human,human,human,706
D07150.docx,batch01,abstract-ART000856301,human,human,human,390
D07151.docx,batch01,abstract-ART001683124,human,human,human,782
D07152.docx,batch01,abstract-ART001553588,human,human,human,670
D07153.docx,batch01,abstract-ART000901456,human,human,human,710
D07154.docx,batch01,abstract-ART000861193,human,human,human,1171
D07155.docx,batch01,abstract-ART000878990,human,human,human,342
D07156.docx,batch01,abstract-ART000869404,human,human,human,782
D07157.docx,batch01,abstract-ART002069617,human,human,human,435
D07158.docx,batch01,abstract-ART000901652,human,human,human,571
D07159.docx,batch01,abstract-ART000852226,human,human,human,447
D07160.docx,batch01,abstract-ART000861167,human,human,human,516
D07161.docx,batch01,abstract-ART000868125,human,human,human,409
D07162.docx,batch01,abstract-ART000884063,human,human,human,799
D07163.docx,batch01,abstract-ART000904857,human,human,human,897
D07164.docx,batch01,abstract-ART000884235,human,human,human,941
D07165.docx,batch01,abstract-ART000884130,human,human,human,525
D07166.docx,batch01,abstract-ART000885412,human,human,human,642
D07167.docx,batch01,abstract-ART000902264,human,human,human,583
D07168.docx,batch01,abstract-ART000861695,human,human,human,613
D07169.docx,batch01,abstract-ART000878866,human,human,human,754
D07170.docx,batch01,abstract-ART002031412,human,human,human,1075
D07171.docx,batch01,abstract-ART000864376,human,human,human,881
D07172.docx,batch01,abstract-ART000904943,human,human,human,668
D07173.docx,batch01,abstract-ART000908071,human,human,human,547
D07174.docx,batch01,abstract-ART000858495,human,human,human,969
D07175.docx,batch01,abstract-ART000889175,human,human,human,595
D07176.docx,batch01,abstract-ART000852035,human,human,human,930
D07177.docx,batch01,abstract-ART001928703,human,human,human,393
D07178.docx,batch01,abstract-ART002494523,human,human,human,546
D07179.docx,batch01,abstract-ART000906041,human,human,human,670
D07180.docx,batch01,abstract-ART000863215,human,human,human,423
D07181.docx,batch01,abstract-ART000901749,human,human,human,618
D07182.docx,batch01,abstract-ART000900487,human,human,human,649
D07183.docx,batch01,abstract-ART000901651,human,human,human,319
D07184.docx,batch01,abstract-ART002408111,human,human,human,852
D07185.docx,batch01,abstract-ART001872391,human,human,human,517
D07186.docx,batch01,abstract-ART000896782,human,human,human,342
D07187.docx,batch01,abstract-ART000882762,human,human,human,707
D07188.docx,batch01,abstract-ART002333250,human,human,human,575
D07189.docx,batch01,abstract-ART000884991,human,human,human,440
D07190.docx,batch01,abstract-ART000905567,human,human,human,496
D07191.docx,batch01,abstract-ART000904413,human,human,human,414
D07192.docx,batch01,abstract-ART000851551,human,human,human,691
D07193.docx,batch01,abstract-ART000883944,human,human,human,738
D07194.docx,batch01,abstract-ART000855208,human,human,human,864
D07195.docx,batch01,abstract-ART000855221,human,human,human,577
D07196.docx,batch01,abstract-ART000896942,human,human,human,352
D07197.docx,batch01,abstract-ART000886188,human,human,human,484
D07198.docx,batch01,abstract-ART002063677,human,human,human,575
D07199.docx,batch01,abstract-ART000907289,human,human,human,378
D07200.docx,batch01,abstract-ART000861135,human,human,human,745
D07201.docx,batch01,abstract-ART000902215,human,human,human,635
D07202.docx,batch01,abstract-ART001734624,human,human,human,564
D07203.docx,batch01,abstract-ART000892617,human,human,human,403
D07204.docx,batch01,abstract-ART000903272,human,human,human,434
D07205.docx,batch01,abstract-ART000858574,human,human,human,863
D07206.docx,batch01,abstract-ART000880280,human,human,human,309
D07207.docx,batch01,abstract-ART000876638,human,human,human,605
D07208.docx,batch01,abstract-ART000942901,human,human,human,667
D07209.docx,batch01,abstract-ART000867760,human,human,human,718
D07210.docx,batch01,abstract-ART000868191,human,human,human,779
D07211.docx,batch01,abstract-ART001800185,human,human,human,790
D07212.docx,batch01,abstract-ART000895894,human,human,human,946
D07213.docx,batch01,abstract-ART000883398,human,human,human,307
D07214.docx,batch01,abstract-ART000884760,human,human,human,473
D07215.docx,batch01,abstract-ART002069313,human,human,human,515
D07216.docx,batch01,abstract-ART000858272,human,human,human,864
D07217.docx,batch01,abstract-ART000880062,human,human,human,538
D07218.docx,batch01,abstract-ART002525683,human,human,human,575
D07219.docx,batch01,abstract-ART000869552,human,human,human,780
D07220.docx,batch01,abstract-ART000902757,human,human,human,498
D07221.docx,batch01,abstract-ART000906284,human,human,human,501
D07222.docx,batch01,abstract-ART001887038,human,human,human,331
D07223.docx,batch01,abstract-ART000881318,human,human,human,557
D07224.docx,batch01,abstract-ART000868091,human,human,human,433
D07225.docx,batch01,abstract-ART000870017,human,human,human,600
D07226.docx,batch01,abstract-ART000875401,human,human,human,581
D07227.docx,batch01,abstract-ART000861225,human,human,human,498
D07228.docx,batch01,abstract-ART000880137,human,human,human,324
D07229.docx,batch01,abstract-ART000866099,human,human,human,391
D07230.docx,batch01,abstract-ART000855204,human,human,human,1069
D07231.docx,batch01,abstract-ART000861085,human,human,human,408
D07232.docx,batch01,abstract-ART000879623,human,human,human,494
D07233.docx,batch01,abstract-ART000868120,human,human,human,794
D07234.docx,batch01,abstract-ART000905867,human,human,human,795
D07235.docx,batch01,abstract-ART000872670,human,human,human,354
D07236.docx,batch01,abstract-ART000851936,human,human,human,535
D07237.docx,batch01,abstract-ART000873230,human,human,human,379
D07238.docx,batch01,abstract-ART000904690,human,human,human,564
D07239.docx,batch01,abstract-ART000863374,human,human,human,336
D07240.docx,batch01,abstract-ART001692849,human,human,human,594
D07241.docx,batch01,abstract-ART000897944,human,human,human,365
D07242.docx,batch01,abstract-ART000890103,human,human,human,433
D07243.docx,batch01,abstract-ART000856410,human,human,human,1189
D07244.docx,batch01,abstract-ART000901907,human,human,human,762
D07245.docx,batch01,abstract-ART000906403,human,human,human,604
D07246.docx,batch01,abstract-ART000868267,human,human,human,602
D07247.docx,batch01,abstract-ART000872293,human,human,human,423
D07248.docx,batch01,abstract-ART000862079,human,human,human,725
D07249.docx,batch01,abstract-ART000901862,human,human,human,605
D07250.docx,batch01,abstract-ART000873501,human,human,human,615
D07251.docx,batch01,abstract-ART000861020,human,human,human,457
D07252.docx,batch01,abstract-ART000873157,human,human,human,580
D07253.docx,batch01,abstract-ART000856067,human,human,human,826
D07254.docx,batch01,abstract-ART000864587,human,human,human,421
D07255.docx,batch01,abstract-ART000865244,human,human,human,701
D07256.docx,batch01,abstract-ART000906426,human,human,human,374
D07257.docx,batch01,abstract-ART001317189,human,human,human,325
D07258.docx,batch01,abstract-ART000901258,human,human,human,734
D07259.docx,batch01,abstract-ART001433131,human,human,human,647
D07260.docx,batch01,abstract-ART000880215,human,human,human,648
D07261.docx,batch01,abstract-ART000889362,human,human,human,1040
D07262.docx,batch01,abstract-ART000883344,human,human,human,510
D07263.docx,batch01,abstract-ART002507059,human,human,human,744
D07264.docx,batch01,abstract-ART000860370,human,human,human,783
D07265.docx,batch01,abstract-ART000871716,human,human,human,722
D07266.docx,batch01,abstract-ART000872046,human,human,human,426
D07267.docx,batch01,abstract-ART000894153,human,human,human,360
D07268.docx,batch01,abstract-ART000872168,human,human,human,759
D07269.docx,batch01,abstract-ART000865797,human,human,human,315
D07270.docx,batch01,abstract-ART000888522,human,human,human,719
D07271.docx,batch01,abstract-ART000901053,human,human,human,836
D07272.docx,batch01,abstract-ART000885306,human,human,human,624
D07273.docx,batch01,abstract-ART000903650,human,human,human,410
D07274.docx,batch01,abstract-ART000866956,human,human,human,462
D07275.docx,batch01,abstract-ART000880724,human,human,human,568
D07276.docx,batch01,abstract-ART000900851,human,human,human,388
D07277.docx,batch01,abstract-ART000861128,human,human,human,417
D07278.docx,batch01,abstract-ART001638072,human,human,human,568
D07279.docx,batch01,abstract-ART000905170,human,human,human,452
D07280.docx,batch01,abstract-ART000888606,human,human,human,788
D07281.docx,batch01,abstract-ART000852085,human,human,human,510
D07282.docx,batch01,abstract-ART000861145,human,human,human,740
D07283.docx,batch01,abstract-ART000907105,human,human,human,478
D07284.docx,batch01,abstract-ART000889313,human,human,human,482
D07285.docx,batch01,abstract-ART000872361,human,human,human,307
D07286.docx,batch01,abstract-ART000861090,human,human,human,586
D07287.docx,batch01,abstract-ART000896319,human,human,human,420
D07288.docx,batch01,abstract-ART000874482,human,human,human,712
D07289.docx,batch01,abstract-ART000884442,human,human,human,318
D07290.docx,batch01,abstract-ART000886200,human,human,human,542
D07291.docx,batch01,abstract-ART001763004,human,human,human,502
D07292.docx,batch01,abstract-ART000900022,human,human,human,597
D07293.docx,batch01,abstract-ART002442635,human,human,human,717
D07294.docx,batch01,abstract-ART000901403,human,human,human,805
D07295.docx,batch01,abstract-ART000880955,human,human,human,637
D07296.docx,batch01,abstract-ART000864291,human,human,human,658
D07297.docx,batch01,abstract-ART000905843,human,human,human,623
D07298.docx,batch01,abstract-ART001863104,human,human,human,471
D07299.docx,batch01,abstract-ART000863467,human,human,human,441
D07300.docx,batch01,abstract-ART002541358,human,human,human,647
D07301.docx,batch01,abstract-ART000874609,human,human,human,310
D07302.docx,batch01,abstract-ART000895464,human,human,human,439
D07303.docx,batch01,abstract-ART000867296,human,human,human,352
D07304.docx,batch01,abstract-ART000856023,human,human,human,689
D07305.docx,batch01,abstract-ART000896082,human,human,human,359
D07306.docx,batch01,abstract-ART000880868,human,human,human,629
D07307.docx,batch01,abstract-ART000902143,human,human,human,410
D07308.docx,batch01,abstract-ART000855307,human,human,human,419
D07309.docx,batch01,abstract-ART001975547,human,human,human,762
D07310.docx,batch01,abstract-ART000875932,human,human,human,575
D07311.docx,batch01,abstract-ART002134863,human,human,human,661
D07312.docx,batch01,abstract-ART000864905,human,human,human,471
D07313.docx,batch01,abstract-ART000895500,human,human,human,440
D07314.docx,batch01,abstract-ART000875040,human,human,human,783
D07315.docx,batch01,abstract-ART000888931,human,human,human,332
D07316.docx,batch01,abstract-ART000868937,human,human,human,301
D07317.docx,batch01,abstract-ART000899176,human,human,human,428
D07318.docx,batch01,abstract-ART000868090,human,human,human,547
D07319.docx,batch01,abstract-ART000860994,human,human,human,649
D07320.docx,batch01,abstract-ART000892633,human,human,human,932
D07321.docx,batch01,abstract-ART000863534,human,human,human,423
D07322.docx,batch01,abstract-ART000866951,human,human,human,636
D07323.docx,batch01,abstract-ART002452004,human,human,human,408
D07324.docx,batch01,abstract-ART002032674,human,human,human,739
D07325.docx,batch01,abstract-ART000855980,human,human,human,1180
D07326.docx,batch01,abstract-ART002007285,human,human,human,305
D07327.docx,batch01,abstract-ART000902771,human,human,human,461
D07328.docx,batch01,abstract-ART000889372,human,human,human,523
D07329.docx,batch01,abstract-ART001938068,human,human,human,472
D07330.docx,batch01,abstract-ART000871256,human,human,human,552
D07331.docx,batch01,abstract-ART000866040,human,human,human,512
D07332.docx,batch01,abstract-ART000867302,human,human,human,355
D07333.docx,batch01,abstract-ART000872103,human,human,human,341
D07334.docx,batch01,abstract-ART001270771,human,human,human,594
D07335.docx,batch01,abstract-ART000886715,human,human,human,435
D07336.docx,batch01,abstract-ART000852645,human,human,human,532
D07337.docx,batch01,abstract-ART000882836,human,human,human,314
D07338.docx,batch01,abstract-ART002487254,human,human,human,633
D07339.docx,batch01,abstract-ART000868251,human,human,human,322
D07340.docx,batch01,abstract-ART000852465,human,human,human,543
D07341.docx,batch01,abstract-ART000863122,human,human,human,465
D07342.docx,batch01,abstract-ART000892661,human,human,human,606
D07343.docx,batch01,abstract-ART002118038,human,human,human,900
D07344.docx,batch01,abstract-ART000904242,human,human,human,469
D07345.docx,batch01,abstract-ART000888221,human,human,human,613
D07346.docx,batch01,abstract-ART000893219,human,human,human,591
D07347.docx,batch01,abstract-ART000867644,human,human,human,448
D07348.docx,batch01,abstract-ART000892260,human,human,human,335
D07349.docx,batch01,abstract-ART000906411,human,human,human,934
D07350.docx,batch01,abstract-ART000864583,human,human,human,316
D07351.docx,batch01,abstract-ART000901427,human,human,human,925
D07352.docx,batch01,abstract-ART000874696,human,human,human,671
D07353.docx,batch01,abstract-ART000875855,human,human,human,532
D07354.docx,batch01,abstract-ART000871094,human,human,human,819
D07355.docx,batch01,abstract-ART000863372,human,human,human,724
D07356.docx,batch01,abstract-ART000895830,human,human,human,989
D07357.docx,batch01,abstract-ART000899892,human,human,human,330
D07358.docx,batch01,abstract-ART000904782,human,human,human,491
D07359.docx,batch01,abstract-ART000893846,human,human,human,327
D07360.docx,batch01,abstract-ART000863622,human,human,human,354
D07361.docx,batch01,abstract-ART000896231,human,human,human,391
D07362.docx,batch01,abstract-ART000880448,human,human,human,519
D07363.docx,batch01,abstract-ART000900429,human,human,human,473
D07364.docx,batch01,abstract-ART000875003,human,human,human,391
D07365.docx,batch01,abstract-ART000888423,human,human,human,626
D07366.docx,batch01,abstract-ART000852275,human,human,human,648
D07367.docx,batch01,abstract-ART001517816,human,human,human,313
D07368.docx,batch01,abstract-ART000878869,human,human,human,642
D07369.docx,batch01,abstract-ART000896374,human,human,human,446
D07370.docx,batch01,abstract-ART000861774,human,human,human,526
D07371.docx,batch01,abstract-ART000872295,human,human,human,674
D07372.docx,batch01,abstract-ART000897801,human,human,human,815
D07373.docx,batch01,abstract-ART002003430,human,human,human,818
D07374.docx,batch01,abstract-ART000900338,human,human,human,575
D07375.docx,batch01,abstract-ART000896176,human,human,human,431
D07376.docx,batch01,abstract-ART000906492,human,human,human,377
D07377.docx,batch01,abstract-ART000874255,human,human,human,630
D07378.docx,batch01,abstract-ART000899258,human,human,human,428
D07379.docx,batch01,abstract-ART001887048,human,human,human,443
D07380.docx,batch01,abstract-ART001506903,human,human,human,633
D07381.docx,batch01,abstract-ART000905551,human,human,human,574
D07382.docx,batch01,abstract-ART000869981,human,human,human,425
D07383.docx,batch01,abstract-ART000852014,human,human,human,564
D07384.docx,batch01,abstract-ART000860352,human,human,human,624
D07385.docx,batch01,abstract-ART000887418,human,human,human,884
D07386.docx,batch01,abstract-ART000905409,human,human,human,338
D07387.docx,batch01,abstract-ART000890735,human,human,human,441
D07388.docx,batch01,abstract-ART000856061,human,human,human,581
D07389.docx,batch01,abstract-ART002541332,human,human,human,471
D07390.docx,batch01,abstract-ART000888870,human,human,human,775
D07391.docx,batch01,abstract-ART000867339,human,human,human,443
D07392.docx,batch01,abstract-ART000852464,human,human,human,384
D07393.docx,batch01,abstract-ART000880127,human,human,human,336
D07394.docx,batch01,abstract-ART000892684,human,human,human,947
D07395.docx,batch01,abstract-ART000861115,human,human,human,796
D07396.docx,batch01,abstract-ART000876894,human,human,human,562
D07397.docx,batch01,abstract-ART000902112,human,human,human,510
D07398.docx,batch01,abstract-ART000851862,human,human,human,560
D07399.docx,batch01,abstract-ART000895557,human,human,human,338
D07400.docx,batch01,abstract-ART000871726,human,human,human,529
D07401.docx,batch01,abstract-ART000869971,human,human,human,426
D07402.docx,batch01,abstract-ART000867378,human,human,human,458
D07403.docx,batch01,abstract-ART000902804,human,human,human,323
D07404.docx,batch01,abstract-ART002148207,human,human,human,509
D07405.docx,batch01,abstract-ART000887674,human,human,human,1174
D07406.docx,batch01,abstract-ART000869398,human,human,human,1188
D07407.docx,batch01,abstract-ART000876633,human,human,human,853
D07408.docx,batch01,abstract-ART000903772,human,human,human,734
D07409.docx,batch01,abstract-ART000888579,human,human,human,574
D07410.docx,batch01,abstract-ART000860450,human,human,human,663
D07411.docx,batch01,abstract-ART001570021,human,human,human,568
D07412.docx,batch01,abstract-ART000896159,human,human,human,371
D07413.docx,batch01,abstract-ART000854119,human,human,human,776
D07414.docx,batch01,abstract-ART000868260,human,human,human,598
D07415.docx,batch01,abstract-ART002012570,human,human,human,536
D07416.docx,batch01,abstract-ART000901010,human,human,human,602
D07417.docx,batch01,abstract-ART000897558,human,human,human,585
D07418.docx,batch01,abstract-ART000878925,human,human,human,431
D07419.docx,batch01,abstract-ART000861860,human,human,human,815
D07420.docx,batch01,abstract-ART001716271,human,human,human,902
D07421.docx,batch01,abstract-ART000902207,human,human,human,355
D07422.docx,batch01,abstract-ART000880217,human,human,human,1029
D07423.docx,batch01,abstract-ART000903086,human,human,human,842
D07424.docx,batch01,abstract-ART000861406,human,human,human,446
D07425.docx,batch01,abstract-ART001735873,human,human,human,651
D07426.docx,batch01,abstract-ART002147692,human,human,human,1093
D07427.docx,batch01,abstract-ART001780390,human,human,human,639
D07428.docx,batch01,abstract-ART000864894,human,human,human,682
D07429.docx,batch01,abstract-ART000872942,human,human,human,593
D07430.docx,batch01,abstract-ART000903392,human,human,human,334
D07431.docx,batch01,abstract-ART000869535,human,human,human,400
D07432.docx,batch01,abstract-ART000861280,human,human,human,821
D07433.docx,batch01,abstract-ART000867534,human,human,human,459
D07434.docx,batch01,abstract-ART000900605,human,human,human,355
D07435.docx,batch01,abstract-ART000876924,human,human,human,452
D07436.docx,batch01,abstract-ART000896548,human,human,human,410
D07437.docx,batch01,abstract-ART000876006,human,human,human,631
D07438.docx,batch01,abstract-ART000865213,human,human,human,448
D07439.docx,batch01,abstract-ART000888624,human,human,human,788
D07440.docx,batch01,abstract-ART000884541,human,human,human,865
D07441.docx,batch01,abstract-ART000905235,human,human,human,833
D07442.docx,batch01,abstract-ART000858661,human,human,human,629
D07443.docx,batch01,abstract-ART000885881,human,human,human,444
D07444.docx,batch01,abstract-ART000902034,human,human,human,540
D07445.docx,batch01,abstract-ART000888605,human,human,human,950
D07446.docx,batch01,abstract-ART000905933,human,human,human,584
D07447.docx,batch01,abstract-ART000868974,human,human,human,748
D07448.docx,batch01,abstract-ART000863911,human,human,human,907
D07449.docx,batch01,abstract-ART000860963,human,human,human,535
D07450.docx,batch01,abstract-ART000895421,human,human,human,450
D07451.docx,batch01,abstract-ART000886247,human,human,human,967
D07452.docx,batch01,abstract-ART000901077,human,human,human,511
D07453.docx,batch01,abstract-ART000865239,human,human,human,700
D07454.docx,batch01,abstract-ART000863458,human,human,human,302
D07455.docx,batch01,abstract-ART000893267,human,human,human,579
D07456.docx,batch01,abstract-ART000854672,human,human,human,595
D07457.docx,batch01,abstract-ART000898047,human,human,human,685
D07458.docx,batch01,abstract-ART000860955,human,human,human,328
D07459.docx,batch01,abstract-ART000896280,human,human,human,320
D07460.docx,batch01,abstract-ART000901322,human,human,human,589
D07461.docx,batch01,abstract-ART000866942,human,human,human,312
D07462.docx,batch01,abstract-ART000889098,human,human,human,812
D07463.docx,batch01,abstract-ART000901015,human,human,human,408
D07464.docx,batch01,abstract-ART000868266,human,human,human,439
D07465.docx,batch01,abstract-ART000852040,human,human,human,951
D07466.docx,batch01,abstract-ART000888872,human,human,human,883
D07467.docx,batch01,abstract-ART000903067,human,human,human,310
D07468.docx,batch01,abstract-ART000869396,human,human,human,468
D07469.docx,batch01,abstract-ART000905926,human,human,human,497
D07470.docx,batch01,abstract-ART000880723,human,human,human,503
D07471.docx,batch01,abstract-ART000852107,human,human,human,314
D07472.docx,batch01,abstract-ART000904713,human,human,human,657
D07473.docx,batch01,abstract-ART000878293,human,human,human,332
D07474.docx,batch01,abstract-ART000877338,human,human,human,314
D07475.docx,batch01,abstract-ART000869475,human,human,human,521
D07476.docx,batch01,abstract-ART001297636,human,human,human,695
D07477.docx,batch01,abstract-ART000869414,human,human,human,326
D07478.docx,batch01,abstract-ART000858004,human,human,human,555
D07479.docx,batch01,abstract-ART000875649,human,human,human,843
D07480.docx,batch01,abstract-ART000905550,human,human,human,1056
D07481.docx,batch01,abstract-ART000898451,human,human,human,576
D07482.docx,batch01,abstract-ART000863310,human,human,human,670
D07483.docx,batch01,abstract-ART002022698,human,human,human,419
D07484.docx,batch01,abstract-ART000885499,human,human,human,757
D07485.docx,batch01,abstract-ART000861277,human,human,human,772
D07486.docx,batch01,abstract-ART000906035,human,human,human,387
D07487.docx,batch01,abstract-ART000889090,human,human,human,406
D07488.docx,batch01,abstract-ART002069274,human,human,human,497
D07489.docx,batch01,abstract-ART000888992,human,human,human,562
D07490.docx,batch01,abstract-ART000876976,human,human,human,1001
D07491.docx,batch01,abstract-ART001474378,human,human,human,486
D07492.docx,batch01,abstract-ART000892525,human,human,human,926
D07493.docx,batch01,abstract-ART000902764,human,human,human,677
D07494.docx,batch01,abstract-ART001403619,human,human,human,496
D07495.docx,batch01,abstract-ART000903065,human,human,human,451
D07496.docx,batch01,abstract-ART000858573,human,human,human,919
D07497.docx,batch01,abstract-ART000907350,human,human,human,374
D07498.docx,batch01,abstract-ART000861353,human,human,human,357
D07499.docx,batch01,abstract-ART000897027,human,human,human,459
D07500.docx,batch01,abstract-ART000880386,human,human,human,508
D07501.docx,batch01,abstract-ART000896207,human,human,human,418
D07502.docx,batch01,abstract-ART000881814,human,human,human,353
D07503.docx,batch01,abstract-ART000906505,human,human,human,550
D07504.docx,batch01,abstract-ART000897450,human,human,human,706
D07505.docx,batch01,abstract-ART000878888,human,human,human,331
D07506.docx,batch01,abstract-ART000902212,human,human,human,530
D07507.docx,batch01,abstract-ART001423553,human,human,human,605
D07508.docx,batch01,abstract-ART002031410,human,human,human,611
D07509.docx,batch01,abstract-ART000864686,human,human,human,340
D07510.docx,batch01,abstract-ART000867757,human,human,human,481
D07511.docx,batch01,abstract-ART000858670,human,human,human,950
D07512.docx,batch01,abstract-ART000864206,human,human,human,632
D07513.docx,batch01,abstract-ART000861164,human,human,human,475
D07514.docx,batch01,abstract-ART000867297,human,human,human,365
D07515.docx,batch01,abstract-ART000861520,human,human,human,496
D07516.docx,batch01,abstract-ART000900751,human,human,human,478
D07517.docx,batch01,abstract-ART000868105,human,human,human,1001
D07518.docx,batch01,abstract-ART000865280,human,human,human,461
D07519.docx,batch01,abstract-ART002378640,human,human,human,342
D07520.docx,batch01,abstract-ART000863619,human,human,human,497
D07521.docx,batch01,abstract-ART000888458,human,human,human,580
D07522.docx,batch01,abstract-ART000872943,human,human,human,583
D07523.docx,batch01,abstract-ART000867286,human,human,human,452
D07524.docx,batch01,abstract-ART000897947,human,human,human,1144
D07525.docx,batch01,abstract-ART000888563,human,human,human,635
D07526.docx,batch01,abstract-ART002133320,human,human,human,539
D07527.docx,batch01,abstract-ART000852629,human,human,human,602
D07528.docx,batch01,abstract-ART000905342,human,human,human,463
D07529.docx,batch01,abstract-ART002261217,human,human,human,808
D07530.docx,batch01,abstract-ART000892599,human,human,human,405
D07531.docx,batch01,abstract-ART000869480,human,human,human,486
D07532.docx,batch01,abstract-ART000895548,human,human,human,685
D07533.docx,batch01,abstract-ART000895458,human,human,human,1040
D07534.docx,batch01,abstract-ART000882835,human,human,human,504
D07535.docx,batch01,abstract-ART000874914,human,human,human,848
D07536.docx,batch01,abstract-ART000893118,human,human,human,476
D07537.docx,batch01,abstract-ART000854459,human,human,human,558
D07538.docx,batch01,abstract-ART000901426,human,human,human,1153
D07539.docx,batch01,abstract-ART000905981,human,human,human,515
D07540.docx,batch01,abstract-ART000904705,human,human,human,663
D07541.docx,batch01,abstract-ART000885362,human,human,human,876
D07542.docx,batch01,abstract-ART001414229,human,human,human,621
D07543.docx,batch01,abstract-ART000867756,human,human,human,437
D07544.docx,batch01,abstract-ART000899518,human,human,human,672
D07545.docx,batch01,abstract-ART000868941,human,human,human,443
D07546.docx,batch01,abstract-ART000874483,human,human,human,982
D07547.docx,batch01,abstract-ART000865177,human,human,human,573
D07548.docx,batch01,abstract-ART000852072,human,human,human,572
D07549.docx,batch01,abstract-ART000888500,human,human,human,562
D07550.docx,batch01,abstract-ART000897844,human,human,human,1135
D07551.docx,batch01,abstract-ART000899841,human,human,human,678
D07552.docx,batch01,abstract-ART000903786,human,human,human,330
D07553.docx,batch01,abstract-ART000882417,human,human,human,420
D07554.docx,batch01,abstract-ART000884105,human,human,human,540
D07555.docx,batch01,abstract-ART000885958,human,human,human,549
D07556.docx,batch01,abstract-ART000893949,human,human,human,384
D07557.docx,batch01,abstract-ART000854110,human,human,human,303
D07558.docx,batch01,abstract-ART000855982,human,human,human,1136
D07559.docx,batch01,abstract-ART002298990,human,human,human,738
D07560.docx,batch01,abstract-ART000903564,human,human,human,798
D07561.docx,batch01,abstract-ART000865371,human,human,human,584
D07562.docx,batch01,abstract-ART000868784,human,human,human,826
D07563.docx,batch01,abstract-ART000872364,human,human,human,468
D07564.docx,batch01,abstract-ART000905420,human,human,human,462
D07565.docx,batch01,abstract-ART000881033,human,human,human,790
D07566.docx,batch01,abstract-ART000903889,human,human,human,1158
D07567.docx,batch01,abstract-ART000872362,human,human,human,508
D07568.docx,batch01,abstract-ART002119287,human,human,human,882
D07569.docx,batch01,abstract-ART000888528,human,human,human,744
D07570.docx,batch01,abstract-ART001473404,human,human,human,422
D07571.docx,batch01,abstract-ART000864185,human,human,human,1167
D07572.docx,batch01,abstract-ART000904959,human,human,human,489
D07573.docx,batch01,abstract-ART000863203,human,human,human,930
D07574.docx,batch01,abstract-ART000908016,human,human,human,508
D07575.docx,batch01,abstract-ART000877082,human,human,human,523
D07576.docx,batch01,abstract-ART000858003,human,human,human,570
D07577.docx,batch01,abstract-ART000905929,human,human,human,471
D07578.docx,batch01,abstract-ART000869740,human,human,human,1124
D07579.docx,batch01,abstract-ART000896136,human,human,human,659
D07580.docx,batch01,abstract-ART001360786,human,human,human,467
D07581.docx,batch01,abstract-ART000893839,human,human,human,532
D07582.docx,batch01,abstract-ART001939116,human,human,human,427
D07583.docx,batch01,abstract-ART000858722,human,human,human,1081
D07584.docx,batch01,abstract-ART000852010,human,human,human,465
D07585.docx,batch01,abstract-ART000884059,human,human,human,652
D07586.docx,batch01,abstract-ART000900481,human,human,human,308
D07587.docx,batch01,abstract-ART002504836,human,human,human,643
D07588.docx,batch01,abstract-ART000893260,human,human,human,648
D07589.docx,batch01,abstract-ART002566457,human,human,human,684
D07590.docx,batch01,abstract-ART000872045,human,human,human,658
D07591.docx,batch01,abstract-ART000901324,human,human,human,675
D07592.docx,batch01,abstract-ART000868137,human,human,human,511
D07593.docx,batch01,abstract-ART000867512,human,human,human,378
D07594.docx,batch01,abstract-ART000906528,human,human,human,473
D07595.docx,batch01,abstract-ART000868130,human,human,human,434
D07596.docx,batch01,abstract-ART000875933,human,human,human,764
D07597.docx,batch01,abstract-ART000875747,human,human,human,347
D07598.docx,batch01,abstract-ART000865047,human,human,human,702
D07599.docx,batch01,abstract-ART002459558,human,human,human,410
D07600.docx,batch01,abstract-ART000904791,human,human,human,471
D07601.docx,batch01,abstract-ART000904488,human,human,human,855
D07602.docx,batch01,abstract-ART000881315,human,human,human,1009
D07603.docx,batch01,abstract-ART000852081,human,human,human,539
D07604.docx,batch01,abstract-ART000861947,human,human,human,785
D07605.docx,batch01,abstract-ART001766434,human,human,human,616
D07606.docx,batch01,abstract-ART000875745,human,human,human,848
D07607.docx,batch01,abstract-ART000884628,human,human,human,471
D07608.docx,batch01,abstract-ART000906428,human,human,human,382
D07609.docx,batch01,abstract-ART000852541,human,human,human,555
D07610.docx,batch01,abstract-ART000886086,human,human,human,517
D07611.docx,batch01,abstract-ART000868521,human,human,human,834
D07612.docx,batch01,abstract-ART000865966,human,human,human,340
D07613.docx,batch01,abstract-ART000899523,human,human,human,538
D07614.docx,batch01,abstract-ART000856021,human,human,human,1093
D07615.docx,batch01,abstract-ART000874911,human,human,human,547
D07616.docx,batch01,abstract-ART000884180,human,human,human,963
D07617.docx,batch01,abstract-ART000850832,human,human,human,850
D07618.docx,batch01,abstract-ART001786177,human,human,human,488
D07619.docx,batch01,abstract-ART000888977,human,human,human,406
D07620.docx,batch01,abstract-ART001975278,human,human,human,706
D07621.docx,batch01,abstract-ART000903506,human,human,human,345
D07622.docx,batch01,abstract-ART000860992,human,human,human,695
D07623.docx,batch01,abstract-ART000860646,human,human,human,1144
D07624.docx,batch01,abstract-ART000850896,human,human,human,661
D07625.docx,batch01,abstract-ART000861220,human,human,human,1116
D07626.docx,batch01,abstract-ART000900924,human,human,human,486
D07627.docx,batch01,abstract-ART000865985,human,human,human,631
D07628.docx,batch01,abstract-ART000899893,human,human,human,477
D07629.docx,batch01,abstract-ART000895441,human,human,human,575
D07630.docx,batch01,abstract-ART000903425,human,human,human,352
D07631.docx,batch01,abstract-ART000905245,human,human,human,562
D07632.docx,batch01,abstract-ART002141407,human,human,human,526
D07633.docx,batch01,abstract-ART000867927,human,human,human,898
D07634.docx,batch01,abstract-ART000861852,human,human,human,748
D07635.docx,batch01,abstract-ART000875766,human,human,human,625
D07636.docx,batch01,abstract-ART002542192,human,human,human,478
D07637.docx,batch01,abstract-ART000853126,human,human,human,757
D07638.docx,batch01,abstract-ART001256760,human,human,human,468
D07639.docx,batch01,abstract-ART000886248,human,human,human,737
D07640.docx,batch01,abstract-ART000875315,human,human,human,399
D07641.docx,batch01,abstract-ART000878860,human,human,human,757
D07642.docx,batch01,abstract-ART000871181,human,human,human,722
D07643.docx,batch01,abstract-ART000874636,human,human,human,732
D07644.docx,batch01,abstract-ART000883556,human,human,human,531
D07645.docx,batch01,abstract-ART000899894,human,human,human,450
D07646.docx,batch01,abstract-ART000894177,human,human,human,549
D07647.docx,batch01,abstract-ART000905045,human,human,human,572
D07648.docx,batch01,abstract-ART000902121,human,human,human,392
D07649.docx,batch01,abstract-ART000880956,human,human,human,472
D07650.docx,batch01,abstract-ART000897804,human,human,human,938
D07651.docx,batch01,abstract-ART000905882,human,human,human,581
D07652.docx,batch01,abstract-ART000905606,human,human,human,507
D07653.docx,batch01,abstract-ART000873227,human,human,human,576
D07654.docx,batch01,abstract-ART000854116,human,human,human,501
D07655.docx,batch01,abstract-ART001688381,human,human,human,729
D07656.docx,batch01,abstract-ART000869473,human,human,human,625
D07657.docx,batch01,abstract-ART000858395,human,human,human,473
D07658.docx,batch01,abstract-ART000850838,human,human,human,534
D07659.docx,batch01,abstract-ART000899858,human,human,human,431
D07660.docx,batch01,abstract-ART000852029,human,human,human,906
D07661.docx,batch01,abstract-ART000901865,human,human,human,856
D07662.docx,batch01,abstract-ART000875857,human,human,human,612
D07663.docx,batch01,abstract-ART000876379,human,human,human,697
D07664.docx,batch01,abstract-ART000865127,human,human,human,416
D07665.docx,batch01,abstract-ART000901013,human,human,human,406
D07666.docx,batch01,abstract-ART000863059,human,human,human,602
D07667.docx,batch01,abstract-ART000902296,human,human,human,357
D07668.docx,batch01,abstract-ART000879963,human,human,human,398
D07669.docx,batch01,abstract-ART000868132,human,human,human,651
D07670.docx,batch01,abstract-ART000852043,human,human,human,587
D07671.docx,batch01,abstract-ART000874908,human,human,human,677
D07672.docx,batch01,abstract-ART000899509,human,human,human,425
D07673.docx,batch01,abstract-ART000856057,human,human,human,526
D07674.docx,batch01,abstract-ART000896205,human,human,human,645
D07675.docx,batch01,abstract-ART001252733,human,human,human,423
D07676.docx,batch01,abstract-ART000869874,human,human,human,654
D07677.docx,batch01,abstract-ART000893295,human,human,human,560
D07678.docx,batch01,abstract-ART000867298,human,human,human,481
D07679.docx,batch01,abstract-ART000862025,human,human,human,582
D07680.docx,batch01,abstract-ART000873859,human,human,human,792
D07681.docx,batch01,abstract-ART000869547,human,human,human,775
D07682.docx,batch01,abstract-ART000872428,human,human,human,333
D07683.docx,batch01,abstract-ART000875027,human,human,human,450
D07684.docx,batch01,abstract-ART000876098,human,human,human,355
D07685.docx,batch01,abstract-ART000903020,human,human,human,321
D07686.docx,batch01,abstract-ART000902762,human,human,human,481
D07687.docx,batch01,abstract-ART000905169,human,human,human,447
D07688.docx,batch01,abstract-ART001529494,human,human,human,600
D07689.docx,batch01,abstract-ART000899840,human,human,human,678
D07690.docx,batch01,abstract-ART000899180,human,human,human,323
D07691.docx,batch01,abstract-ART000857854,human,human,human,1130
D07692.docx,batch01,abstract-ART000865969,human,human,human,385
D07693.docx,batch01,abstract-ART000877593,human,human,human,520
D07694.docx,batch01,abstract-ART000874077,human,human,human,381
D07695.docx,batch01,abstract-ART000858659,human,human,human,564
D07696.docx,batch01,abstract-ART000880456,human,human,human,368
D07697.docx,batch01,abstract-ART000868929,human,human,human,346
D07698.docx,batch01,abstract-ART000852181,human,human,human,1005
D07699.docx,batch01,abstract-ART000881932,human,human,human,1077
D07700.docx,batch01,abstract-ART000873586,human,human,human,598
D07701.docx,batch01,abstract-ART000882787,human,human,human,591
D07702.docx,batch01,abstract-ART000892615,human,human,human,347
D07703.docx,batch01,abstract-ART001360775,human,human,human,468
D07704.docx,batch01,abstract-ART000868512,human,human,human,402
D07705.docx,batch01,abstract-ART000867521,human,human,human,640
D07706.docx,batch01,abstract-ART000869227,human,human,human,312
D07707.docx,batch01,abstract-ART001578870,human,human,human,370
D07708.docx,batch01,abstract-ART000894800,human,human,human,689
D07709.docx,batch01,abstract-ART000863702,human,human,human,392
D07710.docx,batch01,abstract-ART000870150,human,human,human,467
D07711.docx,batch01,abstract-ART000896797,human,human,human,448
D07712.docx,batch01,abstract-ART000875759,human,human,human,757
D07713.docx,batch01,abstract-ART000896181,human,human,human,575
D07714.docx,batch01,abstract-ART000877891,human,human,human,357
D07715.docx,batch01,abstract-ART000888524,human,human,human,1042
D07716.docx,batch01,abstract-ART000863064,human,human,human,692
D07717.docx,batch01,abstract-ART000905912,human,human,human,467
D07718.docx,batch01,abstract-ART001391228,human,human,human,667
D07719.docx,batch01,abstract-ART000876582,human,human,human,461
D07720.docx,batch01,abstract-ART000873152,human,human,human,350
D07721.docx,batch01,abstract-ART000886087,human,human,human,530
D07722.docx,batch01,abstract-ART000878968,human,human,human,640
D07723.docx,batch01,abstract-ART000894829,human,human,human,472
D07724.docx,batch01,abstract-ART001895642,human,human,human,456
D07725.docx,batch01,abstract-ART000884051,human,human,human,1041
D07726.docx,batch01,abstract-ART000874643,human,human,human,702
D07727.docx,batch01,abstract-ART000860360,human,human,human,471
D07728.docx,batch01,abstract-ART000865904,human,human,human,400
D07729.docx,batch01,abstract-ART000906006,human,human,human,469
D07730.docx,batch01,abstract-ART001227336,human,human,human,687
D07731.docx,batch01,abstract-ART000889185,human,human,human,323
D07732.docx,batch01,abstract-ART000877330,human,human,human,473
D07733.docx,batch01,abstract-ART000856186,human,human,human,333
D07734.docx,batch01,abstract-ART001391211,human,human,human,786
D07735.docx,batch01,abstract-ART000905231,human,human,human,600
D07736.docx,batch01,abstract-ART000874918,human,human,human,921
D07737.docx,batch01,abstract-ART000898055,human,human,human,354
D07738.docx,batch01,abstract-ART002050411,human,human,human,719
D07739.docx,batch01,abstract-ART000899718,human,human,human,614
D07740.docx,batch01,abstract-ART000854026,human,human,human,803
D07741.docx,batch01,abstract-ART000892736,human,human,human,449
D07742.docx,batch01,abstract-ART000896582,human,human,human,374
D07743.docx,batch01,abstract-ART000905415,human,human,human,404
D07744.docx,batch01,abstract-ART000875318,human,human,human,434
D07745.docx,batch01,abstract-ART000858411,human,human,human,454
D07746.docx,batch01,abstract-ART000889084,human,human,human,511
D07747.docx,batch01,abstract-ART000862092,human,human,human,365
D07748.docx,batch01,abstract-ART000869616,human,human,human,407
D07749.docx,batch01,abstract-ART000900362,human,human,human,676
D07750.docx,batch01,abstract-ART000867336,human,human,human,481
D07751.docx,batch01,abstract-ART000889761,human,human,human,385
D07752.docx,batch01,abstract-ART000901736,human,human,human,719
D07753.docx,batch01,abstract-ART000904414,human,human,human,679
D07754.docx,batch01,abstract-ART002525694,human,human,human,870
D07755.docx,batch01,abstract-ART000904781,human,human,human,530
D07756.docx,batch01,abstract-ART001507404,human,human,human,421
D07757.docx,batch01,abstract-ART001692851,human,human,human,305
D07758.docx,batch01,abstract-ART000867652,human,human,human,511
D07759.docx,batch01,abstract-ART000873020,human,human,human,416
D07760.docx,batch01,abstract-ART000888989,human,human,human,344
D07761.docx,batch01,abstract-ART000868083,human,human,human,437
D07762.docx,batch01,abstract-ART001716283,human,human,human,832
D07763.docx,batch01,abstract-ART000901317,human,human,human,705
D07764.docx,batch01,abstract-ART000903148,human,human,human,651
D07765.docx,batch01,abstract-ART000867133,human,human,human,623
D07766.docx,batch01,abstract-ART001753035,human,human,human,423
D07767.docx,batch01,abstract-ART000866557,human,human,human,469
D07768.docx,batch01,abstract-ART000887612,human,human,human,864
D07769.docx,batch01,abstract-ART002069262,human,human,human,375
D07770.docx,batch01,abstract-ART000874067,human,human,human,431
D07771.docx,batch01,abstract-ART000876530,human,human,human,1039
D07772.docx,batch01,abstract-ART000900606,human,human,human,657
D07773.docx,batch01,abstract-ART000853301,human,human,human,890
D07774.docx,batch01,abstract-ART000861938,human,human,human,421
D07775.docx,batch01,abstract-ART000903583,human,human,human,408
D07776.docx,batch01,abstract-ART000854093,human,human,human,391
D07777.docx,batch01,abstract-ART000906439,human,human,human,401
D07778.docx,batch01,abstract-ART000895482,human,human,human,486
D07779.docx,batch01,abstract-ART000856060,human,human,human,626
D07780.docx,batch01,abstract-ART000906540,human,human,human,602
D07781.docx,batch01,abstract-ART000864456,human,human,human,829
D07782.docx,batch01,abstract-ART000900262,human,human,human,570
D07783.docx,batch01,abstract-ART000874465,human,human,human,885
D07784.docx,batch01,abstract-ART000905236,human,human,human,388
D07785.docx,batch01,abstract-ART000871705,human,human,human,647
D07786.docx,batch01,abstract-ART000857375,human,human,human,824
D07787.docx,batch01,abstract-ART000879582,human,human,human,344
D07788.docx,batch01,abstract-ART000875767,human,human,human,622
D07789.docx,batch01,abstract-ART000873496,human,human,human,455
D07790.docx,batch01,abstract-ART002147785,human,human,human,693
D07791.docx,batch01,abstract-ART000871656,human,human,human,531
D07792.docx,batch01,abstract-ART001942361,human,human,human,766
D07793.docx,batch01,abstract-ART000874614,human,human,human,652
D07794.docx,batch01,abstract-ART002066351,human,human,human,493
D07795.docx,batch01,abstract-ART000858261,human,human,human,798
D07796.docx,batch01,abstract-ART000860988,human,human,human,634
D07797.docx,batch01,abstract-ART000905932,human,human,human,588
D07798.docx,batch01,abstract-ART000863058,human,human,human,704
D07799.docx,batch01,abstract-ART000905238,human,human,human,463
D07800.docx,batch01,abstract-ART002000389,human,human,human,1050
D07801.docx,batch01,abstract-ART000895478,human,human,human,441
D07802.docx,batch01,abstract-ART000863540,human,human,human,526
D07803.docx,batch01,abstract-ART001414231,human,human,human,445
D07804.docx,batch01,abstract-ART000898139,human,human,human,529
D07805.docx,batch01,abstract-ART000851938,human,human,human,459
D07806.docx,batch01,abstract-ART000868524,human,human,human,598
D07807.docx,batch01,abstract-ART000901859,human,human,human,371
D07808.docx,batch01,abstract-ART000880293,human,human,human,309
D07809.docx,batch01,abstract-ART000869479,human,human,human,938
D07810.docx,batch01,abstract-ART000898663,human,human,human,845
D07811.docx,batch01,abstract-ART000896282,human,human,human,358
D07812.docx,batch01,abstract-ART000864443,human,human,human,690
D07813.docx,batch01,abstract-ART000865052,human,human,human,508
D07814.docx,batch01,abstract-ART001496406,human,human,human,463
D07815.docx,batch01,abstract-ART000876974,human,human,human,661
D07816.docx,batch01,abstract-ART000869564,human,human,human,719
D07817.docx,batch01,abstract-ART000892522,human,human,human,348
D07818.docx,batch01,abstract-ART000863204,human,human,human,573
D07819.docx,batch01,abstract-ART000902714,human,human,human,332
D07820.docx,batch01,abstract-ART000902162,human,human,human,515
D07821.docx,batch01,abstract-ART000862177,human,human,human,368
D07822.docx,batch01,abstract-ART000873543,human,human,human,567
D07823.docx,batch01,abstract-ART000896000,human,human,human,776
D07824.docx,batch01,abstract-ART000895527,human,human,human,653
D07825.docx,batch01,abstract-ART000869796,human,human,human,382
D07826.docx,batch01,abstract-ART001663195,human,human,human,801
D07827.docx,batch01,abstract-ART002012578,human,human,human,313
D07828.docx,batch01,abstract-ART000896327,human,human,human,301
D07829.docx,batch01,abstract-ART000864082,human,human,human,479
D07830.docx,batch01,abstract-ART002494885,human,human,human,729
D07831.docx,batch01,abstract-ART001716305,human,human,human,725
D07832.docx,batch01,abstract-ART001928695,human,human,human,810
D07833.docx,batch01,abstract-ART000887939,human,human,human,549
D07834.docx,batch01,abstract-ART000860378,human,human,human,730
D07835.docx,batch01,abstract-ART000904980,human,human,human,388
D07836.docx,batch01,abstract-ART000868116,human,human,human,533
D07837.docx,batch01,abstract-ART000869642,human,human,human,456
D07838.docx,batch01,abstract-ART000904715,human,human,human,608
D07839.docx,batch01,abstract-ART000869158,human,human,human,453
D07840.docx,batch01,abstract-ART000903057,human,human,human,604
D07841.docx,batch01,abstract-ART000854363,human,human,human,336
D07842.docx,batch01,abstract-ART000888979,human,human,human,911
D07843.docx,batch01,abstract-ART000858399,human,human,human,813
D07844.docx,batch01,abstract-ART000894158,human,human,human,710
D07845.docx,batch01,abstract-ART001903735,human,human,human,627
D07846.docx,batch01,abstract-ART000874684,human,human,human,473
D07847.docx,batch01,abstract-ART000880944,human,human,human,648
D07848.docx,batch01,abstract-ART000906050,human,human,human,335
D07849.docx,batch01,abstract-ART000869798,human,human,human,321
D07850.docx,batch01,abstract-ART000903034,human,human,human,422
D07851.docx,batch01,abstract-ART000869394,human,human,human,834
D07852.docx,batch01,abstract-ART000872234,human,human,human,464
D07853.docx,batch01,abstract-ART000864085,human,human,human,494
D07854.docx,batch01,abstract-ART000888913,human,human,human,369
D07855.docx,batch01,abstract-ART000901323,human,human,human,482
D07856.docx,batch01,abstract-ART001461108,human,human,human,885
D07857.docx,batch01,abstract-ART002487269,human,human,human,688
D07858.docx,batch01,abstract-ART001942455,human,human,human,489
D07859.docx,batch01,abstract-ART000889656,human,human,human,711
D07860.docx,batch01,abstract-ART000903579,human,human,human,469
D07861.docx,batch01,abstract-ART002502693,human,human,human,706
D07862.docx,batch01,abstract-ART002080050,human,human,human,551
D07863.docx,batch01,abstract-ART000861863,human,human,human,779
D07864.docx,batch01,abstract-ART000902519,human,human,human,434
D07865.docx,batch01,abstract-ART000895839,human,human,human,1104
D07866.docx,batch01,abstract-ART000903553,human,human,human,303
D07867.docx,batch01,abstract-ART000875408,human,human,human,304
D07868.docx,batch01,abstract-ART000869416,human,human,human,426
D07869.docx,batch01,abstract-ART001915197,human,human,human,917
D07870.docx,batch01,abstract-ART001804568,human,human,human,790
D07871.docx,batch01,abstract-ART000901478,human,human,human,356
D07872.docx,batch01,abstract-ART000857769,human,human,human,513
D07873.docx,batch01,abstract-ART000864528,human,human,human,351
D07874.docx,batch01,abstract-ART000858394,human,human,human,745
D07875.docx,batch01,abstract-ART000904245,human,human,human,1122
D07876.docx,batch01,abstract-ART000874645,human,human,human,587
D07877.docx,batch01,abstract-ART000879116,human,human,human,565
D07878.docx,batch01,abstract-ART000874416,human,human,human,1109
D07879.docx,batch01,abstract-ART000861500,human,human,human,1170
D07880.docx,batch01,abstract-ART000852227,human,human,human,536
D07881.docx,batch01,abstract-ART000874694,human,human,human,453
D07882.docx,batch01,abstract-ART000900251,human,human,human,542
D07883.docx,batch01,abstract-ART000905078,human,human,human,456
D07884.docx,batch01,abstract-ART000871190,human,human,human,907
D07885.docx,batch01,abstract-ART002525627,human,human,human,390
D07886.docx,batch01,abstract-ART000903654,human,human,human,811
D07887.docx,batch01,abstract-ART001974715,human,human,human,394
D07888.docx,batch01,abstract-ART000889173,human,human,human,426
D07889.docx,batch01,abstract-ART000901592,human,human,human,540
D07890.docx,batch01,abstract-ART000861418,human,human,human,744
D07891.docx,batch01,abstract-ART001844912,human,human,human,615
D07892.docx,batch01,abstract-ART000852099,human,human,human,362
D07893.docx,batch01,abstract-ART000903574,human,human,human,341
D07894.docx,batch01,abstract-ART002487267,human,human,human,526
D07895.docx,batch01,abstract-ART002515704,human,human,human,722
D07896.docx,batch01,abstract-ART000903279,human,human,human,456
D07897.docx,batch01,abstract-ART000898321,human,human,human,1189
D07898.docx,batch01,abstract-ART000868052,human,human,human,795
D07899.docx,batch01,abstract-ART000904695,human,human,human,799
D07900.docx,batch01,abstract-ART000899186,human,human,human,348
D07901.docx,batch01,abstract-ART000900168,human,human,human,462
D07902.docx,batch01,abstract-ART000873235,human,human,human,394
D07903.docx,batch01,abstract-ART000861758,human,human,human,387
D07904.docx,batch01,abstract-ART000899889,human,human,human,395
D07905.docx,batch01,abstract-ART000854661,human,human,human,576
D07906.docx,batch01,abstract-ART000869974,human,human,human,744
D07907.docx,batch01,abstract-ART000868935,human,human,human,300
D07908.docx,batch01,abstract-ART000905999,human,human,human,327
D07909.docx,batch01,abstract-ART000879177,human,human,human,518
D07910.docx,batch01,abstract-ART000890729,human,human,human,609
D07911.docx,batch01,abstract-ART000897846,human,human,human,589
D07912.docx,batch01,abstract-ART000869232,human,human,human,456
D07913.docx,batch01,abstract-ART000874899,human,human,human,1164
D07914.docx,batch01,abstract-ART000874683,human,human,human,762
D07915.docx,batch01,abstract-ART000879009,human,human,human,314
D07916.docx,batch01,abstract-ART000902265,human,human,human,760
D07917.docx,batch01,abstract-ART000858887,human,human,human,1169
D07918.docx,batch01,abstract-ART000896178,human,human,human,471
D07919.docx,batch01,abstract-ART000867535,human,human,human,810
D07920.docx,batch01,abstract-ART000882875,human,human,human,637
D07921.docx,batch01,abstract-ART000864828,human,human,human,441
D07922.docx,batch01,abstract-ART000897355,human,human,human,816
D07923.docx,batch01,abstract-ART000887086,human,human,human,384
D07924.docx,batch01,abstract-ART000894173,human,human,human,433
D07925.docx,batch01,abstract-ART001273459,human,human,human,632
D07926.docx,batch01,abstract-ART001626654,human,human,human,882
D07927.docx,batch01,abstract-ART000867289,human,human,human,466
D07928.docx,batch01,abstract-ART000865362,human,human,human,312
D07929.docx,batch01,abstract-ART000903495,human,human,human,397
D07930.docx,batch01,abstract-ART000898849,human,human,human,876
D07931.docx,batch01,abstract-ART000884466,human,human,human,899
D07932.docx,batch01,abstract-ART001878109,human,human,human,547
D07933.docx,batch01,abstract-ART000884336,human,human,human,955
D07934.docx,batch01,abstract-ART000890180,human,human,human,930
D07935.docx,batch01,abstract-ART000905936,human,human,human,477
D07936.docx,batch01,abstract-ART000864965,human,human,human,683
D07937.docx,batch01,abstract-ART000883832,human,human,human,508
D07938.docx,batch01,abstract-ART000879089,human,human,human,568
D07939.docx,batch01,abstract-ART000894621,human,human,human,306
D07940.docx,batch01,abstract-ART000864962,human,human,human,528
D07941.docx,batch01,abstract-ART000871795,human,human,human,701
D07942.docx,batch01,abstract-ART000883041,human,human,human,414
D07943.docx,batch01,abstract-ART000877183,human,human,human,564
D07944.docx,batch01,abstract-ART000890641,human,human,human,447
D07945.docx,batch01,abstract-ART000878551,human,human,human,1055
D07946.docx,batch01,abstract-ART000895501,human,human,human,533
D07947.docx,batch01,abstract-ART000878988,human,human,human,605
D07948.docx,batch01,abstract-ART000876692,human,human,human,394
D07949.docx,batch01,abstract-ART000905938,human,human,human,433
D07950.docx,batch01,abstract-ART000851168,human,human,human,428
D07951.docx,batch01,abstract-ART000902720,human,human,human,474
D07952.docx,batch01,abstract-ART000904718,human,human,human,318
D07953.docx,batch01,abstract-ART000889038,human,human,human,714
D07954.docx,batch01,abstract-ART000888370,human,human,human,628
D07955.docx,batch01,abstract-ART000873573,human,human,human,547
D07956.docx,batch01,abstract-ART000860445,human,human,human,733
D07957.docx,batch01,abstract-ART000869419,human,human,human,474
D07958.docx,batch01,abstract-ART000861074,human,human,human,490
D07959.docx,batch01,abstract-ART000876262,human,human,human,393
D07960.docx,batch01,abstract-ART000902008,human,human,human,315
D07961.docx,batch01,abstract-ART000854295,human,human,human,765
D07962.docx,batch01,abstract-ART000861761,human,human,human,358
D07963.docx,batch01,abstract-ART000864903,human,human,human,1011
D07964.docx,batch01,abstract-ART000884700,human,human,human,635
D07965.docx,batch01,abstract-ART000867238,human,human,human,1076
D07966.docx,batch01,abstract-ART000880145,human,human,human,608
D07967.docx,batch01,abstract-ART000872606,human,human,human,455
D07968.docx,batch01,abstract-ART000896180,human,human,human,646
D07969.docx,batch01,abstract-ART000899510,human,human,human,1070
D07970.docx,batch01,abstract-ART001796380,human,human,human,670
D07971.docx,batch01,abstract-ART000867536,human,human,human,852
D07972.docx,batch01,abstract-ART000864746,human,human,human,332
D07973.docx,batch01,abstract-ART000869469,human,human,human,1004
D07974.docx,batch01,abstract-ART000902069,human,human,human,762
D07975.docx,batch01,abstract-ART000876101,human,human,human,821
D07976.docx,batch01,abstract-ART000852271,human,human,human,507
D07977.docx,batch01,abstract-ART000855225,human,human,human,692
D07978.docx,batch01,abstract-ART000895754,human,human,human,505
D07979.docx,batch01,abstract-ART002323452,human,human,human,958
D07980.docx,batch01,abstract-ART002525695,human,human,human,576
D07981.docx,batch01,abstract-ART000899451,human,human,human,472
D07982.docx,batch01,abstract-ART000869456,human,human,human,352
D07983.docx,batch01,abstract-ART000875844,human,human,human,750
D07984.docx,batch01,abstract-ART000883729,human,human,human,319
D07985.docx,batch01,abstract-ART002542190,human,human,human,401
D07986.docx,batch01,abstract-ART000906747,human,human,human,388
D07987.docx,batch01,abstract-ART000867040,human,human,human,457
D07988.docx,batch01,abstract-ART000864515,human,human,human,941
D07989.docx,batch01,abstract-ART000873508,human,human,human,548
D07990.docx,batch01,abstract-ART000861117,human,human,human,683
D07991.docx,batch01,abstract-ART000864372,human,human,human,571
D07992.docx,batch01,abstract-ART000887177,human,human,human,986
D07993.docx,batch01,abstract-ART000896321,human,human,human,363
D07994.docx,batch01,abstract-ART002197221,human,human,human,571
D07995.docx,batch01,abstract-ART002546423,human,human,human,838
D07996.docx,batch01,abstract-ART000864663,human,human,human,784
D07997.docx,batch01,abstract-ART000872677,human,human,human,650
D07998.docx,batch01,abstract-ART000899190,human,human,human,391
D07999.docx,batch01,abstract-ART000900301,human,human,human,649
D08000.docx,batch01,abstract-ART001690791,human,human,human,698
D08001.docx,batch01,abstract-ART001887016,human,human,human,386
D08002.docx,batch01,abstract-ART000868530,human,human,human,713
D08003.docx,batch01,abstract-ART000888509,human,human,human,431
D08004.docx,batch01,abstract-ART000903277,human,human,human,505
D08005.docx,batch01,abstract-ART001270782,human,human,human,385
D08006.docx,batch01,abstract-ART000888454,human,human,human,309
D08007.docx,batch01,abstract-ART001529504,human,human,human,467
D08008.docx,batch01,abstract-ART000856310,human,human,human,387
D08009.docx,batch01,abstract-ART000859062,human,human,human,581
D08010.docx,batch01,abstract-ART000900159,human,human,human,751
D08011.docx,batch01,abstract-ART002226256,human,human,human,357
D08012.docx,batch01,abstract-ART000884542,human,human,human,1053
D08013.docx,batch01,abstract-ART000889311,human,human,human,629
D08014.docx,batch01,abstract-ART002507037,human,human,human,508
D08015.docx,batch01,abstract-ART000905854,human,human,human,505
D08016.docx,batch01,abstract-ART000851873,human,human,human,404
D08017.docx,batch01,abstract-ART000875324,human,human,human,465
D08018.docx,batch01,abstract-ART000903017,human,human,human,365
D08019.docx,batch01,abstract-ART000885763,human,human,human,523
D08020.docx,batch01,abstract-ART000904849,human,human,human,329
D08021.docx,batch01,abstract-ART000895547,human,human,human,651
D08022.docx,batch01,abstract-ART000863055,human,human,human,976
D08023.docx,batch01,abstract-ART000889902,human,human,human,956
D08024.docx,batch01,abstract-ART000860662,human,human,human,1143
D08025.docx,batch01,abstract-ART000852544,human,human,human,387
D08026.docx,batch01,abstract-ART000885356,human,human,human,787
D08027.docx,batch01,abstract-ART000880451,human,human,human,510
D08028.docx,batch01,abstract-ART000896461,human,human,human,393
D08029.docx,batch01,abstract-ART000873963,human,human,human,305
D08030.docx,batch01,abstract-ART000901419,human,human,human,711
D08031.docx,batch01,abstract-ART000892969,human,human,human,498
D08032.docx,batch01,abstract-ART000858483,human,human,human,531
D08033.docx,batch01,abstract-ART000853026,human,human,human,473
D08034.docx,batch01,abstract-ART000877512,human,human,human,709
D08035.docx,batch01,abstract-ART000857617,human,human,human,535
D08036.docx,batch01,abstract-ART000904869,human,human,human,516
D08037.docx,batch01,abstract-ART000908152,human,human,human,1105
D08038.docx,batch01,abstract-ART000861909,human,human,human,459
D08039.docx,batch01,abstract-ART000858405,human,human,human,1199
D08040.docx,batch01,abstract-ART000905881,human,human,human,394
D08041.docx,batch01,abstract-ART000876624,human,human,human,719
D08042.docx,batch01,abstract-ART000893274,human,human,human,413
D08043.docx,batch01,abstract-ART000865046,human,human,human,469
D08044.docx,batch01,abstract-ART000897658,human,human,human,657
D08045.docx,batch01,abstract-ART000858801,human,human,human,868
D08046.docx,batch01,abstract-ART000867646,human,human,human,553
D08047.docx,batch01,abstract-ART000866953,human,human,human,446
D08048.docx,batch01,abstract-ART000905576,human,human,human,617
D08049.docx,batch01,abstract-ART001540019,human,human,human,623
D08050.docx,batch01,abstract-ART000875792,human,human,human,399
D08051.docx,batch01,abstract-ART000874413,human,human,human,629
D08052.docx,batch01,abstract-ART000904425,human,human,human,436
D08053.docx,batch01,abstract-ART000896791,human,human,human,425
D08054.docx,batch01,abstract-ART000889261,human,human,human,475
D08055.docx,batch01,abstract-ART000852162,human,human,human,419
D08056.docx,batch01,abstract-ART000868202,human,human,human,839
D08057.docx,batch01,abstract-ART001705823,human,human,human,877
D08058.docx,batch01,abstract-ART000891964,human,human,human,599
D08059.docx,batch01,abstract-ART000861941,human,human,human,750
D08060.docx,batch01,abstract-ART000861780,human,human,human,757
D08061.docx,batch01,abstract-ART000894730,human,human,human,369
D08062.docx,batch01,abstract-ART000903138,human,human,human,415
D08063.docx,batch01,abstract-ART001310622,human,human,human,443
D08064.docx,batch01,abstract-ART000872412,human,human,human,929
D08065.docx,batch01,abstract-ART000855222,human,human,human,822
D08066.docx,batch01,abstract-ART000896550,human,human,human,685
D08067.docx,batch01,abstract-ART000893692,human,human,human,599
D08068.docx,batch01,abstract-ART002317998,human,human,human,452
D08069.docx,batch01,abstract-ART000882372,human,human,human,732
D08070.docx,batch01,abstract-ART000893320,human,human,human,826
D08071.docx,batch01,abstract-ART000872624,human,human,human,1104
D08072.docx,batch01,abstract-ART000905315,human,human,human,806
D08073.docx,batch01,abstract-ART000880884,human,human,human,1064
D08074.docx,batch01,abstract-ART000900323,human,human,human,386
D08075.docx,batch01,abstract-ART000864808,human,human,human,657
D08076.docx,batch01,abstract-ART000902463,human,human,human,1163
D08077.docx,batch01,abstract-ART000906140,human,human,human,567
D08078.docx,batch01,abstract-ART000906497,human,human,human,391
D08079.docx,batch01,abstract-ART000905923,human,human,human,557
D08080.docx,batch01,abstract-ART000877805,human,human,human,933
D08081.docx,batch01,abstract-ART000864295,human,human,human,735
D08082.docx,batch01,abstract-ART000904552,human,human,human,520
D08083.docx,batch01,abstract-ART000901002,human,human,human,377
D08084.docx,batch01,abstract-ART000886795,human,human,human,315
D08085.docx,batch01,abstract-ART000880382,human,human,human,622
D08086.docx,batch01,abstract-ART000903224,human,human,human,537
D08087.docx,batch01,abstract-ART000886192,human,human,human,783
D08088.docx,batch01,abstract-ART001615391,human,human,human,712
D08089.docx,batch01,abstract-ART000876914,human,human,human,546
D08090.docx,batch01,abstract-ART000905984,human,human,human,528
D08091.docx,batch01,abstract-ART000897453,human,human,human,668
D08092.docx,batch01,abstract-ART000864584,human,human,human,650
D08093.docx,batch01,abstract-ART000866954,human,human,human,590
D08094.docx,batch01,abstract-ART000871497,human,human,human,534
D08095.docx,batch01,abstract-ART000865601,human,human,human,323
D08096.docx,batch01,abstract-ART000873614,human,human,human,405
D08097.docx,batch01,abstract-ART000898328,human,human,human,1059
D08098.docx,batch01,abstract-ART000878999,human,human,human,317
D08099.docx,batch01,abstract-ART000894049,human,human,human,361
D08100.docx,batch01,abstract-ART000881801,human,human,human,1010
D08101.docx,batch01,abstract-ART000888916,human,human,human,481
D08102.docx,batch01,abstract-ART000902355,human,human,human,438
D08103.docx,batch01,abstract-ART000861400,human,human,human,628
D08104.docx,batch01,abstract-ART000875482,human,human,human,470
D08105.docx,batch01,abstract-ART000894045,human,human,human,377
D08106.docx,batch01,abstract-ART000894831,human,human,human,463
D08107.docx,batch01,abstract-ART000854122,human,human,human,581
D08108.docx,batch01,abstract-ART000870283,human,human,human,860
D08109.docx,batch01,abstract-ART000861102,human,human,human,447
D08110.docx,batch01,abstract-ART000888521,human,human,human,638
D08111.docx,batch01,abstract-ART000892906,human,human,human,556
D08112.docx,batch01,abstract-ART000902661,human,human,human,610
D08113.docx,batch01,abstract-ART000906501,human,human,human,597
D08114.docx,batch01,abstract-ART000858407,human,human,human,538
D08115.docx,batch01,abstract-ART000903294,human,human,human,300
D08116.docx,batch01,abstract-ART000884766,human,human,human,678
D08117.docx,batch01,abstract-ART000888683,human,human,human,386
D08118.docx,batch01,abstract-ART000878295,human,human,human,599
D08119.docx,batch01,abstract-ART002000963,human,human,human,483
D08120.docx,batch01,abstract-ART000880227,human,human,human,377
D08121.docx,batch01,abstract-ART000852503,human,human,human,924
D08122.docx,batch01,abstract-ART000860334,human,human,human,581
D08123.docx,batch01,abstract-ART002254789,human,human,human,438
D08124.docx,batch01,abstract-ART002494521,human,human,human,661
D08125.docx,batch01,abstract-ART000862169,human,human,human,314
D08126.docx,batch01,abstract-ART000861158,human,human,human,310
D08127.docx,batch01,abstract-ART000908144,human,human,human,306
D08128.docx,batch01,abstract-ART000893184,human,human,human,561
D08129.docx,batch01,abstract-ART000860714,human,human,human,810
D08130.docx,batch01,abstract-ART000884065,human,human,human,302
D08131.docx,batch01,abstract-ART000863083,human,human,human,915
D08132.docx,batch01,abstract-ART001707587,human,human,human,405
D08133.docx,batch01,abstract-ART000906277,human,human,human,608
D08134.docx,batch01,abstract-ART000867858,human,human,human,1106
D08135.docx,batch01,abstract-ART000905824,human,human,human,367
D08136.docx,batch01,abstract-ART000888572,human,human,human,350
D08137.docx,batch01,abstract-ART000873581,human,human,human,933
D08138.docx,batch01,abstract-ART000850943,human,human,human,493
D08139.docx,batch01,abstract-ART000868016,human,human,human,578
D08140.docx,batch01,abstract-ART000882846,human,human,human,531
D08141.docx,batch01,abstract-ART000868131,human,human,human,326
D08142.docx,batch01,abstract-ART000868861,human,human,human,1142
D08143.docx,batch01,abstract-ART000903388,human,human,human,485
D08144.docx,batch01,abstract-ART000897652,human,human,human,679
D08145.docx,batch01,abstract-ART000899846,human,human,human,788
D08146.docx,batch01,abstract-ART000885511,human,human,human,664
D08147.docx,batch01,abstract-ART000883021,human,human,human,1020
D08148.docx,batch01,abstract-ART000889519,human,human,human,1055
D08149.docx,batch01,abstract-ART000901979,human,human,human,786
D08150.docx,batch01,abstract-ART000860996,human,human,human,659
D08151.docx,batch01,abstract-ART000873011,human,human,human,416
D08152.docx,batch01,abstract-ART000875327,human,human,human,1166
D08153.docx,batch01,abstract-ART000871723,human,human,human,487
D08154.docx,batch01,abstract-ART000900292,human,human,human,619
D08155.docx,batch01,abstract-ART000857757,human,human,human,624
D08156.docx,batch01,abstract-ART000899833,human,human,human,642
D08157.docx,batch01,abstract-ART000905769,human,human,human,554
D08158.docx,batch01,abstract-ART000866906,human,human,human,460
D08159.docx,batch01,abstract-ART000868527,human,human,human,392
D08160.docx,batch01,abstract-ART000892108,human,human,human,504
D08161.docx,batch01,abstract-ART000879181,human,human,human,534
D08162.docx,batch01,abstract-ART000904778,human,human,human,409
D08163.docx,batch01,abstract-ART000880141,human,human,human,568
D08164.docx,batch01,abstract-ART000852416,human,human,human,782
D08165.docx,batch01,abstract-ART001863095,human,human,human,590
D08166.docx,batch01,abstract-ART000882832,human,human,human,339
D08167.docx,batch01,abstract-ART000902029,human,human,human,502
D08168.docx,batch01,abstract-ART000852797,human,human,human,485
D08169.docx,batch01,abstract-ART000902091,human,human,human,564
D08170.docx,batch01,abstract-ART000862094,human,human,human,353
D08171.docx,batch01,abstract-ART000905387,human,human,human,312
D08172.docx,batch01,abstract-ART000860332,human,human,human,969
D08173.docx,batch01,abstract-ART000864384,human,human,human,669
D08174.docx,batch01,abstract-ART000903316,human,human,human,471
D08175.docx,batch01,abstract-ART000874757,human,human,human,611
D08176.docx,batch01,abstract-ART000863302,human,human,human,926
D08177.docx,batch01,abstract-ART000868252,human,human,human,356
D08178.docx,batch01,abstract-ART000896020,human,human,human,447
D08179.docx,batch01,abstract-ART001550990,human,human,human,650
D08180.docx,batch01,abstract-ART000906164,human,human,human,444
D08181.docx,batch01,abstract-ART000857855,human,human,human,611
D08182.docx,batch01,abstract-ART000874258,human,human,human,519
D08183.docx,batch01,abstract-ART000876900,human,human,human,606
D08184.docx,batch01,abstract-ART000872900,human,human,human,452
D08185.docx,batch01,abstract-ART000854701,human,human,human,543
D08186.docx,batch01,abstract-ART000898626,human,human,human,314
D08187.docx,batch01,abstract-ART002021404,human,human,human,488
D08188.docx,batch01,abstract-ART001558326,human,human,human,464
D08189.docx,batch01,abstract-ART000901254,human,human,human,840
D08190.docx,batch01,abstract-ART000905072,human,human,human,385
D08191.docx,batch01,abstract-ART000860887,human,human,human,664
D08192.docx,batch01,abstract-ART000863126,human,human,human,465
D08193.docx,batch01,abstract-ART000864191,human,human,human,583
D08194.docx,batch01,abstract-ART000857864,human,human,human,707
D08195.docx,batch01,abstract-ART000906214,human,human,human,762
D08196.docx,batch01,abstract-ART000884830,human,human,human,454
D08197.docx,batch01,abstract-ART000885954,human,human,human,308
D08198.docx,batch01,abstract-ART000906310,human,human,human,947
D08199.docx,batch01,abstract-ART002461229,human,human,human,584
D08200.docx,batch01,abstract-ART000881949,human,human,human,332
D08201.docx,batch01,abstract-ART000861675,human,human,human,550
D08202.docx,batch01,abstract-ART000881810,human,human,human,443
D08203.docx,batch01,abstract-ART000861828,human,human,human,552
D08204.docx,batch01,abstract-ART000902140,human,human,human,754
D08205.docx,batch01,abstract-ART000893276,human,human,human,486
D08206.docx,batch01,abstract-ART000878289,human,human,human,717
D08207.docx,batch01,abstract-ART000851707,human,human,human,644
D08208.docx,batch01,abstract-ART000906033,human,human,human,606
D08209.docx,batch01,abstract-ART001336828,human,human,human,599
D08210.docx,batch01,abstract-ART001391229,human,human,human,949
D08211.docx,batch01,abstract-ART000869474,human,human,human,620
D08212.docx,batch01,abstract-ART000888827,human,human,human,363
D08213.docx,batch01,abstract-ART000877334,human,human,human,421
D08214.docx,batch01,abstract-ART000874056,human,human,human,489
D08215.docx,batch01,abstract-ART000898053,human,human,human,646
D08216.docx,batch01,abstract-ART000860720,human,human,human,676
D08217.docx,batch01,abstract-ART000857399,human,human,human,1140
D08218.docx,batch01,abstract-ART000858859,human,human,human,492
D08219.docx,batch01,abstract-ART000876973,human,human,human,674
D08220.docx,batch01,abstract-ART000892845,human,human,human,653
D08221.docx,batch01,abstract-ART002507048,human,human,human,478
D08222.docx,batch01,abstract-ART000866041,human,human,human,754
D08223.docx,batch01,abstract-ART000865967,human,human,human,392
D08224.docx,batch01,abstract-ART000854716,human,human,human,529
D08225.docx,batch01,abstract-ART000852646,human,human,human,447
D08226.docx,batch01,abstract-ART000869468,human,human,human,1200
D08227.docx,batch01,abstract-ART000884320,human,human,human,1032
D08228.docx,batch01,abstract-ART000896855,human,human,human,424
D08229.docx,batch01,abstract-ART000898521,human,human,human,905
D08230.docx,batch01,abstract-ART000885423,human,human,human,741
D08231.docx,batch01,abstract-ART000893066,human,human,human,529
D08232.docx,batch01,abstract-ART000852015,human,human,human,626
D08233.docx,batch01,abstract-ART000905492,human,human,human,554
D08234.docx,batch01,abstract-ART001920478,human,human,human,502
D08235.docx,batch01,abstract-ART000903139,human,human,human,431
D08236.docx,batch01,abstract-ART000907235,human,human,human,536
D08237.docx,batch01,abstract-ART001831594,human,human,human,561
D08238.docx,batch01,abstract-ART000872159,human,human,human,508
D08239.docx,batch01,abstract-ART002560750,human,human,human,667
D08240.docx,batch01,abstract-ART000903587,human,human,human,448
D08241.docx,batch01,abstract-ART000901794,human,human,human,456
D08242.docx,batch01,abstract-ART000902725,human,human,human,558
D08243.docx,batch01,abstract-ART000896199,human,human,human,645
D08244.docx,batch01,abstract-ART000856096,human,human,human,564
D08245.docx,batch01,abstract-ART000894248,human,human,human,369
D08246.docx,batch01,abstract-ART000878992,human,human,human,632
D08247.docx,batch01,abstract-ART000900071,human,human,human,413
D08248.docx,batch01,abstract-ART000873618,human,human,human,773
D08249.docx,batch01,abstract-ART002063300,human,human,human,520
D08250.docx,batch01,abstract-ART002141405,human,human,human,735
D08251.docx,batch01,abstract-ART000852505,human,human,human,985
D08252.docx,batch01,abstract-ART000851703,human,human,human,736
D08253.docx,batch01,abstract-ART000855205,human,human,human,764
D08254.docx,batch01,abstract-ART000897565,human,human,human,1188
D08255.docx,batch01,abstract-ART000903560,human,human,human,475
D08256.docx,batch01,abstract-ART000888787,human,human,human,691
D08257.docx,batch01,abstract-ART000867136,human,human,human,650
D08258.docx,batch01,abstract-ART002137090,human,human,human,674
D08259.docx,batch01,abstract-ART000862384,human,human,human,609
D08260.docx,batch01,abstract-ART000905632,human,human,human,591
D08261.docx,batch01,abstract-ART000880370,human,human,human,319
D08262.docx,batch01,abstract-ART000876895,human,human,human,606
D08263.docx,batch01,abstract-ART000889310,human,human,human,886
D08264.docx,batch01,abstract-ART000876438,human,human,human,553
D08265.docx,batch01,abstract-ART000886005,human,human,human,1164
D08266.docx,batch01,abstract-ART000878550,human,human,human,578
D08267.docx,batch01,abstract-ART000856081,human,human,human,522
D08268.docx,batch01,abstract-ART000889896,human,human,human,702
D08269.docx,batch01,abstract-ART000889312,human,human,human,682
D08270.docx,batch01,abstract-ART000880663,human,human,human,475
D08271.docx,batch01,abstract-ART000876378,human,human,human,992
D08272.docx,batch01,abstract-ART000906237,human,human,human,680
D08273.docx,batch01,abstract-ART000874690,human,human,human,568
D08274.docx,batch01,abstract-ART000861672,human,human,human,382
D08275.docx,batch01,abstract-ART000906052,human,human,human,783
D08276.docx,batch01,abstract-ART000896141,human,human,human,812
D08277.docx,batch01,abstract-ART000902635,human,human,human,414
D08278.docx,batch01,abstract-ART000877592,human,human,human,411
D08279.docx,batch01,abstract-ART000903091,human,human,human,573
D08280.docx,batch01,abstract-ART001412160,human,human,human,314
D08281.docx,batch01,abstract-ART001938114,human,human,human,341
D08282.docx,batch01,abstract-ART000902546,human,human,human,561
D08283.docx,batch01,abstract-ART000893056,human,human,human,923
D08284.docx,batch01,abstract-ART000869551,human,human,human,300
D08285.docx,batch01,abstract-ART000889547,human,human,human,346
D08286.docx,batch01,abstract-ART000874248,human,human,human,434
D08287.docx,batch01,abstract-ART000895656,human,human,human,429
D08288.docx,batch01,abstract-ART000893256,human,human,human,525
D08289.docx,batch01,abstract-ART000887611,human,human,human,911
D08290.docx,batch01,abstract-ART000871801,human,human,human,576
D08291.docx,batch01,abstract-ART000863052,human,human,human,1167
D08292.docx,batch01,abstract-ART000858222,human,human,human,335
D08293.docx,batch01,abstract-ART000887447,human,human,human,406
D08294.docx,batch01,abstract-ART000868593,human,human,human,1191
D08295.docx,batch01,abstract-ART000864217,human,human,human,658
D08296.docx,batch01,abstract-ART000881225,human,human,human,890
D08297.docx,batch01,abstract-ART000881321,human,human,human,850
D08298.docx,batch01,abstract-ART001844896,human,human,human,681
D08299.docx,batch01,abstract-ART000852534,human,human,human,357
D08300.docx,batch01,abstract-ART000882816,human,human,human,709
D08301.docx,batch01,abstract-ART000873968,human,human,human,526
D08302.docx,batch01,abstract-ART000892393,human,human,human,885
D08303.docx,batch01,abstract-ART000890331,human,human,human,606
D08304.docx,batch01,abstract-ART002019237,human,human,human,520
D08305.docx,batch01,abstract-ART000905654,human,human,human,467
D08306.docx,batch01,abstract-ART000901978,human,human,human,521
D08307.docx,batch01,abstract-ART000902224,human,human,human,687
D08308.docx,batch01,abstract-ART000875760,human,human,human,510
D08309.docx,batch01,abstract-ART000905880,human,human,human,403
D08310.docx,batch01,abstract-ART001904145,human,human,human,466
D08311.docx,batch01,abstract-ART000902633,human,human,human,545
D08312.docx,batch01,abstract-ART000858496,human,human,human,771
D08313.docx,batch01,abstract-ART002235083,human,human,human,554
D08314.docx,batch01,abstract-ART000898329,human,human,human,1001
D08315.docx,batch01,abstract-ART000901789,human,human,human,771
D08316.docx,batch01,abstract-ART000903027,human,human,human,600
D08317.docx,batch01,abstract-ART000864286,human,human,human,1009
D08318.docx,batch01,abstract-ART000864473,human,human,human,678
D08319.docx,batch01,abstract-ART000904801,human,human,human,422
D08320.docx,batch01,abstract-ART002148028,human,human,human,416
D08321.docx,batch01,abstract-ART000892630,human,human,human,368
D08322.docx,batch01,abstract-ART000892733,human,human,human,300
D08323.docx,batch01,abstract-ART000861060,human,human,human,754
D08324.docx,batch01,abstract-ART000875743,human,human,human,618
D08325.docx,batch01,abstract-ART000862392,human,human,human,535
D08326.docx,batch01,abstract-ART000901319,human,human,human,921
D08327.docx,batch01,abstract-ART000857306,human,human,human,756
D08328.docx,batch01,abstract-ART001445723,human,human,human,604
D08329.docx,batch01,abstract-ART000870053,human,human,human,525
D08330.docx,batch01,abstract-ART000902389,human,human,human,360
D08331.docx,batch01,abstract-ART000872746,human,human,human,594
D08332.docx,batch01,abstract-ART002525637,human,human,human,477
D08333.docx,batch01,abstract-ART000862174,human,human,human,409
D08334.docx,batch01,abstract-ART002378030,human,human,human,533
D08335.docx,batch01,abstract-ART000892109,human,human,human,356
D08336.docx,batch01,abstract-ART000852422,human,human,human,588
D08337.docx,batch01,abstract-ART000901942,human,human,human,301
D08338.docx,batch01,abstract-ART000861051,human,human,human,334
D08339.docx,batch01,abstract-ART000869817,human,human,human,866
D08340.docx,batch01,abstract-ART000894252,human,human,human,481
D08341.docx,batch01,abstract-ART000904975,human,human,human,443
D08342.docx,batch01,abstract-ART000893121,human,human,human,414
D08343.docx,batch01,abstract-ART000858674,human,human,human,454
D08344.docx,batch01,abstract-ART000874536,human,human,human,620
D08345.docx,batch01,abstract-ART000905318,human,human,human,613
D08346.docx,batch01,abstract-ART000903245,human,human,human,338
D08347.docx,batch01,abstract-ART000863629,human,human,human,418
D08348.docx,batch01,abstract-ART000902636,human,human,human,489
D08349.docx,batch01,abstract-ART000897122,human,human,human,350
D08350.docx,batch01,abstract-ART000866111,human,human,human,313
D08351.docx,batch01,abstract-ART000878872,human,human,human,827
D08352.docx,batch01,abstract-ART000872417,human,human,human,390
D08353.docx,batch01,abstract-ART000888230,human,human,human,529
D08354.docx,batch01,abstract-ART000877502,human,human,human,325
D08355.docx,batch01,abstract-ART001962522,human,human,human,491
D08356.docx,batch01,abstract-ART000867655,human,human,human,334
D08357.docx,batch01,abstract-ART000882845,human,human,human,331
D08358.docx,batch01,abstract-ART000905406,human,human,human,379
D08359.docx,batch01,abstract-ART000861087,human,human,human,701
D08360.docx,batch01,abstract-ART000861840,human,human,human,501
D08361.docx,batch01,abstract-ART000901867,human,human,human,832
D08362.docx,batch01,abstract-ART000857404,human,human,human,891
D08363.docx,batch01,abstract-ART000881325,human,human,human,981
D08364.docx,batch01,abstract-ART000877102,human,human,human,490
D08365.docx,batch01,abstract-ART001950567,human,human,human,418
D08366.docx,batch01,abstract-ART000885765,human,human,human,476
D08367.docx,batch01,abstract-ART000877500,human,human,human,534
D08368.docx,batch01,abstract-ART000868107,human,human,human,763
D08369.docx,batch01,abstract-ART002147686,human,human,human,824
D08370.docx,batch01,abstract-ART000872867,human,human,human,906
D08371.docx,batch01,abstract-ART000880118,human,human,human,873
D08372.docx,batch01,abstract-ART000886183,human,human,human,1073
D08373.docx,batch01,abstract-ART000902818,human,human,human,559
D08374.docx,batch01,abstract-ART000875940,human,human,human,443
D08375.docx,batch01,abstract-ART000852005,human,human,human,585
D08376.docx,batch01,abstract-ART000858412,human,human,human,511
D08377.docx,batch01,abstract-ART000898312,human,human,human,1086
D08378.docx,batch01,abstract-ART001692852,human,human,human,863
D08379.docx,batch01,abstract-ART000889514,human,human,human,515
D08380.docx,batch01,abstract-ART000861284,human,human,human,416
D08381.docx,batch01,abstract-ART000885215,human,human,human,836
D08382.docx,batch01,abstract-ART000874904,human,human,human,1084
D08383.docx,batch01,abstract-ART000863306,human,human,human,800
D08384.docx,batch01,abstract-ART001343481,human,human,human,614
D08385.docx,batch01,abstract-ART000902253,human,human,human,781
D08386.docx,batch01,abstract-ART000877595,human,human,human,467
D08387.docx,batch01,abstract-ART000856025,human,human,human,852
D08388.docx,batch01,abstract-ART000896545,human,human,human,1035
D08389.docx,batch01,abstract-ART000900485,human,human,human,631
D08390.docx,batch01,abstract-ART000884856,human,human,human,614
D08391.docx,batch01,abstract-ART000870026,human,human,human,409
D08392.docx,batch01,abstract-ART000861026,human,human,human,579
D08393.docx,batch01,abstract-ART000888224,human,human,human,1039
D08394.docx,batch01,abstract-ART000888978,human,human,human,390
D08395.docx,batch01,abstract-ART000876097,human,human,human,752
D08396.docx,batch01,abstract-ART000882834,human,human,human,452
D08397.docx,batch01,abstract-ART000879196,human,human,human,439
D08398.docx,batch01,abstract-ART000903706,human,human,human,641
D08399.docx,batch01,abstract-ART001673581,human,human,human,401
D08400.docx,batch01,abstract-ART000864519,human,human,human,535
D08401.docx,batch02,abstract-ART000884323,human,human,human,560
D08402.docx,batch02,abstract-ART000903556,human,human,human,800
D08403.docx,batch02,abstract-ART000893699,human,human,human,758
D08404.docx,batch02,abstract-ART000854041,human,human,human,830
D08405.docx,batch02,abstract-ART000880381,human,human,human,493
D08406.docx,batch02,abstract-ART000893747,human,human,human,395
D08407.docx,batch02,abstract-ART000861190,human,human,human,509
D08408.docx,batch02,abstract-ART000900336,human,human,human,600
D08409.docx,batch02,abstract-ART001942365,human,human,human,556
D08410.docx,batch02,abstract-ART000897029,human,human,human,670
D08411.docx,batch02,abstract-ART000861124,human,human,human,702
D08412.docx,batch02,abstract-ART000893070,human,human,human,910
D08413.docx,batch02,abstract-ART000863129,human,human,human,326
D08414.docx,batch02,abstract-ART000883412,human,human,human,414
D08415.docx,batch02,abstract-ART000880473,human,human,human,516
D08416.docx,batch02,abstract-ART000876003,human,human,human,495
D08417.docx,batch02,abstract-ART001985870,human,human,human,620
D08418.docx,batch02,abstract-ART000868040,human,human,human,1030
D08419.docx,batch02,abstract-ART000887035,human,human,human,494
D08420.docx,batch02,abstract-ART000893140,human,human,human,302
D08421.docx,batch02,abstract-ART000851702,human,human,human,584
D08422.docx,batch02,abstract-ART001569164,human,human,human,1027
D08423.docx,batch02,abstract-ART000902356,human,human,human,410
D08424.docx,batch02,abstract-ART000851875,human,human,human,511
D08425.docx,batch02,abstract-ART000899925,human,human,human,769
D08426.docx,batch02,abstract-ART000899720,human,human,human,618
D08427.docx,batch02,abstract-ART000900115,human,human,human,574
D08428.docx,batch02,abstract-ART000903808,human,human,human,635
D08429.docx,batch02,abstract-ART000868117,human,human,human,594
D08430.docx,batch02,abstract-ART000900325,human,human,human,537
D08431.docx,batch02,abstract-ART001890523,human,human,human,731
D08432.docx,batch02,abstract-ART000894734,human,human,human,408
D08433.docx,batch02,abstract-ART000880371,human,human,human,336
D08434.docx,batch02,abstract-ART000901318,human,human,human,753
D08435.docx,batch02,abstract-ART000873013,human,human,human,420
D08436.docx,batch02,abstract-ART000908022,human,human,human,438
D08437.docx,batch02,abstract-ART000892190,human,human,human,326
D08438.docx,batch02,abstract-ART002378853,human,human,human,460
D08439.docx,batch02,abstract-ART000869017,human,human,human,426
D08440.docx,batch02,abstract-ART000889371,human,human,human,487
D08441.docx,batch02,abstract-ART000897125,human,human,human,311
D08442.docx,batch02,abstract-ART000874641,human,human,human,727
D08443.docx,batch02,abstract-ART000856309,human,human,human,491
D08444.docx,batch02,abstract-ART002080047,human,human,human,486
D08445.docx,batch02,abstract-ART000896091,human,human,human,361
D08446.docx,batch02,abstract-ART000873156,human,human,human,420
D08447.docx,batch02,abstract-ART000896088,human,human,human,405
D08448.docx,batch02,abstract-ART001942983,human,human,human,1058
D08449.docx,batch02,abstract-ART000888569,human,human,human,784
D08450.docx,batch02,abstract-ART000881399,human,human,human,745
D08451.docx,batch02,abstract-ART000898309,human,human,human,1161
D08452.docx,batch02,abstract-ART002040593,human,human,human,784
D08453.docx,batch02,abstract-ART000897794,human,human,human,909
D08454.docx,batch02,abstract-ART000879175,human,human,human,369
D08455.docx,batch02,abstract-ART000878991,human,human,human,583
D08456.docx,batch02,abstract-ART002407472,human,human,human,580
D08457.docx,batch02,abstract-ART000864394,human,human,human,658
D08458.docx,batch02,abstract-ART000897349,human,human,human,568
D08459.docx,batch02,abstract-ART001962520,human,human,human,472
D08460.docx,batch02,abstract-ART000900331,human,human,human,388
D08461.docx,batch02,abstract-ART000904769,human,human,human,314
D08462.docx,batch02,abstract-ART000865125,human,human,human,431
D08463.docx,batch02,abstract-ART001683123,human,human,human,735
D08464.docx,batch02,abstract-ART002320047,human,human,human,643
D08465.docx,batch02,abstract-ART000853029,human,human,human,872
D08466.docx,batch02,abstract-ART000895551,human,human,human,652
D08467.docx,batch02,abstract-ART001890474,human,human,human,479
D08468.docx,batch02,abstract-ART000908146,human,human,human,1009
D08469.docx,batch02,abstract-ART000892528,human,human,human,516
D08470.docx,batch02,abstract-ART000895398,human,human,human,384
D08471.docx,batch02,abstract-ART000906495,human,human,human,509
D08472.docx,batch02,abstract-ART000866033,human,human,human,307
D08473.docx,batch02,abstract-ART000858486,human,human,human,712
D08474.docx,batch02,abstract-ART000879086,human,human,human,730
D08475.docx,batch02,abstract-ART000889529,human,human,human,967
D08476.docx,batch02,abstract-ART000901742,human,human,human,347
D08477.docx,batch02,abstract-ART000905325,human,human,human,483
D08478.docx,batch02,abstract-ART000857104,human,human,human,1048
D08479.docx,batch02,abstract-ART000883563,human,human,human,754
D08480.docx,batch02,abstract-ART000905767,human,human,human,332
D08481.docx,batch02,abstract-ART000899511,human,human,human,664
D08482.docx,batch02,abstract-ART000900108,human,human,human,788
D08483.docx,batch02,abstract-ART000868113,human,human,human,751
D08484.docx,batch02,abstract-ART000902758,human,human,human,604
D08485.docx,batch02,abstract-ART000861681,human,human,human,476
D08486.docx,batch02,abstract-ART000890251,human,human,human,497
D08487.docx,batch02,abstract-ART000903573,human,human,human,381
D08488.docx,batch02,abstract-ART000852546,human,human,human,461
D08489.docx,batch02,abstract-ART000893065,human,human,human,465
D08490.docx,batch02,abstract-ART002459560,human,human,human,393
D08491.docx,batch02,abstract-ART000907351,human,human,human,467
D08492.docx,batch02,abstract-ART000896315,human,human,human,407
D08493.docx,batch02,abstract-ART000868942,human,human,human,319
D08494.docx,batch02,abstract-ART000877333,human,human,human,348
D08495.docx,batch02,abstract-ART000870288,human,human,human,1144
D08496.docx,batch02,abstract-ART000873906,human,human,human,930
D08497.docx,batch02,abstract-ART000894147,human,human,human,487
D08498.docx,batch02,abstract-ART000896014,human,human,human,448
D08499.docx,batch02,abstract-ART000861423,human,human,human,324
D08500.docx,batch02,abstract-ART000894149,human,human,human,444
D08501.docx,batch02,abstract-ART000878984,human,human,human,313
D08502.docx,batch02,abstract-ART000868269,human,human,human,651
D08503.docx,batch02,abstract-ART000880808,human,human,human,526
D08504.docx,batch02,abstract-ART000852164,human,human,human,716
D08505.docx,batch02,abstract-ART000880107,human,human,human,976
D08506.docx,batch02,abstract-ART001666393,human,human,human,723
D08507.docx,batch02,abstract-ART000905961,human,human,human,695
D08508.docx,batch02,abstract-ART000864358,human,human,human,548
D08509.docx,batch02,abstract-ART000879003,human,human,human,553
D08510.docx,batch02,abstract-ART002515692,human,human,human,698
D08511.docx,batch02,abstract-ART002093215,human,human,human,388
D08512.docx,batch02,abstract-ART000861496,human,human,human,372
D08513.docx,batch02,abstract-ART000892594,human,human,human,381
D08514.docx,batch02,abstract-ART000863716,human,human,human,516
D08515.docx,batch02,abstract-ART000868273,human,human,human,488
D08516.docx,batch02,abstract-ART000907012,human,human,human,599
D08517.docx,batch02,abstract-ART000866030,human,human,human,322
D08518.docx,batch02,abstract-ART001497745,human,human,human,453
D08519.docx,batch02,abstract-ART001509747,human,human,human,638
D08520.docx,batch02,abstract-ART000852065,human,human,human,495
D08521.docx,batch02,abstract-ART000887679,human,human,human,651
D08522.docx,batch02,abstract-ART000894154,human,human,human,386
D08523.docx,batch02,abstract-ART000900137,human,human,human,785
D08524.docx,batch02,abstract-ART000873516,human,human,human,766
D08525.docx,batch02,abstract-ART000902882,human,human,human,444
D08526.docx,batch02,abstract-ART000906272,human,human,human,380
D08527.docx,batch02,abstract-ART000893262,human,human,human,521
D08528.docx,batch02,abstract-ART000876882,human,human,human,771
D08529.docx,batch02,abstract-ART000864446,human,human,human,572
D08530.docx,batch02,abstract-ART000896286,human,human,human,465
D08531.docx,batch02,abstract-ART000902204,human,human,human,356
D08532.docx,batch02,abstract-ART000901401,human,human,human,798
D08533.docx,batch02,abstract-ART000864739,human,human,human,672
D08534.docx,batch02,abstract-ART000900426,human,human,human,807
D08535.docx,batch02,abstract-ART000895654,human,human,human,351
D08536.docx,batch02,abstract-ART000890645,human,human,human,395
D08537.docx,batch02,abstract-ART000872128,human,human,human,448
D08538.docx,batch02,abstract-ART000869231,human,human,human,473
D08539.docx,batch02,abstract-ART000893404,human,human,human,1052
D08540.docx,batch02,abstract-ART000883930,human,human,human,429
D08541.docx,batch02,abstract-ART000888299,human,human,human,578
D08542.docx,batch02,abstract-ART001753042,human,human,human,396
D08543.docx,batch02,abstract-ART000906226,human,human,human,537
D08544.docx,batch02,abstract-ART000869886,human,human,human,307
D08545.docx,batch02,abstract-ART000892085,human,human,human,554
D08546.docx,batch02,abstract-ART000892681,human,human,human,598
D08547.docx,batch02,abstract-ART000888298,human,human,human,630
D08548.docx,batch02,abstract-ART000906430,human,human,human,595
D08549.docx,batch02,abstract-ART000902715,human,human,human,478
D08550.docx,batch02,abstract-ART000858409,human,human,human,748
D08551.docx,batch02,abstract-ART000863305,human,human,human,842
D08552.docx,batch02,abstract-ART000855229,human,human,human,325
D08553.docx,batch02,abstract-ART002121439,human,human,human,663
D08554.docx,batch02,abstract-ART001904147,human,human,human,602
D08555.docx,batch02,abstract-ART000861130,human,human,human,1086
D08556.docx,batch02,abstract-ART000852922,human,human,human,464
D08557.docx,batch02,abstract-ART000870019,human,human,human,438
D08558.docx,batch02,abstract-ART000877429,human,human,human,340
D08559.docx,batch02,abstract-ART000883555,human,human,human,402
D08560.docx,batch02,abstract-ART000902208,human,human,human,440
D08561.docx,batch02,abstract-ART000900294,human,human,human,824
D08562.docx,batch02,abstract-ART000901259,human,human,human,1032
D08563.docx,batch02,abstract-ART000869803,human,human,human,484
D08564.docx,batch02,abstract-ART000872157,human,human,human,362
D08565.docx,batch02,abstract-ART000889269,human,human,human,372
D08566.docx,batch02,abstract-ART000895568,human,human,human,581
D08567.docx,batch02,abstract-ART001464005,human,human,human,389
D08568.docx,batch02,abstract-ART001391221,human,human,human,737
D08569.docx,batch02,abstract-ART000888623,human,human,human,826
D08570.docx,batch02,abstract-ART000895999,human,human,human,1125
D08571.docx,batch02,abstract-ART000885211,human,human,human,765
D08572.docx,batch02,abstract-ART002031411,human,human,human,829
D08573.docx,batch02,abstract-ART000902083,human,human,human,702
D08574.docx,batch02,abstract-ART000902989,human,human,human,650
D08575.docx,batch02,abstract-ART000899183,human,human,human,427
D08576.docx,batch02,abstract-ART000888580,human,human,human,789
D08577.docx,batch02,abstract-ART000879158,human,human,human,583
D08578.docx,batch02,abstract-ART000889053,human,human,human,475
D08579.docx,batch02,abstract-ART000877421,human,human,human,392
D08580.docx,batch02,abstract-ART000905168,human,human,human,422
D08581.docx,batch02,abstract-ART000852069,human,human,human,528
D08582.docx,batch02,abstract-ART000881117,human,human,human,432
D08583.docx,batch02,abstract-ART000893683,human,human,human,437
D08584.docx,batch02,abstract-ART000867649,human,human,human,446
D08585.docx,batch02,abstract-ART000852169,human,human,human,385
D08586.docx,batch02,abstract-ART000904967,human,human,human,430
D08587.docx,batch02,abstract-ART000896637,human,human,human,310
D08588.docx,batch02,abstract-ART000905404,human,human,human,513
D08589.docx,batch02,abstract-ART000900358,human,human,human,850
D08590.docx,batch02,abstract-ART001474404,human,human,human,861
D08591.docx,batch02,abstract-ART000869972,human,human,human,418
D08592.docx,batch02,abstract-ART001942422,human,human,human,681
D08593.docx,batch02,abstract-ART000881812,human,human,human,305
D08594.docx,batch02,abstract-ART000896169,human,human,human,311
D08595.docx,batch02,abstract-ART000872345,human,human,human,932
D08596.docx,batch02,abstract-ART002350217,human,human,human,484
D08597.docx,batch02,abstract-ART000863912,human,human,human,758
D08598.docx,batch02,abstract-ART000881755,human,human,human,729
D08599.docx,batch02,abstract-ART000855394,human,human,human,528
D08600.docx,batch02,abstract-ART002350194,human,human,human,680
D08601.docx,batch02,abstract-ART000873961,human,human,human,464
D08602.docx,batch02,abstract-ART001744344,human,human,human,511
D08603.docx,batch02,abstract-ART000865216,human,human,human,734
D08604.docx,batch02,abstract-ART000858630,human,human,human,809
D08605.docx,batch02,abstract-ART000858041,human,human,human,329
D08606.docx,batch02,abstract-ART000902991,human,human,human,612
D08607.docx,batch02,abstract-ART001914107,human,human,human,811
D08608.docx,batch02,abstract-ART000888571,human,human,human,587
D08609.docx,batch02,abstract-ART000874535,human,human,human,760
D08610.docx,batch02,abstract-ART000851945,human,human,human,605
D08611.docx,batch02,abstract-ART000852423,human,human,human,523
D08612.docx,batch02,abstract-ART000863209,human,human,human,935
D08613.docx,batch02,abstract-ART000900702,human,human,human,309
D08614.docx,batch02,abstract-ART000896856,human,human,human,420
D08615.docx,batch02,abstract-ART000863125,human,human,human,381
D08616.docx,batch02,abstract-ART000897563,human,human,human,653
D08617.docx,batch02,abstract-ART000890650,human,human,human,653
D08618.docx,batch02,abstract-ART002349028,human,human,human,456
D08619.docx,batch02,abstract-ART000860806,human,human,human,701
D08620.docx,batch02,abstract-ART000901810,human,human,human,330
D08621.docx,batch02,abstract-ART000889457,human,human,human,648
D08622.docx,batch02,abstract-ART000873617,human,human,human,639
D08623.docx,batch02,abstract-ART000901795,human,human,human,637
D08624.docx,batch02,abstract-ART000889172,human,human,human,318
D08625.docx,batch02,abstract-ART002226336,human,human,human,430
D08626.docx,batch02,abstract-ART001336824,human,human,human,1077
D08627.docx,batch02,abstract-ART000869556,human,human,human,836
D08628.docx,batch02,abstract-ART000872195,human,human,human,795
D08629.docx,batch02,abstract-ART000873609,human,human,human,332
D08630.docx,batch02,abstract-ART000901531,human,human,human,705
D08631.docx,batch02,abstract-ART000871982,human,human,human,1082
D08632.docx,batch02,abstract-ART000860263,human,human,human,696
D08633.docx,batch02,abstract-ART000873864,human,human,human,623
D08634.docx,batch02,abstract-ART000852911,human,human,human,316
D08635.docx,batch02,abstract-ART000879690,human,human,human,511
D08636.docx,batch02,abstract-ART000879182,human,human,human,503
D08637.docx,batch02,abstract-ART000852149,human,human,human,720
D08638.docx,batch02,abstract-ART000893623,human,human,human,610
D08639.docx,batch02,abstract-ART000862582,human,human,human,544
D08640.docx,batch02,abstract-ART000892968,human,human,human,300
D08641.docx,batch02,abstract-ART000864742,human,human,human,609
D08642.docx,batch02,abstract-ART000872791,human,human,human,352
D08643.docx,batch02,abstract-ART000888517,human,human,human,541
D08644.docx,batch02,abstract-ART000903377,human,human,human,475
D08645.docx,batch02,abstract-ART000900295,human,human,human,389
D08646.docx,batch02,abstract-ART000877506,human,human,human,497
D08647.docx,batch02,abstract-ART002378771,human,human,human,609
D08648.docx,batch02,abstract-ART000851870,human,human,human,621
D08649.docx,batch02,abstract-ART000863086,human,human,human,452
D08650.docx,batch02,abstract-ART000861054,human,human,human,308
D08651.docx,batch02,abstract-ART000896192,human,human,human,320
D08652.docx,batch02,abstract-ART002468988,human,human,human,844
D08653.docx,batch02,abstract-ART002541045,human,human,human,778
D08654.docx,batch02,abstract-ART000876641,human,human,human,777
D08655.docx,batch02,abstract-ART000862251,human,human,human,540
D08656.docx,batch02,abstract-ART000869391,human,human,human,301
D08657.docx,batch02,abstract-ART000864809,human,human,human,564
D08658.docx,batch02,abstract-ART002551614,human,human,human,623
D08659.docx,batch02,abstract-ART000874613,human,human,human,396
D08660.docx,batch02,abstract-ART001890529,human,human,human,588
D08661.docx,batch02,abstract-ART000902713,human,human,human,485
D08662.docx,batch02,abstract-ART000874917,human,human,human,883
D08663.docx,batch02,abstract-ART001763001,human,human,human,734
D08664.docx,batch02,abstract-ART000851078,human,human,human,750
D08665.docx,batch02,abstract-ART000875043,human,human,human,751
D08666.docx,batch02,abstract-ART000893221,human,human,human,388
D08667.docx,batch02,abstract-ART000907512,human,human,human,740
D08668.docx,batch02,abstract-ART000899728,human,human,human,626
D08669.docx,batch02,abstract-ART001800194,human,human,human,355
D08670.docx,batch02,abstract-ART000900098,human,human,human,516
D08671.docx,batch02,abstract-ART000866036,human,human,human,309
D08672.docx,batch02,abstract-ART002459561,human,human,human,588
D08673.docx,batch02,abstract-ART000877594,human,human,human,458
D08674.docx,batch02,abstract-ART000852066,human,human,human,529
D08675.docx,batch02,abstract-ART002318021,human,human,human,543
D08676.docx,batch02,abstract-ART000864201,human,human,human,1138
D08677.docx,batch02,abstract-ART002378742,human,human,human,942
D08678.docx,batch02,abstract-ART000903575,human,human,human,383
D08679.docx,batch02,abstract-ART000874699,human,human,human,396
D08680.docx,batch02,abstract-ART000857403,human,human,human,715
D08681.docx,batch02,abstract-ART001918288,human,human,human,429
D08682.docx,batch02,abstract-ART000852631,human,human,human,486
D08683.docx,batch02,abstract-ART000905321,human,human,human,376
D08684.docx,batch02,abstract-ART000903036,human,human,human,603
D08685.docx,batch02,abstract-ART001821349,human,human,human,496
D08686.docx,batch02,abstract-ART000852893,human,human,human,814
D08687.docx,batch02,abstract-ART000855314,human,human,human,525
D08688.docx,batch02,abstract-ART000858570,human,human,human,669
D08689.docx,batch02,abstract-ART002123996,human,human,human,397
D08690.docx,batch02,abstract-ART000885300,human,human,human,351
D08691.docx,batch02,abstract-ART000889554,human,human,human,659
D08692.docx,batch02,abstract-ART000906431,human,human,human,400
D08693.docx,batch02,abstract-ART000893944,human,human,human,585
D08694.docx,batch02,abstract-ART000889462,human,human,human,342
D08695.docx,batch02,abstract-ART000886267,human,human,human,497
D08696.docx,batch02,abstract-ART000861032,human,human,human,589
D08697.docx,batch02,abstract-ART001626634,human,human,human,620
D08698.docx,batch02,abstract-ART000879973,human,human,human,525
D08699.docx,batch02,abstract-ART000891795,human,human,human,308
D08700.docx,batch02,abstract-ART000905309,human,human,human,563
D08701.docx,batch02,abstract-ART000875859,human,human,human,732
D08702.docx,batch02,abstract-ART000884319,human,human,human,756
D08703.docx,batch02,abstract-ART000901084,human,human,human,371
D08704.docx,batch02,abstract-ART001578877,human,human,human,401
D08705.docx,batch02,abstract-ART000881402,human,human,human,313
D08706.docx,batch02,abstract-ART000893328,human,human,human,485
D08707.docx,batch02,abstract-ART001256763,human,human,human,563
D08708.docx,batch02,abstract-ART002254824,human,human,human,518
D08709.docx,batch02,abstract-ART000854666,human,human,human,487
D08710.docx,batch02,abstract-ART000881401,human,human,human,405
D08711.docx,batch02,abstract-ART002350202,human,human,human,752
D08712.docx,batch02,abstract-ART000867544,human,human,human,398
D08713.docx,batch02,abstract-ART000871343,human,human,human,912
D08714.docx,batch02,abstract-ART000852516,human,human,human,697
D08715.docx,batch02,abstract-ART000869873,human,human,human,895
D08716.docx,batch02,abstract-ART000891966,human,human,human,401
D08717.docx,batch02,abstract-ART000879621,human,human,human,431
D08718.docx,batch02,abstract-ART000875791,human,human,human,570
D08719.docx,batch02,abstract-ART000868187,human,human,human,715
D08720.docx,batch02,abstract-ART002461955,human,human,human,768
D08721.docx,batch02,abstract-ART000868357,human,human,human,917
D08722.docx,batch02,abstract-ART001550980,human,human,human,430
D08723.docx,batch02,abstract-ART000901331,human,human,human,1115
D08724.docx,batch02,abstract-ART000879688,human,human,human,332
D08725.docx,batch02,abstract-ART002021297,human,human,human,516
D08726.docx,batch02,abstract-ART000893186,human,human,human,341
D08727.docx,batch02,abstract-ART000863292,human,human,human,352
D08728.docx,batch02,abstract-ART000889655,human,human,human,401
D08729.docx,batch02,abstract-ART000863054,human,human,human,719
D08730.docx,batch02,abstract-ART000851133,human,human,human,638
D08731.docx,batch02,abstract-ART000907874,human,human,human,429
D08732.docx,batch02,abstract-ART000893058,human,human,human,473
D08733.docx,batch02,abstract-ART000856302,human,human,human,594
D08734.docx,batch02,abstract-ART001771859,human,human,human,785
D08735.docx,batch02,abstract-ART000894743,human,human,human,369
D08736.docx,batch02,abstract-ART000878877,human,human,human,506
D08737.docx,batch02,abstract-ART000902318,human,human,human,708
D08738.docx,batch02,abstract-ART001297667,human,human,human,781
D08739.docx,batch02,abstract-ART000895466,human,human,human,822
D08740.docx,batch02,abstract-ART000904497,human,human,human,416
D08741.docx,batch02,abstract-ART000883805,human,human,human,622
D08742.docx,batch02,abstract-ART000873232,human,human,human,416
D08743.docx,batch02,abstract-ART000890248,human,human,human,450
D08744.docx,batch02,abstract-ART000852197,human,human,human,357
D08745.docx,batch02,abstract-ART000854788,human,human,human,1028
D08746.docx,batch02,abstract-ART000905776,human,human,human,573
D08747.docx,batch02,abstract-ART000883229,human,human,human,510
D08748.docx,batch02,abstract-ART000906409,human,human,human,554
D08749.docx,batch02,abstract-ART000873616,human,human,human,715
D08750.docx,batch02,abstract-ART000901114,human,human,human,1092
D08751.docx,batch02,abstract-ART000869079,human,human,human,365
D08752.docx,batch02,abstract-ART000861619,human,human,human,603
D08753.docx,batch02,abstract-ART000868156,human,human,human,1004
D08754.docx,batch02,abstract-ART000896284,human,human,human,365
D08755.docx,batch02,abstract-ART000889012,human,human,human,468
D08756.docx,batch02,abstract-ART002495277,human,human,human,717
D08757.docx,batch02,abstract-ART000886191,human,human,human,617
D08758.docx,batch02,abstract-ART001844884,human,human,human,356
D08759.docx,batch02,abstract-ART000853089,human,human,human,1185
D08760.docx,batch02,abstract-ART001400158,human,human,human,495
D08761.docx,batch02,abstract-ART002542198,human,human,human,558
D08762.docx,batch02,abstract-ART000903059,human,human,human,499
D08763.docx,batch02,abstract-ART001887094,human,human,human,549
D08764.docx,batch02,abstract-ART000905675,human,human,human,514
D08765.docx,batch02,abstract-ART000900264,human,human,human,519
D08766.docx,batch02,abstract-ART000858034,human,human,human,745
D08767.docx,batch02,abstract-ART000905397,human,human,human,732
D08768.docx,batch02,abstract-ART000860997,human,human,human,1091
D08769.docx,batch02,abstract-ART000870089,human,human,human,425
D08770.docx,batch02,abstract-ART002541315,human,human,human,627
D08771.docx,batch02,abstract-ART000858482,human,human,human,713
D08772.docx,batch02,abstract-ART000906123,human,human,human,536
D08773.docx,batch02,abstract-ART001836378,human,human,human,494
D08774.docx,batch02,abstract-ART000863269,human,human,human,356
D08775.docx,batch02,abstract-ART000901118,human,human,human,564
D08776.docx,batch02,abstract-ART000882839,human,human,human,393
D08777.docx,batch02,abstract-ART000888914,human,human,human,381
D08778.docx,batch02,abstract-ART000885217,human,human,human,739
D08779.docx,batch02,abstract-ART000880207,human,human,human,377
D08780.docx,batch02,abstract-ART000900360,human,human,human,583
D08781.docx,batch02,abstract-ART000906137,human,human,human,383
D08782.docx,batch02,abstract-ART000903028,human,human,human,450
D08783.docx,batch02,abstract-ART001209715,human,human,human,924
D08784.docx,batch02,abstract-ART000876887,human,human,human,722
D08785.docx,batch02,abstract-ART000904249,human,human,human,356
D08786.docx,batch02,abstract-ART000864963,human,human,human,777
D08787.docx,batch02,abstract-ART000869337,human,human,human,608
D08788.docx,batch02,abstract-ART000897196,human,human,human,394
D08789.docx,batch02,abstract-ART000861023,human,human,human,663
D08790.docx,batch02,abstract-ART000860335,human,human,human,746
D08791.docx,batch02,abstract-ART001226821,human,human,human,593
D08792.docx,batch02,abstract-ART000874481,human,human,human,832
D08793.docx,batch02,abstract-ART000898457,human,human,human,586
D08794.docx,batch02,abstract-ART000892183,human,human,human,544
D08795.docx,batch02,abstract-ART000906515,human,human,human,492
D08796.docx,batch02,abstract-ART000851942,human,human,human,837
D08797.docx,batch02,abstract-ART000861066,human,human,human,402
D08798.docx,batch02,abstract-ART000869405,human,human,human,1158
D08799.docx,batch02,abstract-ART002050408,human,human,human,457
D08800.docx,batch02,abstract-ART000888422,human,human,human,526
D08801.docx,batch02,abstract-ART001716289,human,human,human,775
D08802.docx,batch02,abstract-ART000882848,human,human,human,537
D08803.docx,batch02,abstract-ART000902252,human,human,human,604
D08804.docx,batch02,abstract-ART000865799,human,human,human,446
D08805.docx,batch02,abstract-ART000905659,human,human,human,674
D08806.docx,batch02,abstract-ART000856399,human,human,human,793
D08807.docx,batch02,abstract-ART002378002,human,human,human,624
D08808.docx,batch02,abstract-ART000875851,human,human,human,341
D08809.docx,batch02,abstract-ART000873580,human,human,human,1012
D08810.docx,batch02,abstract-ART000876967,human,human,human,541
D08811.docx,batch02,abstract-ART001872456,human,human,human,540
D08812.docx,batch02,abstract-ART000898316,human,human,human,1075
D08813.docx,batch02,abstract-ART000869415,human,human,human,303
D08814.docx,batch02,abstract-ART001822048,human,human,human,629
D08815.docx,batch02,abstract-ART002559530,human,human,human,782
D08816.docx,batch02,abstract-ART001252737,human,human,human,425
D08817.docx,batch02,abstract-ART000888227,human,human,human,360
D08818.docx,batch02,abstract-ART000893490,human,human,human,347
D08819.docx,batch02,abstract-ART000902801,human,human,human,788
D08820.docx,batch02,abstract-ART000866037,human,human,human,555
D08821.docx,batch02,abstract-ART000898553,human,human,human,339
D08822.docx,batch02,abstract-ART000883962,human,human,human,852
D08823.docx,batch02,abstract-ART000874474,human,human,human,747
D08824.docx,batch02,abstract-ART000867024,human,human,human,420
D08825.docx,batch02,abstract-ART000905242,human,human,human,443
D08826.docx,batch02,abstract-ART000863261,human,human,human,606
D08827.docx,batch02,abstract-ART000880300,human,human,human,511
D08828.docx,batch02,abstract-ART000875757,human,human,human,348
D08829.docx,batch02,abstract-ART000873012,human,human,human,532
D08830.docx,batch02,abstract-ART001866233,human,human,human,763
D08831.docx,batch02,abstract-ART000874577,human,human,human,709
D08832.docx,batch02,abstract-ART000904710,human,human,human,397
D08833.docx,batch02,abstract-ART000864520,human,human,human,369
D08834.docx,batch02,abstract-ART000877188,human,human,human,703
D08835.docx,batch02,abstract-ART000871836,human,human,human,909
D08836.docx,batch02,abstract-ART000875773,human,human,human,392
D08837.docx,batch02,abstract-ART000898324,human,human,human,1022
D08838.docx,batch02,abstract-ART000878921,human,human,human,343
D08839.docx,batch02,abstract-ART001872425,human,human,human,1014
D08840.docx,batch02,abstract-ART000867145,human,human,human,1120
D08841.docx,batch02,abstract-ART000878874,human,human,human,527
D08842.docx,batch02,abstract-ART000897121,human,human,human,552
D08843.docx,batch02,abstract-ART000875781,human,human,human,744
D08844.docx,batch02,abstract-ART000850918,human,human,human,660
D08845.docx,batch02,abstract-ART002551615,human,human,human,712
D08846.docx,batch02,abstract-ART002147620,human,human,human,513
D08847.docx,batch02,abstract-ART000865242,human,human,human,717
D08848.docx,batch02,abstract-ART001771650,human,human,human,560
D08849.docx,batch02,abstract-ART000879091,human,human,human,394
D08850.docx,batch02,abstract-ART000888378,human,human,human,587
D08851.docx,batch02,abstract-ART001833892,human,human,human,607
D08852.docx,batch02,abstract-ART002582619,human,human,human,785
D08853.docx,batch02,abstract-ART000874247,human,human,human,522
D08854.docx,batch02,abstract-ART002252330,human,human,human,326
D08855.docx,batch02,abstract-ART000864218,human,human,human,748
D08856.docx,batch02,abstract-ART000874558,human,human,human,766
D08857.docx,batch02,abstract-ART000853129,human,human,human,635
D08858.docx,batch02,abstract-ART002208078,human,human,human,626
D08859.docx,batch02,abstract-ART000895832,human,human,human,347
D08860.docx,batch02,abstract-ART000905401,human,human,human,589
D08861.docx,batch02,abstract-ART000861189,human,human,human,723
D08862.docx,batch02,abstract-ART001414227,human,human,human,646
D08863.docx,batch02,abstract-ART000870743,human,human,human,1055
D08864.docx,batch02,abstract-ART001697732,human,human,human,895
D08865.docx,batch02,abstract-ART000902454,human,human,human,370
D08866.docx,batch02,abstract-ART000860374,human,human,human,415
D08867.docx,batch02,abstract-ART000871800,human,human,human,719
D08868.docx,batch02,abstract-ART000895479,human,human,human,652
D08869.docx,batch02,abstract-ART000875403,human,human,human,655
D08870.docx,batch02,abstract-ART000893856,human,human,human,540
D08871.docx,batch02,abstract-ART000902985,human,human,human,451
D08872.docx,batch02,abstract-ART000903626,human,human,human,391
D08873.docx,batch02,abstract-ART000905223,human,human,human,667
D08874.docx,batch02,abstract-ART001713845,human,human,human,793
D08875.docx,batch02,abstract-ART000861917,human,human,human,351
D08876.docx,batch02,abstract-ART000864991,human,human,human,769
D08877.docx,batch02,abstract-ART001955660,human,human,human,458
D08878.docx,batch02,abstract-ART002040607,human,human,human,452
D08879.docx,batch02,abstract-ART000876634,human,human,human,552
D08880.docx,batch02,abstract-ART000895826,human,human,human,779
D08881.docx,batch02,abstract-ART002350186,human,human,human,653
D08882.docx,batch02,abstract-ART002147921,human,human,human,1174
D08883.docx,batch02,abstract-ART000905721,human,human,human,312
D08884.docx,batch02,abstract-ART000903503,human,human,human,432
D08885.docx,batch02,abstract-ART000888490,human,human,human,488
D08886.docx,batch02,abstract-ART000903360,human,human,human,620
D08887.docx,batch02,abstract-ART000852089,human,human,human,485
D08888.docx,batch02,abstract-ART002003433,human,human,human,841
D08889.docx,batch02,abstract-ART000866902,human,human,human,406
D08890.docx,batch02,abstract-ART000904856,human,human,human,708
D08891.docx,batch02,abstract-ART000858586,human,human,human,836
D08892.docx,batch02,abstract-ART000885767,human,human,human,613
D08893.docx,batch02,abstract-ART000864392,human,human,human,613
D08894.docx,batch02,abstract-ART000901184,human,human,human,302
D08895.docx,batch02,abstract-ART000899837,human,human,human,1061
D08896.docx,batch02,abstract-ART000880474,human,human,human,351
D08897.docx,batch02,abstract-ART000874486,human,human,human,796
D08898.docx,batch02,abstract-ART000895760,human,human,human,599
D08899.docx,batch02,abstract-ART000898535,human,human,human,769
D08900.docx,batch02,abstract-ART000896179,human,human,human,488
D08901.docx,batch02,abstract-ART000879115,human,human,human,791
D08902.docx,batch02,abstract-ART000895465,human,human,human,936
D08903.docx,batch02,abstract-ART000868789,human,human,human,809
D08904.docx,batch02,abstract-ART000901473,human,human,human,427
D08905.docx,batch02,abstract-ART000876984,human,human,human,661
D08906.docx,batch02,abstract-ART000861842,human,human,human,364
D08907.docx,batch02,abstract-ART000867198,human,human,human,372
D08908.docx,batch02,abstract-ART002453098,human,human,human,542
D08909.docx,batch02,abstract-ART000902728,human,human,human,380
D08910.docx,batch02,abstract-ART000863081,human,human,human,627
D08911.docx,batch02,abstract-ART000872897,human,human,human,830
D08912.docx,batch02,abstract-ART000878972,human,human,human,647
D08913.docx,batch02,abstract-ART000857756,human,human,human,505
D08914.docx,batch02,abstract-ART000860339,human,human,human,476
D08915.docx,batch02,abstract-ART000883724,human,human,human,589
D08916.docx,batch02,abstract-ART000867294,human,human,human,410
D08917.docx,batch02,abstract-ART000868199,human,human,human,873
D08918.docx,batch02,abstract-ART001914088,human,human,human,813
D08919.docx,batch02,abstract-ART000880938,human,human,human,1003
D08920.docx,batch02,abstract-ART000905623,human,human,human,514
D08921.docx,batch02,abstract-ART000858029,human,human,human,1096
D08922.docx,batch02,abstract-ART000905573,human,human,human,467
D08923.docx,batch02,abstract-ART000900330,human,human,human,469
D08924.docx,batch02,abstract-ART000864081,human,human,human,352
D08925.docx,batch02,abstract-ART000895595,human,human,human,522
D08926.docx,batch02,abstract-ART000903794,human,human,human,372
D08927.docx,batch02,abstract-ART000898447,human,human,human,677
D08928.docx,batch02,abstract-ART000855308,human,human,human,684
D08929.docx,batch02,abstract-ART000873008,human,human,human,569
D08930.docx,batch02,abstract-ART000854458,human,human,human,886
D08931.docx,batch02,abstract-ART000899257,human,human,human,373
D08932.docx,batch02,abstract-ART000872635,human,human,human,835
D08933.docx,batch02,abstract-ART000888993,human,human,human,562
D08934.docx,batch02,abstract-ART000874352,human,human,human,618
D08935.docx,batch02,abstract-ART000888918,human,human,human,345
D08936.docx,batch02,abstract-ART000863557,human,human,human,419
D08937.docx,batch02,abstract-ART001223405,human,human,human,894
D08938.docx,batch02,abstract-ART002032252,human,human,human,505
D08939.docx,batch02,abstract-ART000892687,human,human,human,454
D08940.docx,batch02,abstract-ART000857761,human,human,human,602
D08941.docx,batch02,abstract-ART000874283,human,human,human,1101
D08942.docx,batch02,abstract-ART000862372,human,human,human,572
D08943.docx,batch02,abstract-ART000905311,human,human,human,429
D08944.docx,batch02,abstract-ART000900334,human,human,human,472
D08945.docx,batch02,abstract-ART000887176,human,human,human,526
D08946.docx,batch02,abstract-ART000888505,human,human,human,356
D08947.docx,batch02,abstract-ART000890252,human,human,human,441
D08948.docx,batch02,abstract-ART000861990,human,human,human,374
D08949.docx,batch02,abstract-ART000864589,human,human,human,338
D08950.docx,batch02,abstract-ART001626688,human,human,human,549
D08951.docx,batch02,abstract-ART000858236,human,human,human,960
D08952.docx,batch02,abstract-ART000862227,human,human,human,672
D08953.docx,batch02,abstract-ART000902547,human,human,human,343
D08954.docx,batch02,abstract-ART000875645,human,human,human,610
D08955.docx,batch02,abstract-ART000861222,human,human,human,811
D08956.docx,batch02,abstract-ART000878986,human,human,human,439
D08957.docx,batch02,abstract-ART000903645,human,human,human,456
D08958.docx,batch02,abstract-ART000861119,human,human,human,850
D08959.docx,batch02,abstract-ART000874617,human,human,human,413
D08960.docx,batch02,abstract-ART000868366,human,human,human,598
D08961.docx,batch02,abstract-ART000869544,human,human,human,947
D08962.docx,batch02,abstract-ART001707594,human,human,human,638
D08963.docx,batch02,abstract-ART000903140,human,human,human,375
D08964.docx,batch02,abstract-ART000878894,human,human,human,666
D08965.docx,batch02,abstract-ART000876019,human,human,human,599
D08966.docx,batch02,abstract-ART002050403,human,human,human,794
D08967.docx,batch02,abstract-ART000904707,human,human,human,327
D08968.docx,batch02,abstract-ART001109428,human,human,human,363
D08969.docx,batch02,abstract-ART000898334,human,human,human,777
D08970.docx,batch02,abstract-ART000858237,human,human,human,1173
D08971.docx,batch02,abstract-ART000905271,human,human,human,498
D08972.docx,batch02,abstract-ART000886977,human,human,human,441
D08973.docx,batch02,abstract-ART000908060,human,human,human,306
D08974.docx,batch02,abstract-ART001584877,human,human,human,485
D08975.docx,batch02,abstract-ART000894050,human,human,human,556
D08976.docx,batch02,abstract-ART000874763,human,human,human,851
D08977.docx,batch02,abstract-ART000872850,human,human,human,433
D08978.docx,batch02,abstract-ART000905316,human,human,human,452
D08979.docx,batch02,abstract-ART000878889,human,human,human,699
D08980.docx,batch02,abstract-ART000899267,human,human,human,450
D08981.docx,batch02,abstract-ART002000984,human,human,human,633
D08982.docx,batch02,abstract-ART000852538,human,human,human,441
D08983.docx,batch02,abstract-ART000862105,human,human,human,714
D08984.docx,batch02,abstract-ART001863082,human,human,human,635
D08985.docx,batch02,abstract-ART001666396,human,human,human,653
D08986.docx,batch02,abstract-ART000903222,human,human,human,622
D08987.docx,batch02,abstract-ART000858634,human,human,human,735
D08988.docx,batch02,abstract-ART000902861,human,human,human,510
D08989.docx,batch02,abstract-ART000857935,human,human,human,521
D08990.docx,batch02,abstract-ART000875235,human,human,human,445
D08991.docx,batch02,abstract-ART001887078,human,human,human,590
D08992.docx,batch02,abstract-ART000862001,human,human,human,327
D08993.docx,batch02,abstract-ART000905894,human,human,human,563
D08994.docx,batch02,abstract-ART000864189,human,human,human,674
D08995.docx,batch02,abstract-ART000881794,human,human,human,983
D08996.docx,batch02,abstract-ART000888613,human,human,human,877
D08997.docx,batch02,abstract-ART000901201,human,human,human,729
D08998.docx,batch02,abstract-ART000893762,human,human,human,533
D08999.docx,batch02,abstract-ART000883335,human,human,human,467
D09000.docx,batch02,abstract-ART000860324,human,human,human,492
D09001.docx,batch02,abstract-ART000896193,human,human,human,600
D09002.docx,batch02,abstract-ART000889002,human,human,human,366
D09003.docx,batch02,abstract-ART000888135,human,human,human,688
D09004.docx,batch02,abstract-ART002066362,human,human,human,362
D09005.docx,batch02,abstract-ART000867659,human,human,human,480
D09006.docx,batch02,abstract-ART000879683,human,human,human,504
D09007.docx,batch02,abstract-ART000857823,human,human,human,434
D09008.docx,batch02,abstract-ART000903499,human,human,human,559
D09009.docx,batch02,abstract-ART000903111,human,human,human,423
D09010.docx,batch02,abstract-ART000880939,human,human,human,992
D09011.docx,batch02,abstract-ART000901004,human,human,human,484
D09012.docx,batch02,abstract-ART000901402,human,human,human,668
D09013.docx,batch02,abstract-ART000867533,human,human,human,335
D09014.docx,batch02,abstract-ART000878305,human,human,human,613
D09015.docx,batch02,abstract-ART002032761,human,human,human,553
D09016.docx,batch02,abstract-ART000864628,human,human,human,360
D09017.docx,batch02,abstract-ART000901812,human,human,human,697
D09018.docx,batch02,abstract-ART000900303,human,human,human,671
D09019.docx,batch02,abstract-ART002407464,human,human,human,829
D09020.docx,batch02,abstract-ART000893849,human,human,human,378
D09021.docx,batch02,abstract-ART000861075,human,human,human,589
D09022.docx,batch02,abstract-ART001917100,human,human,human,624
D09023.docx,batch02,abstract-ART000889857,human,human,human,646
D09024.docx,batch02,abstract-ART000858855,human,human,human,530
D09025.docx,batch02,abstract-ART000901351,human,human,human,1045
D09026.docx,batch02,abstract-ART000873234,human,human,human,580
D09027.docx,batch02,abstract-ART000905968,human,human,human,380
D09028.docx,batch02,abstract-ART000857875,human,human,human,1061
D09029.docx,batch02,abstract-ART000902969,human,human,human,609
D09030.docx,batch02,abstract-ART000891963,human,human,human,356
D09031.docx,batch02,abstract-ART000894156,human,human,human,518
D09032.docx,batch02,abstract-ART000885588,human,human,human,375
D09033.docx,batch02,abstract-ART000852602,human,human,human,780
D09034.docx,batch02,abstract-ART000869084,human,human,human,704
D09035.docx,batch02,abstract-ART000881031,human,human,human,541
D09036.docx,batch02,abstract-ART000852263,human,human,human,835
D09037.docx,batch02,abstract-ART000864665,human,human,human,304
D09038.docx,batch02,abstract-ART000895405,human,human,human,917
D09039.docx,batch02,abstract-ART000877514,human,human,human,528
D09040.docx,batch02,abstract-ART000900365,human,human,human,450
D09041.docx,batch02,abstract-ART000869074,human,human,human,483
D09042.docx,batch02,abstract-ART000900297,human,human,human,626
D09043.docx,batch02,abstract-ART000902142,human,human,human,491
D09044.docx,batch02,abstract-ART000902710,human,human,human,556
D09045.docx,batch02,abstract-ART000873014,human,human,human,471
D09046.docx,batch02,abstract-ART001950572,human,human,human,530
D09047.docx,batch02,abstract-ART000860864,human,human,human,802
D09048.docx,batch02,abstract-ART000879098,human,human,human,725
D09049.docx,batch02,abstract-ART000904721,human,human,human,444
D09050.docx,batch02,abstract-ART001918319,human,human,human,540
D09051.docx,batch02,abstract-ART000904553,human,human,human,639
D09052.docx,batch02,abstract-ART000892745,human,human,human,377
D09053.docx,batch02,abstract-ART000850939,human,human,human,869
D09054.docx,batch02,abstract-ART000906493,human,human,human,383
D09055.docx,batch02,abstract-ART000900226,human,human,human,780
D09056.docx,batch02,abstract-ART000884619,human,human,human,613
D09057.docx,batch02,abstract-ART001963618,human,human,human,912
D09058.docx,batch02,abstract-ART002471169,human,human,human,388
D09059.docx,batch02,abstract-ART000903217,human,human,human,428
D09060.docx,batch02,abstract-ART000903305,human,human,human,457
D09061.docx,batch02,abstract-ART002124007,human,human,human,613
D09062.docx,batch02,abstract-ART000890731,human,human,human,350
D09063.docx,batch02,abstract-ART000874459,human,human,human,925
D09064.docx,batch02,abstract-ART001914132,human,human,human,1022
D09065.docx,batch02,abstract-ART000900868,human,human,human,306
D09066.docx,batch02,abstract-ART000902946,human,human,human,391
D09067.docx,batch02,abstract-ART000874756,human,human,human,592
D09068.docx,batch02,abstract-ART000902267,human,human,human,354
D09069.docx,batch02,abstract-ART000858811,human,human,human,670
D09070.docx,batch02,abstract-ART000893194,human,human,human,616
D09071.docx,batch02,abstract-ART000900075,human,human,human,490
D09072.docx,batch02,abstract-ART000905166,human,human,human,448
D09073.docx,batch02,abstract-ART000868089,human,human,human,969
D09074.docx,batch02,abstract-ART000869967,human,human,human,988
D09075.docx,batch02,abstract-ART000902979,human,human,human,418
D09076.docx,batch02,abstract-ART000905986,human,human,human,485
D09077.docx,batch02,abstract-ART000852088,human,human,human,382
D09078.docx,batch02,abstract-ART000852648,human,human,human,502
D09079.docx,batch02,abstract-ART000869397,human,human,human,923
D09080.docx,batch02,abstract-ART000889901,human,human,human,849
D09081.docx,batch02,abstract-ART000892672,human,human,human,1031
D09082.docx,batch02,abstract-ART000896167,human,human,human,1033
D09083.docx,batch02,abstract-ART002176018,human,human,human,587
D09084.docx,batch02,abstract-ART002460584,human,human,human,524
D09085.docx,batch02,abstract-ART000868051,human,human,human,398
D09086.docx,batch02,abstract-ART000904410,human,human,human,327
D09087.docx,batch02,abstract-ART000874557,human,human,human,841
D09088.docx,batch02,abstract-ART000903239,human,human,human,538
D09089.docx,batch02,abstract-ART002254814,human,human,human,575
D09090.docx,batch02,abstract-ART000875790,human,human,human,463
D09091.docx,batch02,abstract-ART000872192,human,human,human,690
D09092.docx,batch02,abstract-ART000852549,human,human,human,674
D09093.docx,batch02,abstract-ART000881236,human,human,human,1009
D09094.docx,batch02,abstract-ART000894052,human,human,human,408
D09095.docx,batch02,abstract-ART000881326,human,human,human,406
D09096.docx,batch02,abstract-ART000888616,human,human,human,627
D09097.docx,batch02,abstract-ART000878711,human,human,human,511
D09098.docx,batch02,abstract-ART000895386,human,human,human,522
D09099.docx,batch02,abstract-ART000893402,human,human,human,471
D09100.docx,batch02,abstract-ART000884959,human,human,human,1016
D09101.docx,batch02,abstract-ART000861022,human,human,human,455
D09102.docx,batch02,abstract-ART000906330,human,human,human,559
D09103.docx,batch02,abstract-ART000864889,human,human,human,570
D09104.docx,batch02,abstract-ART000881698,human,human,human,542
D09105.docx,batch02,abstract-ART000852594,human,human,human,537
D09106.docx,batch02,abstract-ART000858230,human,human,human,660
D09107.docx,batch02,abstract-ART000857312,human,human,human,852
D09108.docx,batch02,abstract-ART002226225,human,human,human,374
D09109.docx,batch02,abstract-ART000899834,human,human,human,1070
D09110.docx,batch02,abstract-ART000861403,human,human,human,948
D09111.docx,batch02,abstract-ART000861000,human,human,human,372
D09112.docx,batch02,abstract-ART000879962,human,human,human,549
D09113.docx,batch02,abstract-ART000907106,human,human,human,709
D09114.docx,batch02,abstract-ART000864024,human,human,human,681
D09115.docx,batch02,abstract-ART002507634,human,human,human,438
D09116.docx,batch02,abstract-ART000902807,human,human,human,557
D09117.docx,batch02,abstract-ART000879678,human,human,human,474
D09118.docx,batch02,abstract-ART000862017,human,human,human,702
D09119.docx,batch02,abstract-ART000903143,human,human,human,472
D09120.docx,batch02,abstract-ART000866104,human,human,human,366
D09121.docx,batch02,abstract-ART002073854,human,human,human,790
D09122.docx,batch02,abstract-ART000857952,human,human,human,1058
D09123.docx,batch02,abstract-ART000851937,human,human,human,673
D09124.docx,batch02,abstract-ART000886283,human,human,human,526
D09125.docx,batch02,abstract-ART000851557,human,human,human,389
D09126.docx,batch02,abstract-ART000892265,human,human,human,308
D09127.docx,batch02,abstract-ART000905393,human,human,human,773
D09128.docx,batch02,abstract-ART000859328,human,human,human,479
D09129.docx,batch02,abstract-ART000872235,human,human,human,587
D09130.docx,batch02,abstract-ART001305152,human,human,human,670
D09131.docx,batch02,abstract-ART000863296,human,human,human,624
D09132.docx,batch02,abstract-ART001917107,human,human,human,465
D09133.docx,batch02,abstract-ART000861515,human,human,human,312
D09134.docx,batch02,abstract-ART000864527,human,human,human,341
D09135.docx,batch02,abstract-ART000864390,human,human,human,1004
D09136.docx,batch02,abstract-ART000886279,human,human,human,564
D09137.docx,batch02,abstract-ART001915187,human,human,human,521
D09138.docx,batch02,abstract-ART000857916,human,human,human,417
D09139.docx,batch02,abstract-ART000887416,human,human,human,814
D09140.docx,batch02,abstract-ART001673563,human,human,human,956
D09141.docx,batch02,abstract-ART000902197,human,human,human,325
D09142.docx,batch02,abstract-ART000890736,human,human,human,472
D09143.docx,batch02,abstract-ART000879686,human,human,human,435
D09144.docx,batch02,abstract-ART000905909,human,human,human,696
D09145.docx,batch02,abstract-ART000861188,human,human,human,1115
D09146.docx,batch02,abstract-ART000901650,human,human,human,509
D09147.docx,batch02,abstract-ART000895403,human,human,human,758
D09148.docx,batch02,abstract-ART002525658,human,human,human,520
D09149.docx,batch02,abstract-ART000875451,human,human,human,415
D09150.docx,batch02,abstract-ART000854097,human,human,human,483
D09151.docx,batch02,abstract-ART000861671,human,human,human,596
D09152.docx,batch02,abstract-ART000885403,human,human,human,491
D09153.docx,batch02,abstract-ART000902286,human,human,human,409
D09154.docx,batch02,abstract-ART001939119,human,human,human,1003
D09155.docx,batch02,abstract-ART000861133,human,human,human,609
D09156.docx,batch02,abstract-ART000880366,human,human,human,465
D09157.docx,batch02,abstract-ART000900150,human,human,human,951
D09158.docx,batch02,abstract-ART000890181,human,human,human,417
D09159.docx,batch02,abstract-ART002408119,human,human,human,637
D09160.docx,batch02,abstract-ART001210435,human,human,human,517
D09161.docx,batch02,abstract-ART000899283,human,human,human,380
D09162.docx,batch02,abstract-ART000889044,human,human,human,978
D09163.docx,batch02,abstract-ART000877418,human,human,human,306
D09164.docx,batch02,abstract-ART000873018,human,human,human,537
D09165.docx,batch02,abstract-ART000901314,human,human,human,786
D09166.docx,batch02,abstract-ART000888650,human,human,human,433
D09167.docx,batch02,abstract-ART000902319,human,human,human,618
D09168.docx,batch02,abstract-ART000894146,human,human,human,351
D09169.docx,batch02,abstract-ART001871339,human,human,human,605
D09170.docx,batch02,abstract-ART000864294,human,human,human,882
D09171.docx,batch02,abstract-ART000900427,human,human,human,595
D09172.docx,batch02,abstract-ART000885364,human,human,human,653
D09173.docx,batch02,abstract-ART000850835,human,human,human,479
D09174.docx,batch02,abstract-ART000880801,human,human,human,333
D09175.docx,batch02,abstract-ART000871253,human,human,human,361
D09176.docx,batch02,abstract-ART000852258,human,human,human,1024
D09177.docx,batch02,abstract-ART000903063,human,human,human,455
D09178.docx,batch02,abstract-ART000901345,human,human,human,763
D09179.docx,batch02,abstract-ART000896861,human,human,human,417
D09180.docx,batch02,abstract-ART000888532,human,human,human,825
D09181.docx,batch02,abstract-ART000889936,human,human,human,411
D09182.docx,batch02,abstract-ART000897946,human,human,human,601
D09183.docx,batch02,abstract-ART000858314,human,human,human,760
D09184.docx,batch02,abstract-ART000852421,human,human,human,911
D09185.docx,batch02,abstract-ART000902754,human,human,human,549
D09186.docx,batch02,abstract-ART000856058,human,human,human,516
D09187.docx,batch02,abstract-ART000895374,human,human,human,547
D09188.docx,batch02,abstract-ART000896232,human,human,human,317
D09189.docx,batch02,abstract-ART000888502,human,human,human,820
D09190.docx,batch02,abstract-ART000899929,human,human,human,407
D09191.docx,batch02,abstract-ART001786189,human,human,human,653
D09192.docx,batch02,abstract-ART000864365,human,human,human,413
D09193.docx,batch02,abstract-ART000881957,human,human,human,345
D09194.docx,batch02,abstract-ART000868275,human,human,human,573
D09195.docx,batch02,abstract-ART002198989,human,human,human,743
D09196.docx,batch02,abstract-ART000869643,human,human,human,1103
D09197.docx,batch02,abstract-ART000867292,human,human,human,457
D09198.docx,batch02,abstract-ART000881757,human,human,human,355
D09199.docx,batch02,abstract-ART000883947,human,human,human,350
D09200.docx,batch02,abstract-ART000892916,human,human,human,827
D09201.docx,batch02,abstract-ART000864383,human,human,human,587
D09202.docx,batch02,abstract-ART000867758,human,human,human,449
D09203.docx,batch02,abstract-ART000871419,human,human,human,514
D09204.docx,batch02,abstract-ART001890517,human,human,human,793
D09205.docx,batch02,abstract-ART000889381,human,human,human,558
D09206.docx,batch02,abstract-ART000905569,human,human,human,643
D09207.docx,batch02,abstract-ART000863057,human,human,human,542
D09208.docx,batch02,abstract-ART000888416,human,human,human,439
D09209.docx,batch02,abstract-ART000868413,human,human,human,651
D09210.docx,batch02,abstract-ART000884183,human,human,human,364
D09211.docx,batch02,abstract-ART000869566,human,human,human,697
D09212.docx,batch02,abstract-ART000888297,human,human,human,346
D09213.docx,batch02,abstract-ART000889368,human,human,human,525
D09214.docx,batch02,abstract-ART000885208,human,human,human,371
D09215.docx,batch02,abstract-ART002012347,human,human,human,734
D09216.docx,batch02,abstract-ART000896324,human,human,human,324
D09217.docx,batch02,abstract-ART001834289,human,human,human,626
D09218.docx,batch02,abstract-ART000891769,human,human,human,718
D09219.docx,batch02,abstract-ART000884833,human,human,human,506
D09220.docx,batch02,abstract-ART000884322,human,human,human,1096
D09221.docx,batch02,abstract-ART000902663,human,human,human,725
D09222.docx,batch02,abstract-ART000872163,human,human,human,658
D09223.docx,batch02,abstract-ART000869217,human,human,human,531
D09224.docx,batch02,abstract-ART000906405,human,human,human,793
D09225.docx,batch02,abstract-ART000856305,human,human,human,421
D09226.docx,batch02,abstract-ART000894837,human,human,human,301
D09227.docx,batch02,abstract-ART000893261,human,human,human,675
D09228.docx,batch02,abstract-ART000868278,human,human,human,435
D09229.docx,batch02,abstract-ART000903551,human,human,human,731
D09230.docx,batch02,abstract-ART000863651,human,human,human,399
D09231.docx,batch02,abstract-ART000905403,human,human,human,442
D09232.docx,batch02,abstract-ART000864758,human,human,human,313
D09233.docx,batch02,abstract-ART000905680,human,human,human,428
D09234.docx,batch02,abstract-ART000893192,human,human,human,736
D09235.docx,batch02,abstract-ART000885513,human,human,human,685
D09236.docx,batch02,abstract-ART000902766,human,human,human,396
D09237.docx,batch02,abstract-ART000906313,human,human,human,559
D09238.docx,batch02,abstract-ART000894096,human,human,human,311
D09239.docx,batch02,abstract-ART000905410,human,human,human,406
D09240.docx,batch02,abstract-ART000892743,human,human,human,1084
D09241.docx,batch02,abstract-ART000899181,human,human,human,505
D09242.docx,batch02,abstract-ART000896541,human,human,human,403
D09243.docx,batch02,abstract-ART000903947,human,human,human,983
D09244.docx,batch02,abstract-ART002502703,human,human,human,896
D09245.docx,batch02,abstract-ART000852548,human,human,human,399
D09246.docx,batch02,abstract-ART000896373,human,human,human,536
D09247.docx,batch02,abstract-ART000864516,human,human,human,693
D09248.docx,batch02,abstract-ART000866950,human,human,human,347
D09249.docx,batch02,abstract-ART000863799,human,human,human,931
D09250.docx,batch02,abstract-ART000904972,human,human,human,340
D09251.docx,batch02,abstract-ART000896080,human,human,human,359
D09252.docx,batch02,abstract-ART000892972,human,human,human,494
D09253.docx,batch02,abstract-ART000854457,human,human,human,619
D09254.docx,batch02,abstract-ART000880359,human,human,human,655
D09255.docx,batch02,abstract-ART000896789,human,human,human,332
D09256.docx,batch02,abstract-ART000861913,human,human,human,465
D09257.docx,batch02,abstract-ART000873371,human,human,human,992
D09258.docx,batch02,abstract-ART000858857,human,human,human,322
D09259.docx,batch02,abstract-ART000898896,human,human,human,387
D09260.docx,batch02,abstract-ART000852141,human,human,human,605
D09261.docx,batch02,abstract-ART002147931,human,human,human,680
D09262.docx,batch02,abstract-ART000901830,human,human,human,653
D09263.docx,batch02,abstract-ART000858896,human,human,human,767
D09264.docx,batch02,abstract-ART000902965,human,human,human,402
D09265.docx,batch02,abstract-ART000861525,human,human,human,463
D09266.docx,batch02,abstract-ART000907175,human,human,human,873
D09267.docx,batch02,abstract-ART000866948,human,human,human,329
D09268.docx,batch02,abstract-ART000892619,human,human,human,519
D09269.docx,batch02,abstract-ART000883228,human,human,human,773
D09270.docx,batch02,abstract-ART000897119,human,human,human,388
D09271.docx,batch02,abstract-ART000852102,human,human,human,861
D09272.docx,batch02,abstract-ART000863712,human,human,human,443
D09273.docx,batch02,abstract-ART000906130,human,human,human,637
D09274.docx,batch02,abstract-ART000870214,human,human,human,1038
D09275.docx,batch02,abstract-ART000890257,human,human,human,614
D09276.docx,batch02,abstract-ART000861050,P3b,qwen3-8b,ai,684
D09277.docx,batch02,abstract-ART001895044,P3b,qwen3-8b,ai,397
D09278.docx,batch02,abstract-ART002003430,P3b,qwen3-8b,ai,853
D09279.docx,batch02,abstract-ART002286025,P3b,qwen3-8b,ai,798
D09280.docx,batch02,abstract-ART002350194,P3b,qwen3-8b,ai,666
D09281.docx,batch02,abstract-ART000858038,P3b,qwen3-8b,ai,1005
D09282.docx,batch02,abstract-ART001871339,P3b,qwen3-8b,ai,578
D09283.docx,batch02,abstract-ART001506903,P3b,qwen3-8b,ai,563
D09284.docx,batch02,abstract-ART000868927,P3b,qwen3-8b,ai,762
D09285.docx,batch02,abstract-ART000905397,P3b,qwen3-8b,ai,570
D09286.docx,batch02,abstract-ART000863087,P3b,qwen3-8b,ai,972
D09287.docx,batch02,abstract-ART000900481,P3b,qwen3-8b,ai,339
D09288.docx,batch02,abstract-ART000887037,P3b,qwen3-8b,ai,453
D09289.docx,batch02,abstract-ART000894055,P3b,qwen3-8b,ai,546
D09290.docx,batch02,abstract-ART000900291,P3b,qwen3-8b,ai,701
D09291.docx,batch02,abstract-ART002453698,P3b,qwen3-8b,ai,988
D09292.docx,batch02,abstract-ART000884130,P3b,qwen3-8b,ai,506
D09293.docx,batch02,abstract-ART000875016,P3b,qwen3-8b,ai,868
D09294.docx,batch02,abstract-ART001753038,P3b,qwen3-8b,ai,353
D09295.docx,batch02,abstract-ART000851248,P3b,qwen3-8b,ai,1031
D09296.docx,batch02,abstract-ART000875652,P3b,qwen3-8b,ai,493
D09297.docx,batch02,abstract-ART000869081,P3b,qwen3-8b,ai,550
D09298.docx,batch02,abstract-ART001155722,P3b,qwen3-8b,ai,805
D09299.docx,batch02,abstract-ART000852042,P3b,qwen3-8b,ai,541
D09300.docx,batch02,abstract-ART000857385,P3b,qwen3-8b,ai,607
D09301.docx,batch02,abstract-ART002050396,P3b,qwen3-8b,ai,627
D09302.docx,batch02,abstract-ART000899430,P3b,qwen3-8b,ai,659
D09303.docx,batch02,abstract-ART000901788,P3b,qwen3-8b,ai,858
D09304.docx,batch02,abstract-ART000905677,P3b,qwen3-8b,ai,499
D09305.docx,batch02,abstract-ART000905387,P3b,qwen3-8b,ai,326
D09306.docx,batch02,abstract-ART001317189,P3b,qwen3-8b,ai,341
D09307.docx,batch02,abstract-ART000890019,P3b,qwen3-8b,ai,749
D09308.docx,batch02,abstract-ART000857315,P3b,qwen3-8b,ai,780
D09309.docx,batch02,abstract-ART000879682,P3b,qwen3-8b,ai,486
D09310.docx,batch02,abstract-ART000856184,P3b,qwen3-8b,ai,421
D09311.docx,batch02,abstract-ART000858888,P3b,qwen3-8b,ai,739
D09312.docx,batch02,abstract-ART000860631,P3b,qwen3-8b,ai,535
D09313.docx,batch02,abstract-ART000898744,P3b,qwen3-8b,ai,930
D09314.docx,batch02,abstract-ART000893756,P3b,qwen3-8b,ai,322
D09315.docx,batch02,abstract-ART000901907,P3b,qwen3-8b,ai,752
D09316.docx,batch02,abstract-ART000877397,P3b,qwen3-8b,ai,667
D09317.docx,batch02,abstract-ART002063608,P3b,qwen3-8b,ai,723
D09318.docx,batch02,abstract-ART000857952,P3b,qwen3-8b,ai,879
D09319.docx,batch02,abstract-ART000861416,P3b,qwen3-8b,ai,665
D09320.docx,batch02,abstract-ART000875539,P3b,qwen3-8b,ai,455
D09321.docx,batch02,abstract-ART000889836,P3b,qwen3-8b,ai,496
D09322.docx,batch02,abstract-ART000902713,P3b,qwen3-8b,ai,469
D09323.docx,batch02,abstract-ART000872105,P3b,qwen3-8b,ai,302
D09324.docx,batch02,abstract-ART000859314,P3b,qwen3-8b,ai,877
D09325.docx,batch02,abstract-ART000903216,P3b,qwen3-8b,ai,339
D09326.docx,batch02,abstract-ART000901989,P3b,qwen3-8b,ai,294
D09327.docx,batch02,abstract-ART000853027,P3b,qwen3-8b,ai,496
D09328.docx,batch02,abstract-ART000884001,P3b,qwen3-8b,ai,614
D09329.docx,batch02,abstract-ART000880950,P3b,qwen3-8b,ai,312
D09330.docx,batch02,abstract-ART002020049,P3b,qwen3-8b,ai,869
D09331.docx,batch02,abstract-ART000904715,P3b,qwen3-8b,ai,575
D09332.docx,batch02,abstract-ART002147592,P3b,qwen3-8b,ai,582
D09333.docx,batch02,abstract-ART000892969,P3b,qwen3-8b,ai,480
D09334.docx,batch02,abstract-ART000867024,P3b,qwen3-8b,ai,469
D09335.docx,batch02,abstract-ART000884542,P3b,qwen3-8b,ai,1010
D09336.docx,batch02,abstract-ART000852036,P3b,qwen3-8b,ai,1182
D09337.docx,batch02,abstract-ART000877176,P3b,qwen3-8b,ai,646
D09338.docx,batch02,abstract-ART001550988,P3b,qwen3-8b,ai,1098
D09339.docx,batch02,abstract-ART000903066,P3b,qwen3-8b,ai,428
D09340.docx,batch02,abstract-ART000907087,P3b,qwen3-8b,ai,494
D09341.docx,batch02,abstract-ART000887087,P3b,qwen3-8b,ai,449
D09342.docx,batch02,abstract-ART000867138,P3b,qwen3-8b,ai,671
D09343.docx,batch02,abstract-ART002093402,P3b,qwen3-8b,ai,646
D09344.docx,batch02,abstract-ART000900158,P3b,qwen3-8b,ai,772
D09345.docx,batch02,abstract-ART000863063,P3b,qwen3-8b,ai,470
D09346.docx,batch02,abstract-ART002504836,P3b,qwen3-8b,ai,597
D09347.docx,batch02,abstract-ART000900100,P3b,qwen3-8b,ai,425
D09348.docx,batch02,abstract-ART000877414,P3b,qwen3-8b,ai,532
D09349.docx,batch02,abstract-ART000858497,P3b,qwen3-8b,ai,391
D09350.docx,batch02,abstract-ART000876963,P3b,qwen3-8b,ai,658
D09351.docx,batch02,abstract-ART000903808,P3b,qwen3-8b,ai,656
D09352.docx,batch02,abstract-ART000906258,P3b,qwen3-8b,ai,624
D09353.docx,batch02,abstract-ART000852588,P3b,qwen3-8b,ai,495
D09354.docx,batch02,abstract-ART000903481,P3b,qwen3-8b,ai,575
D09355.docx,batch02,abstract-ART000869147,P3b,qwen3-8b,ai,353
D09356.docx,batch02,abstract-ART000875855,P3b,qwen3-8b,ai,567
D09357.docx,batch02,abstract-ART001887094,P3b,qwen3-8b,ai,456
D09358.docx,batch02,abstract-ART000881246,P3b,qwen3-8b,ai,855
D09359.docx,batch02,abstract-ART000900615,P3b,qwen3-8b,ai,356
D09360.docx,batch02,abstract-ART001155439,P3b,qwen3-8b,ai,473
D09361.docx,batch02,abstract-ART000868939,P3b,qwen3-8b,ai,338
D09362.docx,batch02,abstract-ART001917117,P3b,qwen3-8b,ai,497
D09363.docx,batch02,abstract-ART000905913,P3b,qwen3-8b,ai,350
D09364.docx,batch02,abstract-ART000864746,P3b,qwen3-8b,ai,341
D09365.docx,batch02,abstract-ART000864206,P3b,qwen3-8b,ai,639
D09366.docx,batch02,abstract-ART000891632,P3b,qwen3-8b,ai,406
D09367.docx,batch02,abstract-ART001904144,P3b,qwen3-8b,ai,447
D09368.docx,batch02,abstract-ART000907108,P3b,qwen3-8b,ai,429
D09369.docx,batch02,abstract-ART000893685,P3b,qwen3-8b,ai,492
D09370.docx,batch02,abstract-ART000900363,P3b,qwen3-8b,ai,871
D09371.docx,batch02,abstract-ART000861859,P3b,qwen3-8b,ai,643
D09372.docx,batch02,abstract-ART000856553,P3b,qwen3-8b,ai,463
D09373.docx,batch02,abstract-ART000879182,P3b,qwen3-8b,ai,535
D09374.docx,batch02,abstract-ART001800185,P3b,qwen3-8b,ai,778
D09375.docx,batch02,abstract-ART000888827,P3b,qwen3-8b,ai,337
D09376.docx,batch02,abstract-ART000888292,P3b,qwen3-8b,ai,423
D09377.docx,batch02,abstract-ART000852029,P3b,qwen3-8b,ai,863
D09378.docx,batch02,abstract-ART000896314,P3b,qwen3-8b,ai,352
D09379.docx,batch02,abstract-ART001509769,P3b,qwen3-8b,ai,528
D09380.docx,batch02,abstract-ART000893749,P3b,qwen3-8b,ai,383
D09381.docx,batch02,abstract-ART000902454,P3b,qwen3-8b,ai,401
D09382.docx,batch02,abstract-ART000892616,P3b,qwen3-8b,ai,433
D09383.docx,batch02,abstract-ART000871183,P3b,qwen3-8b,ai,515
D09384.docx,batch02,abstract-ART000880046,P3b,qwen3-8b,ai,507
D09385.docx,batch02,abstract-ART000868936,P3b,qwen3-8b,ai,336
D09386.docx,batch02,abstract-ART000857955,P3b,qwen3-8b,ai,342
D09387.docx,batch02,abstract-ART000896632,P3b,qwen3-8b,ai,622
D09388.docx,batch02,abstract-ART000896237,P3b,qwen3-8b,ai,334
D09389.docx,batch02,abstract-ART002541344,P3b,qwen3-8b,ai,565
D09390.docx,batch02,abstract-ART001461020,P3b,qwen3-8b,ai,452
D09391.docx,batch02,abstract-ART000852311,P3b,qwen3-8b,ai,555
D09392.docx,batch02,abstract-ART000893252,P3b,qwen3-8b,ai,881
D09393.docx,batch02,abstract-ART000865134,P3b,qwen3-8b,ai,514
D09394.docx,batch02,abstract-ART000860370,P3b,qwen3-8b,ai,719
D09395.docx,batch02,abstract-ART000869120,P3b,qwen3-8b,ai,607
D09396.docx,batch02,abstract-ART000875750,P3b,qwen3-8b,ai,512
D09397.docx,batch02,abstract-ART000893153,P3b,qwen3-8b,ai,938
D09398.docx,batch02,abstract-ART000880382,P3b,qwen3-8b,ai,564
D09399.docx,batch02,abstract-ART000886278,P3b,qwen3-8b,ai,332
D09400.docx,batch02,abstract-ART000889390,P3b,qwen3-8b,ai,421
D09401.docx,batch02,abstract-ART000867538,P3b,qwen3-8b,ai,821
D09402.docx,batch02,abstract-ART000900261,P3b,qwen3-8b,ai,425
D09403.docx,batch02,abstract-ART000886281,P3b,qwen3-8b,ai,464
D09404.docx,batch02,abstract-ART001343478,P3b,qwen3-8b,ai,648
D09405.docx,batch02,abstract-ART002407486,P3b,qwen3-8b,ai,567
D09406.docx,batch02,abstract-ART002104508,P3b,qwen3-8b,ai,553
D09407.docx,batch02,abstract-ART000880208,P3b,qwen3-8b,ai,325
D09408.docx,batch02,abstract-ART000854226,P3b,qwen3-8b,ai,946
D09409.docx,batch02,abstract-ART000901190,P3b,qwen3-8b,ai,636
D09410.docx,batch02,abstract-ART000887704,P3b,qwen3-8b,ai,605
D09411.docx,batch02,abstract-ART000906358,P3b,qwen3-8b,ai,391
D09412.docx,batch02,abstract-ART000858887,P3b,qwen3-8b,ai,1026
D09413.docx,batch02,abstract-ART000855202,P3b,qwen3-8b,ai,440
D09414.docx,batch02,abstract-ART001889157,P3b,qwen3-8b,ai,784
D09415.docx,batch02,abstract-ART000907351,P3b,qwen3-8b,ai,413
D09416.docx,batch02,abstract-ART000902819,P3b,qwen3-8b,ai,397
D09417.docx,batch02,abstract-ART000902531,P3b,qwen3-8b,ai,494
D09418.docx,batch02,abstract-ART000889552,P3b,qwen3-8b,ai,523
D09419.docx,batch02,abstract-ART000878991,P3b,qwen3-8b,ai,582
D09420.docx,batch02,abstract-ART000884761,P3b,qwen3-8b,ai,465
D09421.docx,batch02,abstract-ART000900608,P3b,qwen3-8b,ai,500
D09422.docx,batch02,abstract-ART000892184,P3b,qwen3-8b,ai,379
D09423.docx,batch02,abstract-ART000903148,P3b,qwen3-8b,ai,612
D09424.docx,batch02,abstract-ART000906277,P3b,qwen3-8b,ai,613
D09425.docx,batch02,abstract-ART000881028,P3b,qwen3-8b,ai,538
D09426.docx,batch02,abstract-ART001620397,P3b,qwen3-8b,ai,560
D09427.docx,batch02,abstract-ART000883040,P3b,qwen3-8b,ai,396
D09428.docx,batch02,abstract-ART000869617,P3b,qwen3-8b,ai,535
D09429.docx,batch02,abstract-ART000855231,P3b,qwen3-8b,ai,447
D09430.docx,batch02,abstract-ART000898331,P3b,qwen3-8b,ai,998
D09431.docx,batch02,abstract-ART000902730,P3b,qwen3-8b,ai,566
D09432.docx,batch02,abstract-ART000876885,P3b,qwen3-8b,ai,762
D09433.docx,batch02,abstract-ART002147921,P3b,qwen3-8b,ai,1023
D09434.docx,batch02,abstract-ART000904688,P3b,qwen3-8b,ai,469
D09435.docx,batch02,abstract-ART002019237,P3b,qwen3-8b,ai,500
D09436.docx,batch02,abstract-ART000896793,P3b,qwen3-8b,ai,380
D09437.docx,batch02,abstract-ART000873428,P3b,qwen3-8b,ai,955
D09438.docx,batch02,abstract-ART000854365,P3b,qwen3-8b,ai,370
D09439.docx,batch02,abstract-ART000908187,P3b,qwen3-8b,ai,435
D09440.docx,batch02,abstract-ART000895460,P3b,qwen3-8b,ai,1041
D09441.docx,batch02,abstract-ART000869885,P3b,qwen3-8b,ai,405
D09442.docx,batch02,abstract-ART000894142,P3b,qwen3-8b,ai,562
D09443.docx,batch02,abstract-ART000862105,P3b,qwen3-8b,ai,679
D09444.docx,batch02,abstract-ART000852095,P3b,qwen3-8b,ai,325
D09445.docx,batch02,abstract-ART000877332,P3b,qwen3-8b,ai,355
D09446.docx,batch02,abstract-ART000873496,P3b,qwen3-8b,ai,460
D09447.docx,batch02,abstract-ART000902634,P3b,qwen3-8b,ai,291
D09448.docx,batch02,abstract-ART000901053,P3b,qwen3-8b,ai,891
D09449.docx,batch02,abstract-ART000883022,P3b,qwen3-8b,ai,439
D09450.docx,batch02,abstract-ART000893275,P3b,qwen3-8b,ai,595
D09451.docx,batch02,abstract-ART000896153,P3b,qwen3-8b,ai,528
D09452.docx,batch02,abstract-ART000862100,P3b,qwen3-8b,ai,801
D09453.docx,batch02,abstract-ART000857910,P3b,qwen3-8b,ai,716
D09454.docx,batch02,abstract-ART000873951,P3b,qwen3-8b,ai,504
D09455.docx,batch02,abstract-ART000852549,P3b,qwen3-8b,ai,586
D09456.docx,batch02,abstract-ART000861842,P3b,qwen3-8b,ai,381
D09457.docx,batch02,abstract-ART000872343,P3b,qwen3-8b,ai,457
D09458.docx,batch02,abstract-ART000889005,P3b,qwen3-8b,ai,353
D09459.docx,batch02,abstract-ART002378853,P3b,qwen3-8b,ai,491
D09460.docx,batch02,abstract-ART000852148,P3b,qwen3-8b,ai,389
D09461.docx,batch02,abstract-ART000875482,P3b,qwen3-8b,ai,571
D09462.docx,batch02,abstract-ART000900427,P3b,qwen3-8b,ai,596
D09463.docx,batch02,abstract-ART000895830,P3b,qwen3-8b,ai,911
D09464.docx,batch02,abstract-ART000902716,P3b,qwen3-8b,ai,384
D09465.docx,batch02,abstract-ART000864897,P3b,qwen3-8b,ai,685
D09466.docx,batch02,abstract-ART002350202,P3b,qwen3-8b,ai,723
D09467.docx,batch02,abstract-ART000863554,P3b,qwen3-8b,ai,626
D09468.docx,batch02,abstract-ART000890330,P3b,qwen3-8b,ai,495
D09469.docx,batch02,abstract-ART000905075,P3b,qwen3-8b,ai,479
D09470.docx,batch02,abstract-ART001509759,P3b,qwen3-8b,ai,629
D09471.docx,batch02,abstract-ART000881312,P3b,qwen3-8b,ai,883
D09472.docx,batch02,abstract-ART000903277,P3b,qwen3-8b,ai,519
D09473.docx,batch02,abstract-ART000895997,P3b,qwen3-8b,ai,611
D09474.docx,batch02,abstract-ART000903502,P3b,qwen3-8b,ai,435
D09475.docx,batch02,abstract-ART002515704,P3b,qwen3-8b,ai,643
D09476.docx,batch02,abstract-ART000894838,P3b,qwen3-8b,ai,377
D09477.docx,batch02,abstract-ART000858322,P3b,qwen3-8b,ai,540
D09478.docx,batch02,abstract-ART000906429,P3b,qwen3-8b,ai,759
D09479.docx,batch02,abstract-ART000896286,P3b,qwen3-8b,ai,457
D09480.docx,batch02,abstract-ART000876542,P3b,qwen3-8b,ai,464
D09481.docx,batch02,abstract-ART000874352,P3b,qwen3-8b,ai,551
D09482.docx,batch02,abstract-ART000861118,P3b,qwen3-8b,ai,346
D09483.docx,batch02,abstract-ART000859062,P3b,qwen3-8b,ai,602
D09484.docx,batch02,abstract-ART000900111,P3b,qwen3-8b,ai,661
D09485.docx,batch02,abstract-ART000877430,P3b,qwen3-8b,ai,445
D09486.docx,batch02,abstract-ART000903067,P3b,qwen3-8b,ai,327
D09487.docx,batch02,abstract-ART000895597,P3b,qwen3-8b,ai,663
D09488.docx,batch02,abstract-ART000857404,P3b,qwen3-8b,ai,942
D09489.docx,batch02,abstract-ART000903484,P3b,qwen3-8b,ai,352
D09490.docx,batch02,abstract-ART000907103,P3b,qwen3-8b,ai,770
D09491.docx,batch02,abstract-ART000901326,P3b,qwen3-8b,ai,631
D09492.docx,batch02,abstract-ART000876379,P3b,qwen3-8b,ai,715
D09493.docx,batch02,abstract-ART000867391,P3b,qwen3-8b,ai,369
D09494.docx,batch02,abstract-ART000903018,P3b,qwen3-8b,ai,343
D09495.docx,batch02,abstract-ART000896176,P3b,qwen3-8b,ai,442
D09496.docx,batch02,abstract-ART000872117,P3b,qwen3-8b,ai,962
D09497.docx,batch02,abstract-ART000850944,P3b,qwen3-8b,ai,515
D09498.docx,batch02,abstract-ART000905404,P3b,qwen3-8b,ai,473
D09499.docx,batch02,abstract-ART000880359,P3b,qwen3-8b,ai,610
D09500.docx,batch02,abstract-ART002019240,P3b,qwen3-8b,ai,757
D09501.docx,batch02,abstract-ART002091055,P3b,qwen3-8b,ai,569
D09502.docx,batch02,abstract-ART000903654,P3b,qwen3-8b,ai,792
D09503.docx,batch02,abstract-ART002442635,P3b,qwen3-8b,ai,728
D09504.docx,batch02,abstract-ART000895461,P3b,qwen3-8b,ai,527
D09505.docx,batch02,abstract-ART000899021,P3b,qwen3-8b,ai,865
D09506.docx,batch02,abstract-ART000881765,P3b,qwen3-8b,ai,422
D09507.docx,batch02,abstract-ART000875847,P3b,qwen3-8b,ai,781
D09508.docx,batch02,abstract-ART000899724,P3b,qwen3-8b,ai,527
D09509.docx,batch02,abstract-ART000889011,P3b,qwen3-8b,ai,348
D09510.docx,batch02,abstract-ART000897368,P3b,qwen3-8b,ai,1011
D09511.docx,batch02,abstract-ART000885419,P3b,qwen3-8b,ai,506
D09512.docx,batch02,abstract-ART000896012,P3b,qwen3-8b,ai,357
D09513.docx,batch02,abstract-ART000872192,P3b,qwen3-8b,ai,673
D09514.docx,batch02,abstract-ART001447573,P3b,qwen3-8b,ai,813
D09515.docx,batch02,abstract-ART000887418,P3b,qwen3-8b,ai,822
D09516.docx,batch02,abstract-ART000864547,P3b,qwen3-8b,ai,392
D09517.docx,batch02,abstract-ART000861699,P3b,qwen3-8b,ai,666
D09518.docx,batch02,abstract-ART000868114,P3b,qwen3-8b,ai,498
D09519.docx,batch02,abstract-ART000858482,P3b,qwen3-8b,ai,727
D09520.docx,batch02,abstract-ART000861423,P3b,qwen3-8b,ai,358
D09521.docx,batch02,abstract-ART000859643,P3b,qwen3-8b,ai,679
D09522.docx,batch02,abstract-ART000900423,P3b,qwen3-8b,ai,819
D09523.docx,batch02,abstract-ART000874698,P3b,qwen3-8b,ai,431
D09524.docx,batch02,abstract-ART000894822,P3b,qwen3-8b,ai,551
D09525.docx,batch02,abstract-ART000905606,P3b,qwen3-8b,ai,492
D09526.docx,batch02,abstract-ART002021271,P3b,qwen3-8b,ai,645
D09527.docx,batch02,abstract-ART000900428,P3b,qwen3-8b,ai,641
D09528.docx,batch02,abstract-ART000903132,P3b,qwen3-8b,ai,393
D09529.docx,batch02,abstract-ART000868941,P3b,qwen3-8b,ai,391
D09530.docx,batch02,abstract-ART000880458,P3b,qwen3-8b,ai,403
D09531.docx,batch02,abstract-ART000883340,P3b,qwen3-8b,ai,891
D09532.docx,batch02,abstract-ART000869493,P3b,qwen3-8b,ai,644
D09533.docx,batch02,abstract-ART000865046,P3b,qwen3-8b,ai,482
D09534.docx,batch02,abstract-ART000882851,P3b,qwen3-8b,ai,538
D09535.docx,batch02,abstract-ART001584877,P3b,qwen3-8b,ai,542
D09536.docx,batch02,abstract-ART000862170,P3b,qwen3-8b,ai,376
D09537.docx,batch02,abstract-ART001939118,P3b,qwen3-8b,ai,676
D09538.docx,batch02,abstract-ART000892841,P3b,qwen3-8b,ai,405
D09539.docx,batch02,abstract-ART000893183,P3b,qwen3-8b,ai,419
D09540.docx,batch02,abstract-ART000888528,P3b,qwen3-8b,ai,745
D09541.docx,batch02,abstract-ART000896204,P3b,qwen3-8b,ai,504
D09542.docx,batch02,abstract-ART000900103,P3b,qwen3-8b,ai,1056
D09543.docx,batch02,abstract-ART000861051,P3b,qwen3-8b,ai,390
D09544.docx,batch02,abstract-ART001310628,P3b,qwen3-8b,ai,410
D09545.docx,batch02,abstract-ART000896469,P3b,qwen3-8b,ai,648
D09546.docx,batch02,abstract-ART000875638,P3b,qwen3-8b,ai,505
D09547.docx,batch02,abstract-ART000906497,P3b,qwen3-8b,ai,379
D09548.docx,batch02,abstract-ART000861218,P3b,qwen3-8b,ai,488
D09549.docx,batch02,abstract-ART001795684,P3b,qwen3-8b,ai,591
D09550.docx,batch02,abstract-ART000879694,P3b,qwen3-8b,ai,693
D09551.docx,batch02,abstract-ART002496667,P3b,qwen3-8b,ai,618
D09552.docx,batch02,abstract-ART000896554,P3b,qwen3-8b,ai,408
D09553.docx,batch02,abstract-ART000884194,P3b,qwen3-8b,ai,727
D09554.docx,batch02,abstract-ART000855207,P3b,qwen3-8b,ai,614
D09555.docx,batch02,abstract-ART000891698,P3b,qwen3-8b,ai,666
D09556.docx,batch02,abstract-ART000865002,P3b,qwen3-8b,ai,411
D09557.docx,batch02,abstract-ART000888574,P3b,qwen3-8b,ai,563
D09558.docx,batch02,abstract-ART000867655,P3b,qwen3-8b,ai,350
D09559.docx,batch02,abstract-ART000869217,P3b,qwen3-8b,ai,545
D09560.docx,batch02,abstract-ART000902198,P3b,qwen3-8b,ai,292
D09561.docx,batch02,abstract-ART000902200,P3b,qwen3-8b,ai,768
D09562.docx,batch02,abstract-ART000889288,P3b,qwen3-8b,ai,811
D09563.docx,batch02,abstract-ART000852276,P3b,qwen3-8b,ai,674
D09564.docx,batch02,abstract-ART000903416,P3b,qwen3-8b,ai,696
D09565.docx,batch02,abstract-ART000860959,P3b,qwen3-8b,ai,420
D09566.docx,batch02,abstract-ART000884760,P3b,qwen3-8b,ai,417
D09567.docx,batch02,abstract-ART000892686,P3b,qwen3-8b,ai,577
D09568.docx,batch02,abstract-ART000883335,P3b,qwen3-8b,ai,498
D09569.docx,batch02,abstract-ART002451960,P3b,qwen3-8b,ai,765
D09570.docx,batch02,abstract-ART000865051,P3b,qwen3-8b,ai,366
D09571.docx,batch02,abstract-ART000875916,P3b,qwen3-8b,ai,352
D09572.docx,batch02,abstract-ART000903058,P3b,qwen3-8b,ai,540
D09573.docx,batch02,abstract-ART001914107,P3b,qwen3-8b,ai,802
D09574.docx,batch02,abstract-ART000905496,P3b,qwen3-8b,ai,438
D09575.docx,batch02,abstract-ART000868191,P3b,qwen3-8b,ai,822
D09576.docx,batch02,abstract-ART002256872,P3b,qwen3-8b,ai,716
D09577.docx,batch02,abstract-ART000884849,P3b,qwen3-8b,ai,972
D09578.docx,batch02,abstract-ART000861681,P3b,qwen3-8b,ai,520
D09579.docx,batch02,abstract-ART000864754,P3b,qwen3-8b,ai,360
D09580.docx,batch02,abstract-ART000865239,P3b,qwen3-8b,ai,668
D09581.docx,batch02,abstract-ART000853028,P3b,qwen3-8b,ai,539
D09582.docx,batch02,abstract-ART001584921,P3b,qwen3-8b,ai,486
D09583.docx,batch02,abstract-ART000864024,P3b,qwen3-8b,ai,625
D09584.docx,batch02,abstract-ART002135829,P3b,qwen3-8b,ai,456
D09585.docx,batch02,abstract-ART000901810,P3b,qwen3-8b,ai,371
D09586.docx,batch02,abstract-ART000855980,P3b,qwen3-8b,ai,1083
D09587.docx,batch02,abstract-ART000861037,P3b,qwen3-8b,ai,356
D09588.docx,batch02,abstract-ART000873014,P3b,qwen3-8b,ai,476
D09589.docx,batch02,abstract-ART000893698,P3b,qwen3-8b,ai,510
D09590.docx,batch02,abstract-ART000875665,P3b,qwen3-8b,ai,1039
D09591.docx,batch02,abstract-ART000905163,P3b,qwen3-8b,ai,618
D09592.docx,batch02,abstract-ART002377955,P3b,qwen3-8b,ai,417
D09593.docx,batch02,abstract-ART000900098,P3b,qwen3-8b,ai,479
D09594.docx,batch02,abstract-ART000874754,P3b,qwen3-8b,ai,399
D09595.docx,batch02,abstract-ART000869644,P3b,qwen3-8b,ai,785
D09596.docx,batch02,abstract-ART000900102,P3b,qwen3-8b,ai,813
D09597.docx,batch02,abstract-ART000853222,P3b,qwen3-8b,ai,1058
D09598.docx,batch02,abstract-ART000876888,P3b,qwen3-8b,ai,851
D09599.docx,batch02,abstract-ART000900334,P3b,qwen3-8b,ai,498
D09600.docx,batch02,abstract-ART000900022,P3b,qwen3-8b,ai,586
D09601.docx,batch02,abstract-ART000852633,P3b,qwen3-8b,ai,418
D09602.docx,batch02,abstract-ART000863193,P3b,qwen3-8b,ai,344
D09603.docx,batch02,abstract-ART000871654,P3b,qwen3-8b,ai,663
D09604.docx,batch02,abstract-ART000893413,P3b,qwen3-8b,ai,732
D09605.docx,batch02,abstract-ART000884934,P3b,qwen3-8b,ai,366
D09606.docx,batch02,abstract-ART000889460,P3b,qwen3-8b,ai,697
D09607.docx,batch02,abstract-ART000888618,P3b,qwen3-8b,ai,882
D09608.docx,batch02,abstract-ART000875935,P3b,qwen3-8b,ai,532
D09609.docx,batch02,abstract-ART000883228,P3b,qwen3-8b,ai,761
D09610.docx,batch02,abstract-ART000908150,P3b,qwen3-8b,ai,368
D09611.docx,batch02,abstract-ART000874411,P3b,qwen3-8b,ai,460
D09612.docx,batch02,abstract-ART000887675,P3b,qwen3-8b,ai,900
D09613.docx,batch02,abstract-ART001655391,P3b,qwen3-8b,ai,502
D09614.docx,batch02,abstract-ART000905579,P3b,qwen3-8b,ai,529
D09615.docx,batch02,abstract-ART000868129,P3b,qwen3-8b,ai,531
D09616.docx,batch02,abstract-ART000869873,P3b,qwen3-8b,ai,884
D09617.docx,batch02,abstract-ART000902292,P3b,qwen3-8b,ai,952
D09618.docx,batch02,abstract-ART001252736,P3b,qwen3-8b,ai,490
D09619.docx,batch02,abstract-ART000906055,P3b,qwen3-8b,ai,511
D09620.docx,batch02,abstract-ART000861000,P3b,qwen3-8b,ai,390
D09621.docx,batch02,abstract-ART001503051,P3b,qwen3-8b,ai,721
D09622.docx,batch02,abstract-ART000888648,P3b,qwen3-8b,ai,433
D09623.docx,batch02,abstract-ART000888509,P3b,qwen3-8b,ai,364
D09624.docx,batch02,abstract-ART000861168,P3b,qwen3-8b,ai,893
D09625.docx,batch02,abstract-ART000858313,P3b,qwen3-8b,ai,840
D09626.docx,batch02,abstract-ART000892838,P3b,qwen3-8b,ai,605
D09627.docx,batch02,abstract-ART000877510,P3b,qwen3-8b,ai,602
D09628.docx,batch02,abstract-ART000866038,P3b,qwen3-8b,ai,615
D09629.docx,batch02,abstract-ART000882786,P3b,qwen3-8b,ai,500
D09630.docx,batch02,abstract-ART000885354,P3b,qwen3-8b,ai,829
D09631.docx,batch02,abstract-ART000896093,P3b,qwen3-8b,ai,401
D09632.docx,batch02,abstract-ART002141407,P3b,qwen3-8b,ai,521
D09633.docx,batch02,abstract-ART000863195,P3b,qwen3-8b,ai,471
D09634.docx,batch02,abstract-ART000888727,P3b,qwen3-8b,ai,432
D09635.docx,batch02,abstract-ART000905580,P3b,qwen3-8b,ai,573
D09636.docx,batch02,abstract-ART000878883,P3b,qwen3-8b,ai,540
D09637.docx,batch02,abstract-ART000863055,P3b,qwen3-8b,ai,896
D09638.docx,batch02,abstract-ART000864443,P3b,qwen3-8b,ai,573
D09639.docx,batch02,abstract-ART000855630,P3b,qwen3-8b,ai,393
D09640.docx,batch02,abstract-ART000889469,P3b,qwen3-8b,ai,748
D09641.docx,batch02,abstract-ART000895483,P3b,qwen3-8b,ai,632
D09642.docx,batch02,abstract-ART000868089,P3b,qwen3-8b,ai,811
D09643.docx,batch02,abstract-ART000874763,P3b,qwen3-8b,ai,846
D09644.docx,batch02,abstract-ART002323452,P3b,qwen3-8b,ai,957
D09645.docx,batch02,abstract-ART000871904,P3b,qwen3-8b,ai,886
D09646.docx,batch02,abstract-ART000897796,P3b,qwen3-8b,ai,978
D09647.docx,batch02,abstract-ART000895755,P3b,qwen3-8b,ai,288
D09648.docx,batch02,abstract-ART000852804,P3b,qwen3-8b,ai,529
D09649.docx,batch02,abstract-ART000869415,P3b,qwen3-8b,ai,333
D09650.docx,batch02,abstract-ART000853228,P3b,qwen3-8b,ai,488
D09651.docx,batch02,abstract-ART000855976,P3b,qwen3-8b,ai,817
D09652.docx,batch02,abstract-ART000872031,P3b,qwen3-8b,ai,580
D09653.docx,batch02,abstract-ART000872675,P3b,qwen3-8b,ai,591
D09654.docx,batch02,abstract-ART000851793,P3b,qwen3-8b,ai,607
D09655.docx,batch02,abstract-ART002003433,P3b,qwen3-8b,ai,769
D09656.docx,batch02,abstract-ART000861115,P3b,qwen3-8b,ai,745
D09657.docx,batch02,abstract-ART000868162,P3b,qwen3-8b,ai,656
D09658.docx,batch02,abstract-ART000877512,P3b,qwen3-8b,ai,682
D09659.docx,batch02,abstract-ART000890026,P3b,qwen3-8b,ai,433
D09660.docx,batch02,abstract-ART000852555,P3b,qwen3-8b,ai,559
D09661.docx,batch02,abstract-ART000864202,P3b,qwen3-8b,ai,310
D09662.docx,batch02,abstract-ART000850842,P3b,qwen3-8b,ai,677
D09663.docx,batch02,abstract-ART000889757,P3b,qwen3-8b,ai,393
D09664.docx,batch02,abstract-ART000853273,P3b,qwen3-8b,ai,921
D09665.docx,batch02,abstract-ART000901317,P3b,qwen3-8b,ai,732
D09666.docx,batch02,abstract-ART000892966,P3b,qwen3-8b,ai,373
D09667.docx,batch02,abstract-ART000860369,P3b,qwen3-8b,ai,594
D09668.docx,batch02,abstract-ART002254741,P3b,qwen3-8b,ai,476
D09669.docx,batch02,abstract-ART002495277,P3b,qwen3-8b,ai,721
D09670.docx,batch02,abstract-ART002093481,P3b,qwen3-8b,ai,1076
D09671.docx,batch02,abstract-ART000908031,P3b,qwen3-8b,ai,445
D09672.docx,batch02,abstract-ART000852512,P3b,qwen3-8b,ai,920
D09673.docx,batch02,abstract-ART000865309,P3b,qwen3-8b,ai,570
D09674.docx,batch02,abstract-ART000900138,P3b,qwen3-8b,ai,381
D09675.docx,batch02,abstract-ART001272823,P3b,qwen3-8b,ai,1060
D09676.docx,batch02,abstract-ART000880372,P3b,qwen3-8b,ai,515
D09677.docx,batch02,abstract-ART000873962,P3b,qwen3-8b,ai,390
D09678.docx,batch02,abstract-ART000851168,P3b,qwen3-8b,ai,410
D09679.docx,batch02,abstract-ART000880381,P3b,qwen3-8b,ai,507
D09680.docx,batch02,abstract-ART000908023,P3b,qwen3-8b,ai,285
D09681.docx,batch02,abstract-ART000888395,P3b,qwen3-8b,ai,388
D09682.docx,batch02,abstract-ART000896507,P3b,qwen3-8b,ai,475
D09683.docx,batch02,abstract-ART000895581,P3b,qwen3-8b,ai,472
D09684.docx,batch02,abstract-ART000852602,P3b,qwen3-8b,ai,807
D09685.docx,batch02,abstract-ART000873508,P3b,qwen3-8b,ai,547
D09686.docx,batch02,abstract-ART000876978,P3b,qwen3-8b,ai,715
D09687.docx,batch02,abstract-ART000903243,P3b,qwen3-8b,ai,310
D09688.docx,batch02,abstract-ART000885804,P3b,qwen3-8b,ai,547
D09689.docx,batch02,abstract-ART000859326,P3b,qwen3-8b,ai,432
D09690.docx,batch02,abstract-ART000861228,P3b,qwen3-8b,ai,537
D09691.docx,batch02,abstract-ART000879009,P3b,qwen3-8b,ai,310
D09692.docx,batch02,abstract-ART000880145,P3b,qwen3-8b,ai,540
D09693.docx,batch02,abstract-ART000892264,P3b,qwen3-8b,ai,575
D09694.docx,batch02,abstract-ART001613392,P3b,qwen3-8b,ai,742
D09695.docx,batch02,abstract-ART000852167,P3b,qwen3-8b,ai,432
D09696.docx,batch02,abstract-ART000861406,P3b,qwen3-8b,ai,390
D09697.docx,batch02,abstract-ART002541294,P3b,qwen3-8b,ai,581
D09698.docx,batch02,abstract-ART000899268,P3b,qwen3-8b,ai,419
D09699.docx,batch02,abstract-ART000880884,P3b,qwen3-8b,ai,1058
D09700.docx,batch02,abstract-ART000889022,P3b,qwen3-8b,ai,420
D09701.docx,batch02,abstract-ART002525616,P3b,qwen3-8b,ai,607
D09702.docx,batch02,abstract-ART000861175,P3b,qwen3-8b,ai,571
D09703.docx,batch02,abstract-ART000864686,P3b,qwen3-8b,ai,321
D09704.docx,batch02,abstract-ART000879958,P3b,qwen3-8b,ai,331
D09705.docx,batch02,abstract-ART000897281,P3b,qwen3-8b,ai,510
D09706.docx,batch02,abstract-ART000900422,P3b,qwen3-8b,ai,584
D09707.docx,batch02,abstract-ART000903139,P3b,qwen3-8b,ai,412
D09708.docx,batch02,abstract-ART000857581,P3b,qwen3-8b,ai,341
D09709.docx,batch02,abstract-ART000903646,P3b,qwen3-8b,ai,428
D09710.docx,batch02,abstract-ART000879111,P3b,qwen3-8b,ai,476
D09711.docx,batch02,abstract-ART000879683,P3b,qwen3-8b,ai,510
D09712.docx,batch02,abstract-ART000861907,P3b,qwen3-8b,ai,452
D09713.docx,batch02,abstract-ART000901551,P3b,qwen3-8b,ai,617
D09714.docx,batch02,abstract-ART000904435,P3b,qwen3-8b,ai,800
D09715.docx,batch02,abstract-ART000903111,P3b,qwen3-8b,ai,436
D09716.docx,batch02,abstract-ART000880389,P3b,qwen3-8b,ai,381
D09717.docx,batch02,abstract-ART000898241,P3b,qwen3-8b,ai,1118
D09718.docx,batch02,abstract-ART000905323,P3b,qwen3-8b,ai,369
D09719.docx,batch02,abstract-ART000872194,P3b,qwen3-8b,ai,962
D09720.docx,batch02,abstract-ART000886283,P3b,qwen3-8b,ai,471
D09721.docx,batch02,abstract-ART000873554,P3b,qwen3-8b,ai,454
D09722.docx,batch02,abstract-ART000905403,P3b,qwen3-8b,ai,437
D09723.docx,batch02,abstract-ART000876906,P3b,qwen3-8b,ai,356
D09724.docx,batch02,abstract-ART000859328,P3b,qwen3-8b,ai,529
D09725.docx,batch02,abstract-ART000899437,P3b,qwen3-8b,ai,741
D09726.docx,batch02,abstract-ART000889259,P3b,qwen3-8b,ai,352
D09727.docx,batch02,abstract-ART000903135,P3b,qwen3-8b,ai,401
D09728.docx,batch02,abstract-ART000869328,P3b,qwen3-8b,ai,340
D09729.docx,batch02,abstract-ART000859313,P3b,qwen3-8b,ai,575
D09730.docx,batch02,abstract-ART000881801,P3b,qwen3-8b,ai,988
D09731.docx,batch02,abstract-ART000897279,P3b,qwen3-8b,ai,387
D09732.docx,batch02,abstract-ART001558326,P3b,qwen3-8b,ai,472
D09733.docx,batch02,abstract-ART000874461,P3b,qwen3-8b,ai,674
D09734.docx,batch02,abstract-ART000871498,P3b,qwen3-8b,ai,617
D09735.docx,batch02,abstract-ART002147620,P3b,qwen3-8b,ai,554
D09736.docx,batch02,abstract-ART000886196,P3b,qwen3-8b,ai,436
D09737.docx,batch02,abstract-ART000877423,P3b,qwen3-8b,ai,599
D09738.docx,batch02,abstract-ART000865075,P3b,qwen3-8b,ai,501
D09739.docx,batch02,abstract-ART000851864,P3b,qwen3-8b,ai,565
D09740.docx,batch02,abstract-ART000887743,P3b,qwen3-8b,ai,490
D09741.docx,batch02,abstract-ART000885905,P3b,qwen3-8b,ai,752
D09742.docx,batch02,abstract-ART000867521,P3b,qwen3-8b,ai,640
D09743.docx,batch02,abstract-ART000875666,P3b,qwen3-8b,ai,981
D09744.docx,batch02,abstract-ART000895468,P3b,qwen3-8b,ai,438
D09745.docx,batch02,abstract-ART000898230,P3b,qwen3-8b,ai,688
D09746.docx,batch02,abstract-ART000888531,P3b,qwen3-8b,ai,740
D09747.docx,batch02,abstract-ART000868110,P3b,qwen3-8b,ai,573
D09748.docx,batch02,abstract-ART000890169,P3b,qwen3-8b,ai,424
D09749.docx,batch02,abstract-ART000877010,P3b,qwen3-8b,ai,529
D09750.docx,batch02,abstract-ART000872134,P3b,qwen3-8b,ai,745
D09751.docx,batch02,abstract-ART000903077,P3b,qwen3-8b,ai,586
D09752.docx,batch02,abstract-ART001938068,P3b,qwen3-8b,ai,471
D09753.docx,batch02,abstract-ART000897792,P3b,qwen3-8b,ai,817
D09754.docx,batch02,abstract-ART000898554,P3b,qwen3-8b,ai,408
D09755.docx,batch02,abstract-ART000878287,P3b,qwen3-8b,ai,480
D09756.docx,batch02,abstract-ART000903134,P3b,qwen3-8b,ai,491
D09757.docx,batch02,abstract-ART000899359,P3b,qwen3-8b,ai,469
D09758.docx,batch02,abstract-ART002378640,P3b,qwen3-8b,ai,330
D09759.docx,batch02,abstract-ART000869375,P3b,qwen3-8b,ai,371
D09760.docx,batch02,abstract-ART000892190,P3b,qwen3-8b,ai,332
D09761.docx,batch02,abstract-ART000894045,P3b,qwen3-8b,ai,391
D09762.docx,batch02,abstract-ART000884095,P3b,qwen3-8b,ai,964
D09763.docx,batch02,abstract-ART000878144,P3b,qwen3-8b,ai,779
D09764.docx,batch02,abstract-ART000861060,P3b,qwen3-8b,ai,736
D09765.docx,batch02,abstract-ART000901009,P3b,qwen3-8b,ai,375
D09766.docx,batch02,abstract-ART000898446,P3b,qwen3-8b,ai,988
D09767.docx,batch02,abstract-ART000874645,P3b,qwen3-8b,ai,590
D09768.docx,batch02,abstract-ART000869620,P3b,qwen3-8b,ai,366
D09769.docx,batch02,abstract-ART001310634,P3b,qwen3-8b,ai,571
D09770.docx,batch02,abstract-ART001578870,P3b,qwen3-8b,ai,406
D09771.docx,batch02,abstract-ART000892985,P3b,qwen3-8b,ai,529
D09772.docx,batch02,abstract-ART000888535,P3b,qwen3-8b,ai,792
D09773.docx,batch02,abstract-ART000900421,P3b,qwen3-8b,ai,886
D09774.docx,batch02,abstract-ART000851943,P3b,qwen3-8b,ai,901
D09775.docx,batch02,abstract-ART000879962,P3b,qwen3-8b,ai,571
D09776.docx,batch02,abstract-ART000884971,P3b,qwen3-8b,ai,667
D09777.docx,batch02,abstract-ART000850914,P3b,qwen3-8b,ai,512
D09778.docx,batch02,abstract-ART000881324,P3b,qwen3-8b,ai,799
D09779.docx,batch02,abstract-ART000873572,P3b,qwen3-8b,ai,542
D09780.docx,batch02,abstract-ART000861172,P3b,qwen3-8b,ai,617
D09781.docx,batch02,abstract-ART000893247,P3b,qwen3-8b,ai,524
D09782.docx,batch02,abstract-ART000904944,P3b,qwen3-8b,ai,961
D09783.docx,batch02,abstract-ART000876892,P3b,qwen3-8b,ai,490
D09784.docx,batch02,abstract-ART000864903,P3b,qwen3-8b,ai,859
D09785.docx,batch02,abstract-ART001368781,P3b,qwen3-8b,ai,490
D09786.docx,batch02,abstract-ART002104503,P3b,qwen3-8b,ai,523
D09787.docx,batch02,abstract-ART000902265,P3b,qwen3-8b,ai,611
D09788.docx,batch02,abstract-ART000896072,P3b,qwen3-8b,ai,741
D09789.docx,batch02,abstract-ART002477388,P3b,qwen3-8b,ai,562
D09790.docx,batch02,abstract-ART000873577,P3b,qwen3-8b,ai,546
D09791.docx,batch02,abstract-ART000883418,P3b,qwen3-8b,ai,922
D09792.docx,batch02,abstract-ART001461070,P3b,qwen3-8b,ai,589
D09793.docx,batch02,abstract-ART001887014,P3b,qwen3-8b,ai,294
D09794.docx,batch02,abstract-ART000893746,P3b,qwen3-8b,ai,425
D09795.docx,batch02,abstract-ART000893328,P3b,qwen3-8b,ai,433
D09796.docx,batch02,abstract-ART000868132,P3b,qwen3-8b,ai,667
D09797.docx,batch02,abstract-ART001872953,P3b,qwen3-8b,ai,444
D09798.docx,batch02,abstract-ART002082701,P3b,qwen3-8b,ai,435
D09799.docx,batch02,abstract-ART000905721,P3b,qwen3-8b,ai,317
D09800.docx,batch02,abstract-ART000878972,P3b,qwen3-8b,ai,585
D09801.docx,batch02,abstract-ART000878885,P3b,qwen3-8b,ai,1027
D09802.docx,batch02,abstract-ART000874635,P3b,qwen3-8b,ai,745
D09803.docx,batch02,abstract-ART000861918,P3b,qwen3-8b,ai,678
D09804.docx,batch02,abstract-ART000864811,P3b,qwen3-8b,ai,538
D09805.docx,batch02,abstract-ART000880941,P3b,qwen3-8b,ai,549
D09806.docx,batch02,abstract-ART002147692,P3b,qwen3-8b,ai,1056
D09807.docx,batch02,abstract-ART000851861,P3b,qwen3-8b,ai,577
D09808.docx,batch02,abstract-ART002487258,P3b,qwen3-8b,ai,870
D09809.docx,batch02,abstract-ART000852150,P3b,qwen3-8b,ai,657
D09810.docx,batch02,abstract-ART000884797,P3b,qwen3-8b,ai,865
D09811.docx,batch02,abstract-ART000903218,P3b,qwen3-8b,ai,714
D09812.docx,batch02,abstract-ART000858491,P3b,qwen3-8b,ai,787
D09813.docx,batch02,abstract-ART000897946,P3b,qwen3-8b,ai,589
D09814.docx,batch02,abstract-ART000863527,P3b,qwen3-8b,ai,400
D09815.docx,batch02,abstract-ART000852331,P3b,qwen3-8b,ai,711
D09816.docx,batch02,abstract-ART000888559,P3b,qwen3-8b,ai,570
D09817.docx,batch02,abstract-ART000857681,P3b,qwen3-8b,ai,658
D09818.docx,batch02,abstract-ART000863117,P3b,qwen3-8b,ai,260
D09819.docx,batch02,abstract-ART000880287,P3b,qwen3-8b,ai,395
D09820.docx,batch02,abstract-ART000878892,P3b,qwen3-8b,ai,580
D09821.docx,batch02,abstract-ART000858499,P3b,qwen3-8b,ai,606
D09822.docx,batch02,abstract-ART000900136,P3b,qwen3-8b,ai,820
D09823.docx,batch02,abstract-ART000856309,P3b,qwen3-8b,ai,502
D09824.docx,batch02,abstract-ART002066117,P3b,qwen3-8b,ai,787
D09825.docx,batch02,abstract-ART000893946,P3b,qwen3-8b,ai,621
D09826.docx,batch02,abstract-ART000860890,P3b,qwen3-8b,ai,454
D09827.docx,batch02,abstract-ART000872363,P3b,qwen3-8b,ai,307
D09828.docx,batch02,abstract-ART000902084,P3b,qwen3-8b,ai,384
D09829.docx,batch02,abstract-ART000874707,P3b,qwen3-8b,ai,855
D09830.docx,batch02,abstract-ART000885765,P3b,qwen3-8b,ai,473
D09831.docx,batch02,abstract-ART000899180,P3b,qwen3-8b,ai,325
D09832.docx,batch02,abstract-ART000867752,P3b,qwen3-8b,ai,594
D09833.docx,batch02,abstract-ART000895509,P3b,qwen3-8b,ai,579
D09834.docx,batch02,abstract-ART001889185,P3b,qwen3-8b,ai,502
D09835.docx,batch02,abstract-ART000882824,P3b,qwen3-8b,ai,540
D09836.docx,batch02,abstract-ART000863458,P3b,qwen3-8b,ai,339
D09837.docx,batch02,abstract-ART000858176,P3b,qwen3-8b,ai,489
D09838.docx,batch02,abstract-ART000898141,P3b,qwen3-8b,ai,991
D09839.docx,batch02,abstract-ART000900855,P3b,qwen3-8b,ai,406
D09840.docx,batch02,abstract-ART000881032,P3b,qwen3-8b,ai,361
D09841.docx,batch02,abstract-ART000858485,P3b,qwen3-8b,ai,652
D09842.docx,batch02,abstract-ART000902327,P3b,qwen3-8b,ai,884
D09843.docx,batch02,abstract-ART000906121,P3b,qwen3-8b,ai,422
D09844.docx,batch02,abstract-ART000867296,P3b,qwen3-8b,ai,336
D09845.docx,batch02,abstract-ART000867043,P3b,qwen3-8b,ai,1058
D09846.docx,batch02,abstract-ART000868111,P3b,qwen3-8b,ai,598
D09847.docx,batch02,abstract-ART000904411,P3b,qwen3-8b,ai,379
D09848.docx,batch02,abstract-ART000902035,P3b,qwen3-8b,ai,600
D09849.docx,batch02,abstract-ART000893689,P3b,qwen3-8b,ai,1049
D09850.docx,batch02,abstract-ART000869553,P3b,qwen3-8b,ai,531
D09851.docx,batch02,abstract-ART000881239,P3b,qwen3-8b,ai,847
D09852.docx,batch02,abstract-ART000905924,P3b,qwen3-8b,ai,362
D09853.docx,batch02,abstract-ART000858260,P3b,qwen3-8b,ai,431
D09854.docx,batch02,abstract-ART000895625,P3b,qwen3-8b,ai,572
D09855.docx,batch02,abstract-ART000852422,P3b,qwen3-8b,ai,593
D09856.docx,batch02,abstract-ART000852644,P3b,qwen3-8b,ai,401
D09857.docx,batch02,abstract-ART001255921,P3b,qwen3-8b,ai,506
D09858.docx,batch02,abstract-ART000872158,P3b,qwen3-8b,ai,546
D09859.docx,batch02,abstract-ART000904414,P3b,qwen3-8b,ai,641
D09860.docx,batch02,abstract-ART002560860,P3b,qwen3-8b,ai,523
D09861.docx,batch02,abstract-ART000898039,P3b,qwen3-8b,ai,522
D09862.docx,batch02,abstract-ART002551614,P3b,qwen3-8b,ai,614
D09863.docx,batch02,abstract-ART000903316,P3b,qwen3-8b,ai,425
D09864.docx,batch02,abstract-ART002002396,P3b,qwen3-8b,ai,665
D09865.docx,batch02,abstract-ART000895593,P3b,qwen3-8b,ai,760
D09866.docx,batch02,abstract-ART000877092,P3b,qwen3-8b,ai,567
D09867.docx,batch02,abstract-ART000899341,P3b,qwen3-8b,ai,477
D09868.docx,batch02,abstract-ART000854094,P3b,qwen3-8b,ai,634
D09869.docx,batch02,abstract-ART002494525,P3b,qwen3-8b,ai,507
D09870.docx,batch02,abstract-ART002477382,P3b,qwen3-8b,ai,529
D09871.docx,batch02,abstract-ART000852421,P3b,qwen3-8b,ai,902
D09872.docx,batch02,abstract-ART000870018,P3b,qwen3-8b,ai,494
D09873.docx,batch02,abstract-ART000892553,P3b,qwen3-8b,ai,405
D09874.docx,batch02,abstract-ART000879167,P3b,qwen3-8b,ai,464
D09875.docx,batch02,abstract-ART000867536,P3b,qwen3-8b,ai,855
D09876.docx,batch02,abstract-ART000902317,P3b,qwen3-8b,ai,636
D09877.docx,batch02,abstract-ART000891875,P3b,qwen3-8b,ai,527
D09878.docx,batch02,abstract-ART000898547,P3b,qwen3-8b,ai,449
D09879.docx,batch02,abstract-ART000900262,P3b,qwen3-8b,ai,548
D09880.docx,batch02,abstract-ART000868934,P3b,qwen3-8b,ai,500
D09881.docx,batch02,abstract-ART000875639,P3b,qwen3-8b,ai,488
D09882.docx,batch02,abstract-ART000902452,P3b,qwen3-8b,ai,746
D09883.docx,batch02,abstract-ART000852010,P3b,qwen3-8b,ai,525
D09884.docx,batch02,abstract-ART000869551,P3b,qwen3-8b,ai,334
D09885.docx,batch02,abstract-ART000900863,P3b,qwen3-8b,ai,364
D09886.docx,batch02,abstract-ART002133318,P3b,qwen3-8b,ai,502
D09887.docx,batch02,abstract-ART000867245,P3b,qwen3-8b,ai,445
D09888.docx,batch02,abstract-ART000905991,P3b,qwen3-8b,ai,396
D09889.docx,batch02,abstract-ART000896471,P3b,qwen3-8b,ai,415
D09890.docx,batch02,abstract-ART000880808,P3b,qwen3-8b,ai,531
D09891.docx,batch02,abstract-ART000898551,P3b,qwen3-8b,ai,356
D09892.docx,batch02,abstract-ART000852799,P3b,qwen3-8b,ai,639
D09893.docx,batch02,abstract-ART000902971,P3b,qwen3-8b,ai,391
D09894.docx,batch02,abstract-ART002408119,P3b,qwen3-8b,ai,579
D09895.docx,batch02,abstract-ART001681482,P3b,qwen3-8b,ai,484
D09896.docx,batch02,abstract-ART001887139,P3b,qwen3-8b,ai,631
D09897.docx,batch02,abstract-ART000861171,P3b,qwen3-8b,ai,523
D09898.docx,batch02,abstract-ART000861012,P3b,qwen3-8b,ai,589
D09899.docx,batch02,abstract-ART000873009,P3b,qwen3-8b,ai,400
D09900.docx,batch02,abstract-ART000889085,P3b,qwen3-8b,ai,447
D09901.docx,batch02,abstract-ART002285900,P3b,qwen3-8b,ai,600
D09902.docx,batch02,abstract-ART000893293,P3b,qwen3-8b,ai,592
D09903.docx,batch02,abstract-ART001822051,P3b,qwen3-8b,ai,611
D09904.docx,batch02,abstract-ART000904704,P3b,qwen3-8b,ai,406
D09905.docx,batch02,abstract-ART000875254,P3b,qwen3-8b,ai,817
D09906.docx,batch02,abstract-ART000884230,P3b,qwen3-8b,ai,1017
D09907.docx,batch02,abstract-ART000897355,P3b,qwen3-8b,ai,740
D09908.docx,batch02,abstract-ART000875766,P3b,qwen3-8b,ai,614
D09909.docx,batch02,abstract-ART000861768,P3b,qwen3-8b,ai,531
D09910.docx,batch02,abstract-ART000876890,P3b,qwen3-8b,ai,708
D09911.docx,batch02,abstract-ART000871182,P3b,qwen3-8b,ai,610
D09912.docx,batch02,abstract-ART000861990,P3b,qwen3-8b,ai,385
D09913.docx,batch02,abstract-ART000864582,P3b,qwen3-8b,ai,416
D09914.docx,batch02,abstract-ART000902801,P3b,qwen3-8b,ai,779
D09915.docx,batch02,abstract-ART000889171,P3b,qwen3-8b,ai,391
D09916.docx,batch02,abstract-ART000851874,P3b,qwen3-8b,ai,416
D09917.docx,batch02,abstract-ART001292754,P3b,qwen3-8b,ai,799
D09918.docx,batch02,abstract-ART000875339,P3b,qwen3-8b,ai,665
D09919.docx,batch02,abstract-ART000877066,P3b,qwen3-8b,ai,559
D09920.docx,batch02,abstract-ART000860336,P3b,qwen3-8b,ai,877
D09921.docx,batch02,abstract-ART000902197,P3b,qwen3-8b,ai,304
D09922.docx,batch02,abstract-ART000853091,P3b,qwen3-8b,ai,531
D09923.docx,batch02,abstract-ART000852028,P3b,qwen3-8b,ai,608
D09924.docx,batch02,abstract-ART000878300,P3b,qwen3-8b,ai,687
D09925.docx,batch02,abstract-ART001753035,P3b,qwen3-8b,ai,440
D09926.docx,batch02,abstract-ART000879019,P3b,qwen3-8b,ai,712
D09927.docx,batch02,abstract-ART000906041,P3b,qwen3-8b,ai,605
D09928.docx,batch02,abstract-ART000852076,P3b,qwen3-8b,ai,827
D09929.docx,batch02,abstract-ART001917113,P3b,qwen3-8b,ai,423
D09930.docx,batch02,abstract-ART001985801,P3b,qwen3-8b,ai,519
D09931.docx,batch02,abstract-ART000902844,P3b,qwen3-8b,ai,335
D09932.docx,batch02,abstract-ART000876905,P3b,qwen3-8b,ai,348
D09933.docx,batch02,abstract-ART000880377,P3b,qwen3-8b,ai,391
D09934.docx,batch02,abstract-ART000896463,P3b,qwen3-8b,ai,433
D09935.docx,batch02,abstract-ART000905888,P3b,qwen3-8b,ai,403
D09936.docx,batch02,abstract-ART000856304,P3b,qwen3-8b,ai,402
D09937.docx,batch02,abstract-ART000903055,P3b,qwen3-8b,ai,501
D09938.docx,batch02,abstract-ART000900871,P3b,qwen3-8b,ai,420
D09939.docx,batch02,abstract-ART000888624,P3b,qwen3-8b,ai,776
D09940.docx,batch02,abstract-ART000875554,P3b,qwen3-8b,ai,599
D09941.docx,batch02,abstract-ART000894179,P3b,qwen3-8b,ai,381
D09942.docx,batch02,abstract-ART000858408,P3b,qwen3-8b,ai,652
D09943.docx,batch02,abstract-ART000852271,P3b,qwen3-8b,ai,478
D09944.docx,batch02,abstract-ART002320051,P3b,qwen3-8b,ai,922
D09945.docx,batch02,abstract-ART000884239,P3b,qwen3-8b,ai,588
D09946.docx,batch02,abstract-ART000861271,P3b,qwen3-8b,ai,633
D09947.docx,batch02,abstract-ART000869073,P3b,qwen3-8b,ai,366
D09948.docx,batch02,abstract-ART001061827,P3b,qwen3-8b,ai,537
D09949.docx,batch02,abstract-ART000893219,P3b,qwen3-8b,ai,580
D09950.docx,batch02,abstract-ART000903074,P3b,qwen3-8b,ai,546
D09951.docx,batch02,abstract-ART000903079,P3b,qwen3-8b,ai,443
D09952.docx,batch02,abstract-ART000880217,P3b,qwen3-8b,ai,976
D09953.docx,batch02,abstract-ART000881326,P3b,qwen3-8b,ai,386
D09954.docx,batch02,abstract-ART000872896,P3b,qwen3-8b,ai,515
D09955.docx,batch02,abstract-ART000861854,P3b,qwen3-8b,ai,910
D09956.docx,batch02,abstract-ART000857822,P3b,qwen3-8b,ai,530
D09957.docx,batch02,abstract-ART000906352,P3b,qwen3-8b,ai,559
D09958.docx,batch02,abstract-ART000880870,P3b,qwen3-8b,ai,653
D09959.docx,batch02,abstract-ART001914148,P3b,qwen3-8b,ai,774
D09960.docx,batch02,abstract-ART000857378,P3b,qwen3-8b,ai,906
D09961.docx,batch02,abstract-ART000905600,P3b,qwen3-8b,ai,484
D09962.docx,batch02,abstract-ART000904798,P3b,qwen3-8b,ai,391
D09963.docx,batch02,abstract-ART000884004,P3b,qwen3-8b,ai,517
D09964.docx,batch02,abstract-ART001306171,P3b,qwen3-8b,ai,538
D09965.docx,batch02,abstract-ART000877589,P3b,qwen3-8b,ai,497
D09966.docx,batch02,abstract-ART000869158,P3b,qwen3-8b,ai,499
D09967.docx,batch02,abstract-ART000894135,P3b,qwen3-8b,ai,470
D09968.docx,batch02,abstract-ART000902979,P3b,qwen3-8b,ai,408
D09969.docx,batch02,abstract-ART001640250,P3b,qwen3-8b,ai,671
D09970.docx,batch02,abstract-ART002487264,P3b,qwen3-8b,ai,697
D09971.docx,batch02,abstract-ART000889514,P3b,qwen3-8b,ai,550
D09972.docx,batch02,abstract-ART000902590,P3b,qwen3-8b,ai,520
D09973.docx,batch02,abstract-ART000904486,P3b,qwen3-8b,ai,578
D09974.docx,batch02,abstract-ART000879078,P3b,qwen3-8b,ai,817
D09975.docx,batch02,abstract-ART000902927,P3b,qwen3-8b,ai,534
D09976.docx,batch02,abstract-ART001914085,P3b,qwen3-8b,ai,758
D09977.docx,batch02,abstract-ART000893268,P3b,qwen3-8b,ai,292
D09978.docx,batch02,abstract-ART000863143,P3b,qwen3-8b,ai,453
D09979.docx,batch02,abstract-ART000884219,P3b,qwen3-8b,ai,768
D09980.docx,batch02,abstract-ART002525667,P3b,qwen3-8b,ai,796
D09981.docx,batch02,abstract-ART000881044,P3b,qwen3-8b,ai,556
D09982.docx,batch02,abstract-ART000888729,P3b,qwen3-8b,ai,550
D09983.docx,batch02,abstract-ART000861279,P3b,qwen3-8b,ai,496
D09984.docx,batch02,abstract-ART000904720,P3b,qwen3-8b,ai,451
D09985.docx,batch02,abstract-ART000908070,P3b,qwen3-8b,ai,469
D09986.docx,batch02,abstract-ART001226821,P3b,qwen3-8b,ai,609
D09987.docx,batch02,abstract-ART000861945,P3b,qwen3-8b,ai,1034
D09988.docx,batch02,abstract-ART000896294,P3b,qwen3-8b,ai,585
D09989.docx,batch02,abstract-ART000887939,P3b,qwen3-8b,ai,562
D09990.docx,batch02,abstract-ART000903320,P3b,qwen3-8b,ai,368
D09991.docx,batch02,abstract-ART000869074,P3b,qwen3-8b,ai,493
D09992.docx,batch02,abstract-ART000904883,P3b,qwen3-8b,ai,421
D09993.docx,batch02,abstract-ART000883988,P3b,qwen3-8b,ai,478
D09994.docx,batch02,abstract-ART000893633,P3b,qwen3-8b,ai,477
D09995.docx,batch02,abstract-ART000904882,P3b,qwen3-8b,ai,375
D09996.docx,batch02,abstract-ART002441030,P3b,qwen3-8b,ai,585
D09997.docx,batch02,abstract-ART000902137,P3b,qwen3-8b,ai,575
D09998.docx,batch02,abstract-ART000865971,P3b,qwen3-8b,ai,410
D09999.docx,batch02,abstract-ART000885313,P3b,qwen3-8b,ai,695
D10000.docx,batch02,abstract-ART000855977,P3b,qwen3-8b,ai,743
D10001.docx,batch02,abstract-ART002032637,P3b,qwen3-8b,ai,529
D10002.docx,batch02,abstract-ART000885960,P3b,qwen3-8b,ai,563
D10003.docx,batch02,abstract-ART000880228,P3b,qwen3-8b,ai,457
D10004.docx,batch02,abstract-ART000905167,P3b,qwen3-8b,ai,350
D10005.docx,batch02,abstract-ART002050403,P3b,qwen3-8b,ai,783
D10006.docx,batch02,abstract-ART000863219,P3b,qwen3-8b,ai,717
D10007.docx,batch02,abstract-ART000878986,P3b,qwen3-8b,ai,447
D10008.docx,batch02,abstract-ART000873229,P3b,qwen3-8b,ai,431
D10009.docx,batch02,abstract-ART001529504,P3b,qwen3-8b,ai,475
D10010.docx,batch02,abstract-ART000902755,P3b,qwen3-8b,ai,449
D10011.docx,batch02,abstract-ART000871902,P3b,qwen3-8b,ai,413
D10012.docx,batch02,abstract-ART000861018,P3b,qwen3-8b,ai,617
D10013.docx,batch02,abstract-ART000902731,P3b,qwen3-8b,ai,319
D10014.docx,batch02,abstract-ART000861418,P3b,qwen3-8b,ai,743
D10015.docx,batch02,abstract-ART000872898,P3b,qwen3-8b,ai,623
D10016.docx,batch02,abstract-ART000866946,P3b,qwen3-8b,ai,633
D10017.docx,batch02,abstract-ART000902087,P3b,qwen3-8b,ai,686
D10018.docx,batch02,abstract-ART000871719,P3b,qwen3-8b,ai,509
D10019.docx,batch02,abstract-ART000871709,P3b,qwen3-8b,ai,373
D10020.docx,batch02,abstract-ART000888566,P3b,qwen3-8b,ai,752
D10021.docx,batch02,abstract-ART000886267,P3b,qwen3-8b,ai,470
D10022.docx,batch02,abstract-ART000872233,P3b,qwen3-8b,ai,362
D10023.docx,batch02,abstract-ART001360766,P3b,qwen3-8b,ai,624
D10024.docx,batch02,abstract-ART000851948,P3b,qwen3-8b,ai,481
D10025.docx,batch02,abstract-ART000905884,P3b,qwen3-8b,ai,670
D10026.docx,batch02,abstract-ART000881115,P3b,qwen3-8b,ai,600
D10027.docx,batch02,abstract-ART000889468,P3b,qwen3-8b,ai,755
D10028.docx,batch02,abstract-ART000895655,P3b,qwen3-8b,ai,512
D10029.docx,batch02,abstract-ART000897459,P3b,qwen3-8b,ai,378
D10030.docx,batch02,abstract-ART000878016,P3b,qwen3-8b,ai,1007
D10031.docx,batch02,abstract-ART000856279,P3b,qwen3-8b,ai,343
D10032.docx,batch02,abstract-ART000879178,P3b,qwen3-8b,ai,502
D10033.docx,batch02,abstract-ART000864760,P3b,qwen3-8b,ai,321
D10034.docx,batch02,abstract-ART001735860,P3b,qwen3-8b,ai,593
D10035.docx,batch02,abstract-ART000857585,P3b,qwen3-8b,ai,410
D10036.docx,batch02,abstract-ART000878877,P3b,qwen3-8b,ai,498
D10037.docx,batch02,abstract-ART000904713,P3b,qwen3-8b,ai,587
D10038.docx,batch02,abstract-ART000863142,P3b,qwen3-8b,ai,921
D10039.docx,batch02,abstract-ART002000984,P3b,qwen3-8b,ai,577
D10040.docx,batch02,abstract-ART000852803,P3b,qwen3-8b,ai,415
D10041.docx,batch02,abstract-ART000857917,P3b,qwen3-8b,ai,279
D10042.docx,batch02,abstract-ART000867306,P3b,qwen3-8b,ai,529
D10043.docx,batch02,abstract-ART000890338,P3b,qwen3-8b,ai,496
D10044.docx,batch02,abstract-ART000893189,P3b,qwen3-8b,ai,422
D10045.docx,batch02,abstract-ART000908020,P3b,qwen3-8b,ai,676
D10046.docx,batch02,abstract-ART000885209,P3b,qwen3-8b,ai,521
D10047.docx,batch02,abstract-ART001270780,P3b,qwen3-8b,ai,415
D10048.docx,batch02,abstract-ART000867238,P3b,qwen3-8b,ai,1043
D10049.docx,batch02,abstract-ART000852136,P3b,qwen3-8b,ai,499
D10050.docx,batch02,abstract-ART000869970,P3b,qwen3-8b,ai,634
D10051.docx,batch02,abstract-ART000885508,P3b,qwen3-8b,ai,703
D10052.docx,batch02,abstract-ART000852592,P3b,qwen3-8b,ai,561
D10053.docx,batch02,abstract-ART000857766,P3b,qwen3-8b,ai,346
D10054.docx,batch02,abstract-ART000856058,P3b,qwen3-8b,ai,536
D10055.docx,batch02,abstract-ART001872533,P3b,qwen3-8b,ai,656
D10056.docx,batch02,abstract-ART000868016,P3b,qwen3-8b,ai,579
D10057.docx,batch02,abstract-ART000900689,P3b,qwen3-8b,ai,355
D10058.docx,batch02,abstract-ART000856275,P3b,qwen3-8b,ai,320
D10059.docx,batch02,abstract-ART000905322,P3b,qwen3-8b,ai,457
D10060.docx,batch02,abstract-ART001079022,P3b,qwen3-8b,ai,486
D10061.docx,batch02,abstract-ART000852014,P3b,qwen3-8b,ai,548
D10062.docx,batch02,abstract-ART000867631,P3b,qwen3-8b,ai,729
D10063.docx,batch02,abstract-ART000864278,P3b,qwen3-8b,ai,773
D10064.docx,batch02,abstract-ART000903584,P3b,qwen3-8b,ai,433
D10065.docx,batch02,abstract-ART000880648,P3b,qwen3-8b,ai,755
D10066.docx,batch02,abstract-ART000881402,P3b,qwen3-8b,ai,336
D10067.docx,batch02,abstract-ART000864447,P3b,qwen3-8b,ai,712
D10068.docx,batch02,abstract-ART000869224,P3b,qwen3-8b,ai,542
D10069.docx,batch02,abstract-ART000883563,P3b,qwen3-8b,ai,732
D10070.docx,batch02,abstract-ART000889296,P3b,qwen3-8b,ai,524
D10071.docx,batch02,abstract-ART000902820,P3b,qwen3-8b,ai,333
D10072.docx,batch02,abstract-ART000858576,P3b,qwen3-8b,ai,734
D10073.docx,batch02,abstract-ART000897029,P3b,qwen3-8b,ai,576
D10074.docx,batch02,abstract-ART000866860,P3b,qwen3-8b,ai,582
D10075.docx,batch02,abstract-ART000896780,P3b,qwen3-8b,ai,667
D10076.docx,batch02,abstract-ART000869740,P3b,qwen3-8b,ai,1145
D10077.docx,batch02,abstract-ART000890256,P3b,qwen3-8b,ai,651
D10078.docx,batch02,abstract-ART000891948,P3b,qwen3-8b,ai,948
D10079.docx,batch02,abstract-ART000852004,P3b,qwen3-8b,ai,908
D10080.docx,batch02,abstract-ART000866101,P3b,qwen3-8b,ai,594
D10081.docx,batch02,abstract-ART000889181,P3b,qwen3-8b,ai,362
D10082.docx,batch02,abstract-ART000852093,P3b,qwen3-8b,ai,619
D10083.docx,batch02,abstract-ART000903304,P3b,qwen3-8b,ai,377
D10084.docx,batch02,abstract-ART000884649,P3b,qwen3-8b,ai,567
D10085.docx,batch02,abstract-ART002474196,P3b,qwen3-8b,ai,957
D10086.docx,batch02,abstract-ART001795683,P3b,qwen3-8b,ai,646
D10087.docx,batch02,abstract-ART000863541,P3b,qwen3-8b,ai,382
D10088.docx,batch02,abstract-ART000875859,P3b,qwen3-8b,ai,680
D10089.docx,batch02,abstract-ART000899838,P3b,qwen3-8b,ai,543
D10090.docx,batch02,abstract-ART000899918,P3b,qwen3-8b,ai,873
D10091.docx,batch02,abstract-ART000852511,P3b,qwen3-8b,ai,1044
D10092.docx,batch02,abstract-ART001603364,P3b,qwen3-8b,ai,767
D10093.docx,batch02,abstract-ART000874644,P3b,qwen3-8b,ai,1092
D10094.docx,batch02,abstract-ART000900606,P3b,qwen3-8b,ai,579
D10095.docx,batch02,abstract-ART001297668,P3b,qwen3-8b,ai,954
D10096.docx,batch02,abstract-ART000898129,P3b,qwen3-8b,ai,866
D10097.docx,batch02,abstract-ART000900071,P3b,qwen3-8b,ai,414
D10098.docx,batch02,abstract-ART000863217,P3b,qwen3-8b,ai,504
D10099.docx,batch02,abstract-ART000876411,P3b,qwen3-8b,ai,731
D10100.docx,batch02,abstract-ART000905552,P3b,qwen3-8b,ai,596
D10101.docx,batch02,abstract-ART001939119,P3b,qwen3-8b,ai,993
D10102.docx,batch02,abstract-ART001914144,P3b,qwen3-8b,ai,738
D10103.docx,batch02,abstract-ART000904795,P3b,qwen3-8b,ai,547
D10104.docx,batch02,abstract-ART000869151,P3b,qwen3-8b,ai,627
D10105.docx,batch02,abstract-ART000854095,P3b,qwen3-8b,ai,555
D10106.docx,batch02,abstract-ART002261217,P3b,qwen3-8b,ai,826
D10107.docx,batch02,abstract-ART000873233,P3b,qwen3-8b,ai,433
D10108.docx,batch02,abstract-ART000851306,P3b,qwen3-8b,ai,548
D10109.docx,batch02,abstract-ART000856290,P3b,qwen3-8b,ai,387
D10110.docx,batch02,abstract-ART000903489,P3b,qwen3-8b,ai,415
D10111.docx,batch02,abstract-ART000891629,P3b,qwen3-8b,ai,404
D10112.docx,batch02,abstract-ART000898312,P3b,qwen3-8b,ai,1037
D10113.docx,batch02,abstract-ART000875548,P3b,qwen3-8b,ai,631
D10114.docx,batch02,abstract-ART000906430,P3b,qwen3-8b,ai,571
D10115.docx,batch02,abstract-ART000905347,P3b,qwen3-8b,ai,558
D10116.docx,batch02,abstract-ART000902215,P3b,qwen3-8b,ai,668
D10117.docx,batch02,abstract-ART000902719,P3b,qwen3-8b,ai,452
D10118.docx,batch02,abstract-ART000851499,P3b,qwen3-8b,ai,503
D10119.docx,batch02,abstract-ART000889317,P3b,qwen3-8b,ai,368
D10120.docx,batch02,abstract-ART002525641,P3b,qwen3-8b,ai,473
D10121.docx,batch02,abstract-ART002469060,P3b,qwen3-8b,ai,991
D10122.docx,batch02,abstract-ART001730511,P3b,qwen3-8b,ai,695
D10123.docx,batch02,abstract-ART000902208,P3b,qwen3-8b,ai,450
D10124.docx,batch02,abstract-ART000862015,P3b,qwen3-8b,ai,423
D10125.docx,batch02,abstract-ART000854029,P3b,qwen3-8b,ai,331
D10126.docx,batch02,abstract-ART002551607,P3b,qwen3-8b,ai,699
D10127.docx,batch02,abstract-ART000860860,P3b,qwen3-8b,ai,725
D10128.docx,batch02,abstract-ART000903708,P3b,qwen3-8b,ai,495
D10129.docx,batch02,abstract-ART000905549,P3b,qwen3-8b,ai,423
D10130.docx,batch02,abstract-ART000898420,P3b,qwen3-8b,ai,915
D10131.docx,batch02,abstract-ART002442625,P3b,qwen3-8b,ai,669
D10132.docx,batch02,abstract-ART000881112,P3b,qwen3-8b,ai,442
D10133.docx,batch02,abstract-ART001822047,P3b,qwen3-8b,ai,1076
D10134.docx,batch02,abstract-ART000888879,P3b,qwen3-8b,ai,670
D10135.docx,batch02,abstract-ART000874612,P3b,qwen3-8b,ai,599
D10136.docx,batch02,abstract-ART000879113,P3b,qwen3-8b,ai,485
D10137.docx,batch02,abstract-ART000881815,P3b,qwen3-8b,ai,428
D10138.docx,batch02,abstract-ART000861776,P3b,qwen3-8b,ai,650
D10139.docx,batch02,abstract-ART000880476,P3b,qwen3-8b,ai,641
D10140.docx,batch02,abstract-ART000905597,P3b,qwen3-8b,ai,323
D10141.docx,batch02,abstract-ART000867286,P3b,qwen3-8b,ai,444
D10142.docx,batch02,abstract-ART000869802,P3b,qwen3-8b,ai,475
D10143.docx,batch02,abstract-ART001663195,P3b,qwen3-8b,ai,884
D10144.docx,batch02,abstract-ART000857930,P3b,qwen3-8b,ai,458
D10145.docx,batch02,abstract-ART000873615,P3b,qwen3-8b,ai,693
D10146.docx,batch02,abstract-ART000889262,P3b,qwen3-8b,ai,470
D10147.docx,batch02,abstract-ART000900145,P3b,qwen3-8b,ai,594
D10148.docx,batch02,abstract-ART000869712,P3b,qwen3-8b,ai,582
D10149.docx,batch02,abstract-ART000864527,P3b,qwen3-8b,ai,384
D10150.docx,batch02,abstract-ART000898033,P3b,qwen3-8b,ai,604
D10151.docx,batch02,abstract-ART000852166,P3b,qwen3-8b,ai,531
D10152.docx,batch02,abstract-ART000888979,P3b,qwen3-8b,ai,894
D10153.docx,batch02,abstract-ART001359630,P3b,qwen3-8b,ai,681
D10154.docx,batch02,abstract-ART000885415,P3b,qwen3-8b,ai,510
D10155.docx,batch02,abstract-ART000903947,P3b,qwen3-8b,ai,975
D10156.docx,batch02,abstract-ART000891843,P3b,qwen3-8b,ai,616
D10157.docx,batch02,abstract-ART001433147,P3b,qwen3-8b,ai,746
D10158.docx,batch02,abstract-ART001439968,P3b,qwen3-8b,ai,530
D10159.docx,batch02,abstract-ART000864082,P3b,qwen3-8b,ai,480
D10160.docx,batch02,abstract-ART000877596,P3b,qwen3-8b,ai,369
D10161.docx,batch02,abstract-ART000899519,P3b,qwen3-8b,ai,644
D10162.docx,batch02,abstract-ART000875319,P3b,qwen3-8b,ai,530
D10163.docx,batch02,abstract-ART000905854,P3b,qwen3-8b,ai,500
D10164.docx,batch02,abstract-ART000902586,P3b,qwen3-8b,ai,448
D10165.docx,batch02,abstract-ART000885311,P3b,qwen3-8b,ai,372
D10166.docx,batch02,abstract-ART000906349,P3b,qwen3-8b,ai,547
D10167.docx,batch02,abstract-ART000897348,P3b,qwen3-8b,ai,647
D10168.docx,batch02,abstract-ART000868530,P3b,qwen3-8b,ai,598
D10169.docx,batch02,abstract-ART000875118,P3b,qwen3-8b,ai,863
D10170.docx,batch02,abstract-ART000889755,P3b,qwen3-8b,ai,549
D10171.docx,batch02,abstract-ART000888514,P3b,qwen3-8b,ai,391
D10172.docx,batch02,abstract-ART000900370,P3b,qwen3-8b,ai,970
D10173.docx,batch02,abstract-ART000876007,P3b,qwen3-8b,ai,527
D10174.docx,batch02,abstract-ART000861205,P3b,qwen3-8b,ai,563
D10175.docx,batch02,abstract-ART000888676,P3b,qwen3-8b,ai,341
D10176.docx,batch02,abstract-ART000862081,P3b,qwen3-8b,ai,336
D10177.docx,batch02,abstract-ART000852145,P3b,qwen3-8b,ai,730
D10178.docx,batch02,abstract-ART000905339,P3b,qwen3-8b,ai,388
D10179.docx,batch02,abstract-ART002148207,P3b,qwen3-8b,ai,416
D10180.docx,batch02,abstract-ART002495348,P3b,qwen3-8b,ai,642
D10181.docx,batch02,abstract-ART000901045,P3b,qwen3-8b,ai,563
D10182.docx,batch02,abstract-ART000884629,P3b,qwen3-8b,ai,598
D10183.docx,batch02,abstract-ART000896547,P3b,qwen3-8b,ai,420
D10184.docx,batch02,abstract-ART000870011,P3b,qwen3-8b,ai,466
D10185.docx,batch02,abstract-ART000856308,P3b,qwen3-8b,ai,541
D10186.docx,batch02,abstract-ART000908105,P3b,qwen3-8b,ai,453
D10187.docx,batch02,abstract-ART001310645,P3b,qwen3-8b,ai,577
D10188.docx,batch02,abstract-ART002559534,P3b,qwen3-8b,ai,639
D10189.docx,batch02,abstract-ART000889373,P3b,qwen3-8b,ai,381
D10190.docx,batch02,abstract-ART001626634,P3b,qwen3-8b,ai,556
D10191.docx,batch02,abstract-ART000888974,P3b,qwen3-8b,ai,930
D10192.docx,batch02,abstract-ART000893295,P3b,qwen3-8b,ai,583
D10193.docx,batch02,abstract-ART000883963,P3b,qwen3-8b,ai,775
D10194.docx,batch02,abstract-ART000903486,P3b,qwen3-8b,ai,391
D10195.docx,batch02,abstract-ART000901035,P3b,qwen3-8b,ai,1033
D10196.docx,batch02,abstract-ART000903409,P3b,qwen3-8b,ai,659
D10197.docx,batch02,abstract-ART000899926,P3b,qwen3-8b,ai,705
D10198.docx,batch02,abstract-ART000868090,P3b,qwen3-8b,ai,506
D10199.docx,batch02,abstract-ART000896133,P3b,qwen3-8b,ai,456
D10200.docx,batch02,abstract-ART000889170,P3b,qwen3-8b,ai,315
D10201.docx,batch02,abstract-ART000865048,P3b,qwen3-8b,ai,313
D10202.docx,batch02,abstract-ART002453123,P3b,qwen3-8b,ai,304
D10203.docx,batch02,abstract-ART000868932,P3b,qwen3-8b,ai,472
D10204.docx,batch02,abstract-ART000869463,P3b,qwen3-8b,ai,389
D10205.docx,batch02,abstract-ART000886188,P3b,qwen3-8b,ai,468
D10206.docx,batch02,abstract-ART000869393,P3b,qwen3-8b,ai,913
D10207.docx,batch02,abstract-ART002110072,P3b,qwen3-8b,ai,381
D10208.docx,batch02,abstract-ART000902091,P3b,qwen3-8b,ai,568
D10209.docx,batch02,abstract-ART000902199,P3b,qwen3-8b,ai,468
D10210.docx,batch02,abstract-ART000880280,P3b,qwen3-8b,ai,311
D10211.docx,batch02,abstract-ART000858864,P3b,qwen3-8b,ai,772
D10212.docx,batch02,abstract-ART000896951,P3b,qwen3-8b,ai,591
D10213.docx,batch02,abstract-ART000889372,P3b,qwen3-8b,ai,547
D10214.docx,batch02,abstract-ART000869150,P3b,qwen3-8b,ai,458
D10215.docx,batch02,abstract-ART000864369,P3b,qwen3-8b,ai,672
D10216.docx,batch02,abstract-ART000857944,P3b,qwen3-8b,ai,571
D10217.docx,batch02,abstract-ART000850847,P3b,qwen3-8b,ai,707
D10218.docx,batch02,abstract-ART000876898,P3b,qwen3-8b,ai,524
D10219.docx,batch02,abstract-ART000863363,P3b,qwen3-8b,ai,393
D10220.docx,batch02,abstract-ART000906009,P3b,qwen3-8b,ai,629
D10221.docx,batch02,abstract-ART000900222,P3b,qwen3-8b,ai,682
D10222.docx,batch02,abstract-ART000892196,P3b,qwen3-8b,ai,449
D10223.docx,batch02,abstract-ART000898328,P3b,qwen3-8b,ai,1156
D10224.docx,batch02,abstract-ART000853133,P3b,qwen3-8b,ai,441
D10225.docx,batch02,abstract-ART000875775,P3b,qwen3-8b,ai,702
D10226.docx,batch02,abstract-ART000901329,P3b,qwen3-8b,ai,762
D10227.docx,batch02,abstract-ART000891084,P3b,qwen3-8b,ai,724
D10228.docx,batch02,abstract-ART000901000,P3b,qwen3-8b,ai,394
D10229.docx,batch02,abstract-ART000860803,P3b,qwen3-8b,ai,520
D10230.docx,batch02,abstract-ART000863648,P3b,qwen3-8b,ai,262
D10231.docx,batch02,abstract-ART000857932,P3b,qwen3-8b,ai,605
D10232.docx,batch02,abstract-ART000860804,P3b,qwen3-8b,ai,718
D10233.docx,batch02,abstract-ART000860988,P3b,qwen3-8b,ai,581
D10234.docx,batch02,abstract-ART000851143,P3b,qwen3-8b,ai,417
D10235.docx,batch02,abstract-ART000901253,P3b,qwen3-8b,ai,592
D10236.docx,batch02,abstract-ART000867540,P3b,qwen3-8b,ai,342
D10237.docx,batch02,abstract-ART000900099,P3b,qwen3-8b,ai,454
D10238.docx,batch02,abstract-ART000867044,P3b,qwen3-8b,ai,596
D10239.docx,batch02,abstract-ART000903088,P3b,qwen3-8b,ai,304
D10240.docx,batch02,abstract-ART000857948,P3b,qwen3-8b,ai,505
D10241.docx,batch02,abstract-ART000890249,P3b,qwen3-8b,ai,413
D10242.docx,batch02,abstract-ART000880048,P3b,qwen3-8b,ai,397
D10243.docx,batch02,abstract-ART000878968,P3b,qwen3-8b,ai,607
D10244.docx,batch02,abstract-ART000905495,P3b,qwen3-8b,ai,588
D10245.docx,batch02,abstract-ART000879680,P3b,qwen3-8b,ai,368
D10246.docx,batch02,abstract-ART001517070,P3b,qwen3-8b,ai,521
D10247.docx,batch02,abstract-ART000861856,P3b,qwen3-8b,ai,346
D10248.docx,batch02,abstract-ART002007273,P3b,qwen3-8b,ai,495
D10249.docx,batch02,abstract-ART000861170,P3b,qwen3-8b,ai,474
D10250.docx,batch02,abstract-ART001666394,P3b,qwen3-8b,ai,647
D10251.docx,batch02,abstract-ART000883724,P3b,qwen3-8b,ai,589
D10252.docx,batch02,abstract-ART000880441,P3b,qwen3-8b,ai,852
D10253.docx,batch02,abstract-ART000872132,P3b,qwen3-8b,ai,767
D10254.docx,batch02,abstract-ART000899269,P3b,qwen3-8b,ai,389
D10255.docx,batch02,abstract-ART000875041,P3b,qwen3-8b,ai,988
D10256.docx,batch02,abstract-ART000878291,P3b,qwen3-8b,ai,486
D10257.docx,batch02,abstract-ART000894837,P3b,qwen3-8b,ai,309
D10258.docx,batch02,abstract-ART000866943,P3b,qwen3-8b,ai,565
D10259.docx,batch02,abstract-ART000869219,P3b,qwen3-8b,ai,511
D10260.docx,batch02,abstract-ART000880295,P3b,qwen3-8b,ai,372
D10261.docx,batch02,abstract-ART000860960,P3b,qwen3-8b,ai,654
D10262.docx,batch02,abstract-ART000854708,P3b,qwen3-8b,ai,923
D10263.docx,batch02,abstract-ART000863131,P3b,qwen3-8b,ai,685
D10264.docx,batch02,abstract-ART000857953,P3b,qwen3-8b,ai,691
D10265.docx,batch02,abstract-ART000891848,P3b,qwen3-8b,ai,355
D10266.docx,batch02,abstract-ART000867647,P3b,qwen3-8b,ai,474
D10267.docx,batch02,abstract-ART002441046,P3b,qwen3-8b,ai,639
D10268.docx,batch02,abstract-ART000864218,P3b,qwen3-8b,ai,749
D10269.docx,batch02,abstract-ART000873372,P3b,qwen3-8b,ai,1160
D10270.docx,batch02,abstract-ART000889459,P3b,qwen3-8b,ai,473
D10271.docx,batch02,abstract-ART000898136,P3b,qwen3-8b,ai,862
D10272.docx,batch02,abstract-ART000880812,P3b,qwen3-8b,ai,584
D10273.docx,batch02,abstract-ART000857403,P3b,qwen3-8b,ai,693
D10274.docx,batch02,abstract-ART000869878,P3b,qwen3-8b,ai,351
D10275.docx,batch02,abstract-ART000906147,P3b,qwen3-8b,ai,467
D10276.docx,batch02,abstract-ART001663202,P3b,qwen3-8b,ai,748
D10277.docx,batch02,abstract-ART000902782,P3b,qwen3-8b,ai,339
D10278.docx,batch02,abstract-ART000902704,P3b,qwen3-8b,ai,413
D10279.docx,batch02,abstract-ART000856307,P3b,qwen3-8b,ai,421
D10280.docx,batch02,abstract-ART000850846,P3b,qwen3-8b,ai,393
D10281.docx,batch02,abstract-ART000863135,P3b,qwen3-8b,ai,383
D10282.docx,batch02,abstract-ART000864109,P3b,qwen3-8b,ai,746
D10283.docx,batch02,abstract-ART000851703,P3b,qwen3-8b,ai,773
D10284.docx,batch02,abstract-ART000880954,P3b,qwen3-8b,ai,747
D10285.docx,batch02,abstract-ART001540147,P3b,qwen3-8b,ai,714
D10286.docx,batch02,abstract-ART000860965,P3b,qwen3-8b,ai,734
D10287.docx,batch02,abstract-ART000868195,P3b,qwen3-8b,ai,504
D10288.docx,batch02,abstract-ART000875861,P3b,qwen3-8b,ai,611
D10289.docx,batch02,abstract-ART000878872,P3b,qwen3-8b,ai,789
D10290.docx,batch02,abstract-ART001915180,P3b,qwen3-8b,ai,748
D10291.docx,batch02,abstract-ART000882833,P3b,qwen3-8b,ai,546
D10292.docx,batch02,abstract-ART000888610,P3b,qwen3-8b,ai,1082
D10293.docx,batch02,abstract-ART002003429,P3b,qwen3-8b,ai,606
D10294.docx,batch02,abstract-ART002317816,P3b,qwen3-8b,ai,587
D10295.docx,batch02,abstract-ART000884240,P3b,qwen3-8b,ai,1041
D10296.docx,batch02,abstract-ART000902809,P3b,qwen3-8b,ai,503
D10297.docx,batch02,abstract-ART000852341,P3b,qwen3-8b,ai,1085
D10298.docx,batch02,abstract-ART000877097,P3b,qwen3-8b,ai,749
D10299.docx,batch02,abstract-ART000867032,P3b,qwen3-8b,ai,694
D10300.docx,batch02,abstract-ART000867643,P3b,qwen3-8b,ai,1055
D10301.docx,batch02,abstract-ART000864888,P3b,qwen3-8b,ai,596
D10302.docx,batch02,abstract-ART001753044,P3b,qwen3-8b,ai,833
D10303.docx,batch02,abstract-ART000907089,P3b,qwen3-8b,ai,658
D10304.docx,batch02,abstract-ART000860576,P3b,qwen3-8b,ai,381
D10305.docx,batch02,abstract-ART000884085,P3b,qwen3-8b,ai,517
D10306.docx,batch02,abstract-ART000884335,P3b,qwen3-8b,ai,1110
D10307.docx,batch02,abstract-ART000895480,P3b,qwen3-8b,ai,439
D10308.docx,batch02,abstract-ART000900425,P3b,qwen3-8b,ai,676
D10309.docx,batch02,abstract-ART000889046,P3b,qwen3-8b,ai,713
D10310.docx,batch02,abstract-ART000899451,P3b,qwen3-8b,ai,478
D10311.docx,batch02,abstract-ART000864027,P3b,qwen3-8b,ai,908
D10312.docx,batch02,abstract-ART000886189,P3b,qwen3-8b,ai,488
D10313.docx,batch02,abstract-ART000863711,P3b,qwen3-8b,ai,397
D10314.docx,batch02,abstract-ART000880330,P3b,qwen3-8b,ai,543
D10315.docx,batch02,abstract-ART000898142,P3b,qwen3-8b,ai,656
D10316.docx,batch02,abstract-ART000858041,P3b,qwen3-8b,ai,344
D10317.docx,batch02,abstract-ART000903024,P3b,qwen3-8b,ai,512
D10318.docx,batch02,abstract-ART000903493,P3b,qwen3-8b,ai,653
D10319.docx,batch02,abstract-ART002350301,P3b,qwen3-8b,ai,498
D10320.docx,batch02,abstract-ART000864659,P3b,qwen3-8b,ai,1123
D10321.docx,batch02,abstract-ART000869549,P3b,qwen3-8b,ai,803
D10322.docx,batch02,abstract-ART000892906,P3b,qwen3-8b,ai,561
D10323.docx,batch02,abstract-ART002442843,P3b,qwen3-8b,ai,358
D10324.docx,batch02,abstract-ART000880803,P3b,qwen3-8b,ai,375
D10325.docx,batch02,abstract-ART000905932,P3b,qwen3-8b,ai,566
D10326.docx,batch02,abstract-ART000904481,P3b,qwen3-8b,ai,763
D10327.docx,batch02,abstract-ART000873583,P3b,qwen3-8b,ai,364
D10328.docx,batch02,abstract-ART001928703,P3b,qwen3-8b,ai,422
D10329.docx,batch02,abstract-ART000851635,P3b,qwen3-8b,ai,455
D10330.docx,batch02,abstract-ART000888561,P3b,qwen3-8b,ai,772
D10331.docx,batch02,abstract-ART000885407,P3b,qwen3-8b,ai,342
D10332.docx,batch02,abstract-ART000857963,P3b,qwen3-8b,ai,704
D10333.docx,batch02,abstract-ART000863912,P3b,qwen3-8b,ai,649
D10334.docx,batch02,abstract-ART002066667,P3b,qwen3-8b,ai,920
D10335.docx,batch02,abstract-ART000877418,P3b,qwen3-8b,ai,278
D10336.docx,batch02,abstract-ART000863560,P3b,qwen3-8b,ai,328
D10337.docx,batch02,abstract-ART000881317,P3b,qwen3-8b,ai,920
D10338.docx,batch02,abstract-ART000859923,P3b,qwen3-8b,ai,934
D10339.docx,batch02,abstract-ART000881031,P3b,qwen3-8b,ai,501
D10340.docx,batch02,abstract-ART002032761,P3b,qwen3-8b,ai,619
D10341.docx,batch02,abstract-ART000879971,P3b,qwen3-8b,ai,411
D10342.docx,batch02,abstract-ART000862392,P3b,qwen3-8b,ai,536
D10343.docx,batch02,abstract-ART000900160,P3b,qwen3-8b,ai,709
D10344.docx,batch02,abstract-ART001569177,P3b,qwen3-8b,ai,418
D10345.docx,batch02,abstract-ART001796380,P3b,qwen3-8b,ai,679
D10346.docx,batch02,abstract-ART001407709,P3b,qwen3-8b,ai,365
D10347.docx,batch02,abstract-ART000875647,P3b,qwen3-8b,ai,580
D10348.docx,batch02,abstract-ART000905928,P3b,qwen3-8b,ai,329
D10349.docx,batch02,abstract-ART000872221,P3b,qwen3-8b,ai,868
D10350.docx,batch02,abstract-ART000867295,P3b,qwen3-8b,ai,529
D10351.docx,batch02,abstract-ART000896048,P3b,qwen3-8b,ai,935
D10352.docx,batch02,abstract-ART000864906,P3b,qwen3-8b,ai,848
D10353.docx,batch02,abstract-ART000905388,P3b,qwen3-8b,ai,454
D10354.docx,batch02,abstract-ART000855628,P3b,qwen3-8b,ai,474
D10355.docx,batch02,abstract-ART000889173,P3b,qwen3-8b,ai,468
D10356.docx,batch02,abstract-ART000899893,P3b,qwen3-8b,ai,458
D10357.docx,batch02,abstract-ART002032650,P3b,qwen3-8b,ai,452
D10358.docx,batch02,abstract-ART000883969,P3b,qwen3-8b,ai,906
D10359.docx,batch02,abstract-ART000865216,P3b,qwen3-8b,ai,679
D10360.docx,batch02,abstract-ART000869498,P3b,qwen3-8b,ai,476
D10361.docx,batch02,abstract-ART000902779,P3b,qwen3-8b,ai,386
D10362.docx,batch02,abstract-ART000902632,P3b,qwen3-8b,ai,431
D10363.docx,batch02,abstract-ART000861129,P3b,qwen3-8b,ai,869
D10364.docx,batch02,abstract-ART000900293,P3b,qwen3-8b,ai,786
D10365.docx,batch02,abstract-ART000869792,P3b,qwen3-8b,ai,392
D10366.docx,batch02,abstract-ART002461950,P3b,qwen3-8b,ai,538
D10367.docx,batch02,abstract-ART000863615,P3b,qwen3-8b,ai,326
D10368.docx,batch02,abstract-ART000885413,P3b,qwen3-8b,ai,321
D10369.docx,batch02,abstract-ART000884973,P3b,qwen3-8b,ai,862
D10370.docx,batch02,abstract-ART002483683,P3b,qwen3-8b,ai,1022
D10371.docx,batch02,abstract-ART002459558,P3b,qwen3-8b,ai,429
D10372.docx,batch02,abstract-ART000852423,P3b,qwen3-8b,ai,510
D10373.docx,batch02,abstract-ART000905344,P3b,qwen3-8b,ai,458
D10374.docx,batch02,abstract-ART000868168,P3b,qwen3-8b,ai,397
D10375.docx,batch02,abstract-ART000856398,P3b,qwen3-8b,ai,506
D10376.docx,batch02,abstract-ART000861274,P3b,qwen3-8b,ai,516
D10377.docx,batch02,abstract-ART000865972,P3b,qwen3-8b,ai,364
D10378.docx,batch02,abstract-ART000885968,P3b,qwen3-8b,ai,443
D10379.docx,batch02,abstract-ART000903573,P3b,qwen3-8b,ai,313
D10380.docx,batch02,abstract-ART000860339,P3b,qwen3-8b,ai,502
D10381.docx,batch02,abstract-ART000889044,P3b,qwen3-8b,ai,971
D10382.docx,batch02,abstract-ART000898046,P3b,qwen3-8b,ai,680
D10383.docx,batch02,abstract-ART000888379,P3b,qwen3-8b,ai,536
D10384.docx,batch02,abstract-ART000897448,P3b,qwen3-8b,ai,506
D10385.docx,batch02,abstract-ART000872293,P3b,qwen3-8b,ai,428
D10386.docx,batch02,abstract-ART000899183,P3b,qwen3-8b,ai,418
D10387.docx,batch02,abstract-ART000905235,P3b,qwen3-8b,ai,726
D10388.docx,batch02,abstract-ART000862390,P3b,qwen3-8b,ai,487
D10389.docx,batch02,abstract-ART000893951,P3b,qwen3-8b,ai,429
D10390.docx,batch02,abstract-ART000872947,P3b,qwen3-8b,ai,347
D10391.docx,batch02,abstract-ART000883995,P3b,qwen3-8b,ai,383
D10392.docx,batch02,abstract-ART001638061,P3b,qwen3-8b,ai,497
D10393.docx,batch02,abstract-ART000895482,P3b,qwen3-8b,ai,479
D10394.docx,batch02,abstract-ART000872161,P3b,qwen3-8b,ai,575
D10395.docx,batch02,abstract-ART001540019,P3b,qwen3-8b,ai,628
D10396.docx,batch02,abstract-ART000872911,P3b,qwen3-8b,ai,448
D10397.docx,batch02,abstract-ART000903017,P3b,qwen3-8b,ai,351
D10398.docx,batch02,abstract-ART000868518,P3b,qwen3-8b,ai,422
D10399.docx,batch02,abstract-ART000901010,P3b,qwen3-8b,ai,619
D10400.docx,batch02,abstract-ART000888369,P3b,qwen3-8b,ai,483
D10401.docx,batch02,abstract-ART000863124,P3b,qwen3-8b,ai,527
D10402.docx,batch02,abstract-ART001638069,P3b,qwen3-8b,ai,702
D10403.docx,batch02,abstract-ART000895471,P3b,qwen3-8b,ai,692
D10404.docx,batch02,abstract-ART000891945,P3b,qwen3-8b,ai,739
D10405.docx,batch02,abstract-ART000879170,P3b,qwen3-8b,ai,787
D10406.docx,batch02,abstract-ART000897278,P3b,qwen3-8b,ai,445
D10407.docx,batch02,abstract-ART000878982,P3b,qwen3-8b,ai,363
D10408.docx,batch02,abstract-ART000867234,P3b,qwen3-8b,ai,561
D10409.docx,batch02,abstract-ART001872538,P3b,qwen3-8b,ai,453
D10410.docx,batch02,abstract-ART001626654,P3b,qwen3-8b,ai,842
D10411.docx,batch02,abstract-ART000863201,P3b,qwen3-8b,ai,776
D10412.docx,batch02,abstract-ART000870151,P3b,qwen3-8b,ai,542
D10413.docx,batch02,abstract-ART000897759,P3b,qwen3-8b,ai,674
D10414.docx,batch02,abstract-ART000905078,P3b,qwen3-8b,ai,492
D10415.docx,batch02,abstract-ART000855629,P3b,qwen3-8b,ai,372
D10416.docx,batch02,abstract-ART000902261,P3b,qwen3-8b,ai,493
D10417.docx,batch02,abstract-ART000906318,P3b,qwen3-8b,ai,631
D10418.docx,batch02,abstract-ART001563840,P3b,qwen3-8b,ai,1069
D10419.docx,batch02,abstract-ART000865798,P3b,qwen3-8b,ai,409
D10420.docx,batch02,abstract-ART000900298,P3b,qwen3-8b,ai,825
D10421.docx,batch02,abstract-ART000883344,P3b,qwen3-8b,ai,569
D10422.docx,batch02,abstract-ART000895500,P3b,qwen3-8b,ai,444
D10423.docx,batch02,abstract-ART000881931,P3b,qwen3-8b,ai,914
D10424.docx,batch02,abstract-ART000852149,P3b,qwen3-8b,ai,637
D10425.docx,batch02,abstract-ART000857384,P3b,qwen3-8b,ai,788
D10426.docx,batch02,abstract-ART000893221,P3b,qwen3-8b,ai,396
D10427.docx,batch02,abstract-ART001336829,P3b,qwen3-8b,ai,1044
D10428.docx,batch02,abstract-ART000852032,P3b,qwen3-8b,ai,548
D10429.docx,batch02,abstract-ART000880047,P3b,qwen3-8b,ai,421
D10430.docx,batch02,abstract-ART000908029,P3b,qwen3-8b,ai,538
D10431.docx,batch02,abstract-ART000905674,P3b,qwen3-8b,ai,569
D10432.docx,batch02,abstract-ART001833886,P3b,qwen3-8b,ai,603
D10433.docx,batch02,abstract-ART000861499,P3b,qwen3-8b,ai,472
D10434.docx,batch02,abstract-ART000902205,P3b,qwen3-8b,ai,472
D10435.docx,batch02,abstract-ART000868275,P3b,qwen3-8b,ai,635
D10436.docx,batch02,abstract-ART001371743,P3b,qwen3-8b,ai,419
D10437.docx,batch02,abstract-ART000901252,P3b,qwen3-8b,ai,380
D10438.docx,batch02,abstract-ART000882777,P3b,qwen3-8b,ai,586
D10439.docx,batch02,abstract-ART002012580,P3b,qwen3-8b,ai,982
D10440.docx,batch02,abstract-ART000851565,P3b,qwen3-8b,ai,518
D10441.docx,batch02,abstract-ART002494519,P3b,qwen3-8b,ai,643
D10442.docx,batch02,abstract-ART000894827,P3b,qwen3-8b,ai,348
D10443.docx,batch02,abstract-ART001789413,P3b,qwen3-8b,ai,595
D10444.docx,batch02,abstract-ART000857906,P3b,qwen3-8b,ai,617
D10445.docx,batch02,abstract-ART000901652,P3b,qwen3-8b,ai,554
D10446.docx,batch02,abstract-ART000865433,P3b,qwen3-8b,ai,352
D10447.docx,batch02,abstract-ART000902544,P3b,qwen3-8b,ai,328
D10448.docx,batch02,abstract-ART000905984,P3b,qwen3-8b,ai,537
D10449.docx,batch02,abstract-ART002049084,P3b,qwen3-8b,ai,611
D10450.docx,batch02,abstract-ART001194931,P3b,qwen3-8b,ai,433
D10451.docx,batch02,abstract-ART000880286,P3b,qwen3-8b,ai,457
D10452.docx,batch02,abstract-ART000881401,P3b,qwen3-8b,ai,421
D10453.docx,batch02,abstract-ART002002297,P3b,qwen3-8b,ai,680
D10454.docx,batch02,abstract-ART000900680,P3b,qwen3-8b,ai,381
D10455.docx,batch02,abstract-ART000864528,P3b,qwen3-8b,ai,400
D10456.docx,batch02,abstract-ART000889014,P3b,qwen3-8b,ai,416
D10457.docx,batch02,abstract-ART001894983,P3b,qwen3-8b,ai,530
D10458.docx,batch02,abstract-ART000904778,P3b,qwen3-8b,ai,444
D10459.docx,batch02,abstract-ART000896325,P3b,qwen3-8b,ai,310
D10460.docx,batch02,abstract-ART000902223,P3b,qwen3-8b,ai,897
D10461.docx,batch02,abstract-ART000875842,P3b,qwen3-8b,ai,817
D10462.docx,batch02,abstract-ART001833892,P3b,qwen3-8b,ai,601
D10463.docx,batch02,abstract-ART000889753,P3b,qwen3-8b,ai,403
D10464.docx,batch02,abstract-ART000889384,P3b,qwen3-8b,ai,673
D10465.docx,batch02,abstract-ART000868521,P3b,qwen3-8b,ai,802
D10466.docx,batch02,abstract-ART002063658,P3b,qwen3-8b,ai,988
D10467.docx,batch02,abstract-ART000902981,P3b,qwen3-8b,ai,462
D10468.docx,batch02,abstract-ART000879116,P3b,qwen3-8b,ai,535
D10469.docx,batch02,abstract-ART000906414,P3b,qwen3-8b,ai,556
D10470.docx,batch02,abstract-ART000863724,P3b,qwen3-8b,ai,452
D10471.docx,batch02,abstract-ART000897277,P3b,qwen3-8b,ai,562
D10472.docx,batch02,abstract-ART000869485,P3b,qwen3-8b,ai,435
D10473.docx,batch02,abstract-ART000892653,P3b,qwen3-8b,ai,324
D10474.docx,batch02,abstract-ART000881874,P3b,qwen3-8b,ai,527
D10475.docx,batch02,abstract-ART000863460,P3b,qwen3-8b,ai,570
D10476.docx,batch02,abstract-ART000864588,P3b,qwen3-8b,ai,897
D10477.docx,batch02,abstract-ART000866040,P3b,qwen3-8b,ai,460
D10478.docx,batch02,abstract-ART000902173,P3b,qwen3-8b,ai,335
D10479.docx,batch02,abstract-ART000900325,P3b,qwen3-8b,ai,536
D10480.docx,batch02,abstract-ART001625934,P3b,qwen3-8b,ai,717
D10481.docx,batch02,abstract-ART002451644,P3b,qwen3-8b,ai,445
D10482.docx,batch02,abstract-ART000875894,P3b,qwen3-8b,ai,497
D10483.docx,batch02,abstract-ART000884061,P3b,qwen3-8b,ai,331
D10484.docx,batch02,abstract-ART000889554,P3b,qwen3-8b,ai,661
D10485.docx,batch02,abstract-ART000852134,P3b,qwen3-8b,ai,441
D10486.docx,batch02,abstract-ART000900221,P3b,qwen3-8b,ai,385
D10487.docx,batch02,abstract-ART000903307,P3b,qwen3-8b,ai,473
D10488.docx,batch02,abstract-ART000901740,P3b,qwen3-8b,ai,528
D10489.docx,batch02,abstract-ART000896510,P3b,qwen3-8b,ai,583
D10490.docx,batch02,abstract-ART000899928,P3b,qwen3-8b,ai,412
D10491.docx,batch02,abstract-ART000900609,P3b,qwen3-8b,ai,400
D10492.docx,batch02,abstract-ART000895661,P3b,qwen3-8b,ai,715
D10493.docx,batch02,abstract-ART000905401,P3b,qwen3-8b,ai,532
D10494.docx,batch02,abstract-ART000858823,P3b,qwen3-8b,ai,375
D10495.docx,batch02,abstract-ART000875762,P3b,qwen3-8b,ai,542
D10496.docx,batch02,abstract-ART000886277,P3b,qwen3-8b,ai,449
D10497.docx,batch02,abstract-ART000876624,P3b,qwen3-8b,ai,756
D10498.docx,batch02,abstract-ART002487263,P3b,qwen3-8b,ai,729
D10499.docx,batch02,abstract-ART000904981,P3b,qwen3-8b,ai,564
D10500.docx,batch02,abstract-ART000893945,P3b,qwen3-8b,ai,538
D10501.docx,batch02,abstract-ART002446570,P3b,qwen3-8b,ai,504
D10502.docx,batch02,abstract-ART000872166,P3b,qwen3-8b,ai,746
D10503.docx,batch02,abstract-ART001890470,P3b,qwen3-8b,ai,659
D10504.docx,batch02,abstract-ART000885513,P3b,qwen3-8b,ai,659
D10505.docx,batch02,abstract-ART000868400,P3b,qwen3-8b,ai,768
D10506.docx,batch02,abstract-ART000857577,P3b,qwen3-8b,ai,467
D10507.docx,batch02,abstract-ART000903054,P3b,qwen3-8b,ai,374
D10508.docx,batch02,abstract-ART000905866,P3b,qwen3-8b,ai,636
D10509.docx,batch02,abstract-ART000855228,P3b,qwen3-8b,ai,336
D10510.docx,batch02,abstract-ART000887274,P3b,qwen3-8b,ai,712
D10511.docx,batch02,abstract-ART000861422,P3b,qwen3-8b,ai,486
D10512.docx,batch02,abstract-ART000905485,P3b,qwen3-8b,ai,332
D10513.docx,batch02,abstract-ART000889470,P3b,qwen3-8b,ai,642
D10514.docx,batch02,abstract-ART000886192,P3b,qwen3-8b,ai,707
D10515.docx,batch02,abstract-ART000862360,P3b,qwen3-8b,ai,357
D10516.docx,batch02,abstract-ART001942365,P3b,qwen3-8b,ai,535
D10517.docx,batch02,abstract-ART000863206,P3b,qwen3-8b,ai,366
D10518.docx,batch02,abstract-ART000854676,P3b,qwen3-8b,ai,802
D10519.docx,batch02,abstract-ART000877105,P3b,qwen3-8b,ai,416
D10520.docx,batch02,abstract-ART002507079,P3b,qwen3-8b,ai,606
D10521.docx,batch02,abstract-ART002117941,P3b,qwen3-8b,ai,494
D10522.docx,batch02,abstract-ART000852428,P3b,qwen3-8b,ai,634
D10523.docx,batch02,abstract-ART000861031,P3b,qwen3-8b,ai,795
D10524.docx,batch02,abstract-ART000861512,P3b,qwen3-8b,ai,1057
D10525.docx,batch02,abstract-ART000888650,P3b,qwen3-8b,ai,484
D10526.docx,batch02,abstract-ART000880135,P3b,qwen3-8b,ai,404
D10527.docx,batch02,abstract-ART000861276,P3b,qwen3-8b,ai,564
D10528.docx,batch02,abstract-ART000851315,P3b,qwen3-8b,ai,529
D10529.docx,batch02,abstract-ART000905317,P3b,qwen3-8b,ai,623
D10530.docx,batch02,abstract-ART000900431,P3b,qwen3-8b,ai,732
D10531.docx,batch02,abstract-ART000869392,P3b,qwen3-8b,ai,921
D10532.docx,batch02,abstract-ART000879767,P3b,qwen3-8b,ai,410
D10533.docx,batch02,abstract-ART000873235,P3b,qwen3-8b,ai,423
D10534.docx,batch02,abstract-ART000885498,P3b,qwen3-8b,ai,373
D10535.docx,batch02,abstract-ART000893140,P3b,qwen3-8b,ai,347
D10536.docx,batch02,abstract-ART000875759,P3b,qwen3-8b,ai,737
D10537.docx,batch02,abstract-ART000851312,P3b,qwen3-8b,ai,718
D10538.docx,batch02,abstract-ART000856080,P3b,qwen3-8b,ai,418
D10539.docx,batch02,abstract-ART000862175,P3b,qwen3-8b,ai,354
D10540.docx,batch02,abstract-ART000878992,P3b,qwen3-8b,ai,684
D10541.docx,batch02,abstract-ART000886087,P3b,qwen3-8b,ai,588
D10542.docx,batch02,abstract-ART000851868,P3b,qwen3-8b,ai,620
D10543.docx,batch02,abstract-ART000905767,P3b,qwen3-8b,ai,333
D10544.docx,batch02,abstract-ART000873232,P3b,qwen3-8b,ai,435
D10545.docx,batch02,abstract-ART000869642,P3b,qwen3-8b,ai,390
D10546.docx,batch02,abstract-ART000874416,P3b,qwen3-8b,ai,1089
D10547.docx,batch02,abstract-ART000857852,P3b,qwen3-8b,ai,426
D10548.docx,batch02,abstract-ART000904416,P3b,qwen3-8b,ai,546
D10549.docx,batch02,abstract-ART000902768,P3b,qwen3-8b,ai,585
D10550.docx,batch02,abstract-ART000882819,P3b,qwen3-8b,ai,371
D10551.docx,batch02,abstract-ART000873152,P3b,qwen3-8b,ai,357
D10552.docx,batch02,abstract-ART000879978,P3b,qwen3-8b,ai,511
D10553.docx,batch02,abstract-ART000902735,P3b,qwen3-8b,ai,288
D10554.docx,batch02,abstract-ART000884105,P3b,qwen3-8b,ai,541
D10555.docx,batch02,abstract-ART000872259,P3b,qwen3-8b,ai,344
D10556.docx,batch02,abstract-ART000892695,P3b,qwen3-8b,ai,462
D10557.docx,batch02,abstract-ART000880254,P3b,qwen3-8b,ai,357
D10558.docx,batch02,abstract-ART000896724,P3b,qwen3-8b,ai,684
D10559.docx,batch02,abstract-ART000888134,P3b,qwen3-8b,ai,693
D10560.docx,batch02,abstract-ART000881311,P3b,qwen3-8b,ai,834
D10561.docx,batch02,abstract-ART000899728,P3b,qwen3-8b,ai,559
D10562.docx,batch02,abstract-ART000883915,P3b,qwen3-8b,ai,906
D10563.docx,batch02,abstract-ART000855224,P3b,qwen3-8b,ai,388
D10564.docx,batch02,abstract-ART000900144,P3b,qwen3-8b,ai,617
D10565.docx,batch02,abstract-ART002066365,P3b,qwen3-8b,ai,468
D10566.docx,batch02,abstract-ART000890648,P3b,qwen3-8b,ai,536
D10567.docx,batch02,abstract-ART000868165,P3b,qwen3-8b,ai,520
D10568.docx,batch02,abstract-ART001705835,P3b,qwen3-8b,ai,755
D10569.docx,batch02,abstract-ART001339205,P3b,qwen3-8b,ai,611
D10570.docx,batch02,abstract-ART000861746,P3b,qwen3-8b,ai,291
D10571.docx,batch02,abstract-ART000858808,P3b,qwen3-8b,ai,452
D10572.docx,batch02,abstract-ART000906355,P3b,qwen3-8b,ai,441
D10573.docx,batch02,abstract-ART000863203,P3b,qwen3-8b,ai,767
D10574.docx,batch02,abstract-ART000861780,P3b,qwen3-8b,ai,791
D10575.docx,batch02,abstract-ART000899675,P3b,qwen3-8b,ai,620
D10576.docx,batch02,abstract-ART000888118,P3b,qwen3-8b,ai,771
D10577.docx,batch02,abstract-ART000858034,P3b,qwen3-8b,ai,723
D10578.docx,batch02,abstract-ART000868418,P3b,qwen3-8b,ai,624
D10579.docx,batch02,abstract-ART000852536,P3b,qwen3-8b,ai,544
D10580.docx,batch02,abstract-ART000894828,P3b,qwen3-8b,ai,624
D10581.docx,batch02,abstract-ART002032674,P3b,qwen3-8b,ai,763
D10582.docx,batch02,abstract-ART000857862,P3b,qwen3-8b,ai,847
D10583.docx,batch02,abstract-ART000896501,P3b,qwen3-8b,ai,588
D10584.docx,batch02,abstract-ART001835843,P3b,qwen3-8b,ai,640
D10585.docx,batch02,abstract-ART000864472,P3b,qwen3-8b,ai,662
D10586.docx,batch02,abstract-ART000857310,P3b,qwen3-8b,ai,986
D10587.docx,batch02,abstract-ART000872258,P3b,qwen3-8b,ai,755
D10588.docx,batch02,abstract-ART002442173,P3b,qwen3-8b,ai,709
D10589.docx,batch02,abstract-ART000905551,P3b,qwen3-8b,ai,582
D10590.docx,batch02,abstract-ART000888498,P3b,qwen3-8b,ai,336
D10591.docx,batch02,abstract-ART000896199,P3b,qwen3-8b,ai,536
D10592.docx,batch02,abstract-ART000875324,P3b,qwen3-8b,ai,498
D10593.docx,batch02,abstract-ART000901046,P3b,qwen3-8b,ai,808
D10594.docx,batch02,abstract-ART000877000,P3b,qwen3-8b,ai,401
D10595.docx,batch02,abstract-ART000892731,P3b,qwen3-8b,ai,392
D10596.docx,batch02,abstract-ART000902778,P3b,qwen3-8b,ai,479
D10597.docx,batch02,abstract-ART000894730,P3b,qwen3-8b,ai,409
D10598.docx,batch02,abstract-ART000906529,P3b,qwen3-8b,ai,674
D10599.docx,batch02,abstract-ART000871096,P3b,qwen3-8b,ai,737
D10600.docx,batch02,abstract-ART000897661,P3b,qwen3-8b,ai,519
D10601.docx,batch02,abstract-ART000851507,P3b,qwen3-8b,ai,804
D10602.docx,batch02,abstract-ART002137090,P3b,qwen3-8b,ai,656
D10603.docx,batch02,abstract-ART000857375,P3b,qwen3-8b,ai,821
D10604.docx,batch02,abstract-ART000907095,P3b,qwen3-8b,ai,611
D10605.docx,batch02,abstract-ART001598636,P3b,qwen3-8b,ai,738
D10606.docx,batch02,abstract-ART000908016,P3b,qwen3-8b,ai,460
D10607.docx,batch02,abstract-ART002451940,P3b,qwen3-8b,ai,853
D10608.docx,batch02,abstract-ART000884453,P3b,qwen3-8b,ai,548
D10609.docx,batch02,abstract-ART000880384,P3b,qwen3-8b,ai,414
D10610.docx,batch02,abstract-ART000870194,P3b,qwen3-8b,ai,436
D10611.docx,batch02,abstract-ART001625954,P3b,qwen3-8b,ai,810
D10612.docx,batch02,abstract-ART000889175,P3b,qwen3-8b,ai,629
D10613.docx,batch02,abstract-ART000879184,P3b,qwen3-8b,ai,370
D10614.docx,batch02,abstract-ART000899348,P3b,qwen3-8b,ai,739
D10615.docx,batch02,abstract-ART000867300,P3b,qwen3-8b,ai,831
D10616.docx,batch02,abstract-ART000854110,P3b,qwen3-8b,ai,298
D10617.docx,batch02,abstract-ART000860994,P3b,qwen3-8b,ai,620
D10618.docx,batch02,abstract-ART000861853,P3b,qwen3-8b,ai,460
D10619.docx,batch02,abstract-ART000862109,P3b,qwen3-8b,ai,788
D10620.docx,batch02,abstract-ART000875451,P3b,qwen3-8b,ai,391
D10621.docx,batch02,abstract-ART000906228,P3b,qwen3-8b,ai,317
D10622.docx,batch02,abstract-ART000850841,P3b,qwen3-8b,ai,385
D10623.docx,batch02,abstract-ART000905602,P3b,qwen3-8b,ai,310
D10624.docx,batch02,abstract-ART000852893,P3b,qwen3-8b,ai,806
D10625.docx,batch02,abstract-ART000884783,P3b,qwen3-8b,ai,608
D10626.docx,batch02,abstract-ART001844896,P3b,qwen3-8b,ai,687
D10627.docx,batch02,abstract-ART000856072,P3b,qwen3-8b,ai,460
D10628.docx,batch02,abstract-ART000905413,P3b,qwen3-8b,ai,410
D10629.docx,batch02,abstract-ART000864834,P3b,qwen3-8b,ai,605
D10630.docx,batch02,abstract-ART000901255,P3b,qwen3-8b,ai,598
D10631.docx,batch02,abstract-ART000860719,P3b,qwen3-8b,ai,717
D10632.docx,batch02,abstract-ART000877322,P3b,qwen3-8b,ai,755
D10633.docx,batch02,abstract-ART000896295,P3b,qwen3-8b,ai,509
D10634.docx,batch02,abstract-ART000895511,P3b,qwen3-8b,ai,393
D10635.docx,batch02,abstract-ART000892095,P3b,qwen3-8b,ai,460
D10636.docx,batch02,abstract-ART001964114,P3b,qwen3-8b,ai,494
D10637.docx,batch02,abstract-ART000901520,P3b,qwen3-8b,ai,688
D10638.docx,batch02,abstract-ART000853012,P3b,qwen3-8b,ai,464
D10639.docx,batch02,abstract-ART000883931,P3b,qwen3-8b,ai,578
D10640.docx,batch02,abstract-ART000862777,P3b,qwen3-8b,ai,464
D10641.docx,batch02,abstract-ART000896549,P3b,qwen3-8b,ai,494
D10642.docx,batch02,abstract-ART001231439,P3b,qwen3-8b,ai,386
D10643.docx,batch02,abstract-ART002317998,P3b,qwen3-8b,ai,441
D10644.docx,batch02,abstract-ART000905158,P3b,qwen3-8b,ai,316
D10645.docx,batch02,abstract-ART000891800,P3b,qwen3-8b,ai,484
D10646.docx,batch02,abstract-ART002032252,P3b,qwen3-8b,ai,501
D10647.docx,batch02,abstract-ART000883492,P3b,qwen3-8b,ai,471
D10648.docx,batch02,abstract-ART002451943,P3b,qwen3-8b,ai,451
D10649.docx,batch02,abstract-ART002062357,P3b,qwen3-8b,ai,416
D10650.docx,batch02,abstract-ART000895421,P3b,qwen3-8b,ai,460
D10651.docx,batch02,abstract-ART001589683,P3b,qwen3-8b,ai,823
D10652.docx,batch02,abstract-ART000885496,P3b,qwen3-8b,ai,497
D10653.docx,batch02,abstract-ART002460842,P3b,qwen3-8b,ai,611
D10654.docx,batch02,abstract-ART000880807,P3b,qwen3-8b,ai,316
D10655.docx,batch02,abstract-ART000860332,P3b,qwen3-8b,ai,920
D10656.docx,batch02,abstract-ART000857582,P3b,qwen3-8b,ai,451
D10657.docx,batch02,abstract-ART000859546,P3b,qwen3-8b,ai,512
D10658.docx,batch02,abstract-ART000854281,P3b,qwen3-8b,ai,649
D10659.docx,batch02,abstract-ART000867490,P3b,qwen3-8b,ai,359
D10660.docx,batch02,abstract-ART001655361,P3b,qwen3-8b,ai,553
D10661.docx,batch02,abstract-ART000855226,P3b,qwen3-8b,ai,508
D10662.docx,batch02,abstract-ART000886719,P3b,qwen3-8b,ai,372
D10663.docx,batch02,abstract-ART000874684,P3b,qwen3-8b,ai,449
D10664.docx,batch02,abstract-ART000904770,P3b,qwen3-8b,ai,741
D10665.docx,batch02,abstract-ART000894172,P3b,qwen3-8b,ai,548
D10666.docx,batch02,abstract-ART000852637,P3b,qwen3-8b,ai,653
D10667.docx,batch02,abstract-ART002074809,P3b,qwen3-8b,ai,520
D10668.docx,batch02,abstract-ART001638072,P3b,qwen3-8b,ai,543
D10669.docx,batch02,abstract-ART000903172,P3b,qwen3-8b,ai,438
D10670.docx,batch02,abstract-ART001673588,P3b,qwen3-8b,ai,821
D10671.docx,batch02,abstract-ART000903807,P3b,qwen3-8b,ai,354
D10672.docx,batch02,abstract-ART000907105,P3b,qwen3-8b,ai,585
D10673.docx,batch02,abstract-ART000893255,P3b,qwen3-8b,ai,463
D10674.docx,batch02,abstract-ART000868051,P3b,qwen3-8b,ai,424
D10675.docx,batch02,abstract-ART000868183,P3b,qwen3-8b,ai,945
D10676.docx,batch02,abstract-ART000875028,P3b,qwen3-8b,ai,553
D10677.docx,batch02,abstract-ART001403654,P3b,qwen3-8b,ai,638
D10678.docx,batch02,abstract-ART000888512,P3b,qwen3-8b,ai,489
D10679.docx,batch02,abstract-ART000858227,P3b,qwen3-8b,ai,542
D10680.docx,batch02,abstract-ART001716315,P3b,qwen3-8b,ai,438
D10681.docx,batch02,abstract-ART000861268,P3b,qwen3-8b,ai,593
D10682.docx,batch02,abstract-ART000906499,P3b,qwen3-8b,ai,679
D10683.docx,batch02,abstract-ART000887937,P3b,qwen3-8b,ai,477
D10684.docx,batch02,abstract-ART002285982,P3b,qwen3-8b,ai,765
D10685.docx,batch02,abstract-ART002000963,P3b,qwen3-8b,ai,512
D10686.docx,batch02,abstract-ART000903231,P3b,qwen3-8b,ai,412
D10687.docx,batch02,abstract-ART000880360,P3b,qwen3-8b,ai,824
D10688.docx,batch02,abstract-ART000868197,P3b,qwen3-8b,ai,651
D10689.docx,batch02,abstract-ART000859065,P3b,qwen3-8b,ai,652
D10690.docx,batch02,abstract-ART000880044,P3b,qwen3-8b,ai,332
D10691.docx,batch02,abstract-ART000868511,P3b,qwen3-8b,ai,659
D10692.docx,batch02,abstract-ART000879963,P3b,qwen3-8b,ai,404
D10693.docx,batch02,abstract-ART000883398,P3b,qwen3-8b,ai,298
D10694.docx,batch02,abstract-ART000869373,P3b,qwen3-8b,ai,703
D10695.docx,batch02,abstract-ART000872893,P3b,qwen3-8b,ai,482
D10696.docx,batch02,abstract-ART000866797,P3b,qwen3-8b,ai,853
D10697.docx,batch02,abstract-ART000863191,P3b,qwen3-8b,ai,462
D10698.docx,batch02,abstract-ART002460384,P3b,qwen3-8b,ai,537
D10699.docx,batch02,abstract-ART000902389,P3b,qwen3-8b,ai,395
D10700.docx,batch02,abstract-ART000858229,P3b,qwen3-8b,ai,529
D10701.docx,batch02,abstract-ART000895554,P3b,qwen3-8b,ai,382
D10702.docx,batch02,abstract-ART000858569,P3b,qwen3-8b,ai,414
D10703.docx,batch02,abstract-ART000863530,P3b,qwen3-8b,ai,361
D10704.docx,batch02,abstract-ART000860557,P3b,qwen3-8b,ai,468
D10705.docx,batch02,abstract-ART000852547,P3b,qwen3-8b,ai,493
D10706.docx,batch02,abstract-ART002286033,P3b,qwen3-8b,ai,489
D10707.docx,batch02,abstract-ART000900075,P3b,qwen3-8b,ai,422
D10708.docx,batch02,abstract-ART000861989,P3b,qwen3-8b,ai,292
D10709.docx,batch02,abstract-ART000874916,P3b,qwen3-8b,ai,960
D10710.docx,batch02,abstract-ART000902644,P3b,qwen3-8b,ai,429
D10711.docx,batch02,abstract-ART000875015,P3b,qwen3-8b,ai,1177
D10712.docx,batch02,abstract-ART000892115,P3b,qwen3-8b,ai,393
D10713.docx,batch02,abstract-ART001844890,P3b,qwen3-8b,ai,622
D10714.docx,batch02,abstract-ART000863533,P3b,qwen3-8b,ai,430
D10715.docx,batch02,abstract-ART000901794,P3b,qwen3-8b,ai,493
D10716.docx,batch02,abstract-ART000891145,P3b,qwen3-8b,ai,765
D10717.docx,batch02,abstract-ART000894043,P3b,qwen3-8b,ai,399
D10718.docx,batch02,abstract-ART000892181,P3b,qwen3-8b,ai,506
D10719.docx,batch02,abstract-ART000858594,P3b,qwen3-8b,ai,730
D10720.docx,batch02,abstract-ART000872603,P3b,qwen3-8b,ai,574
D10721.docx,batch02,abstract-ART000856392,P3b,qwen3-8b,ai,561
D10722.docx,batch02,abstract-ART000903037,P3b,qwen3-8b,ai,447
D10723.docx,batch02,abstract-ART000896162,P3b,qwen3-8b,ai,366
D10724.docx,batch02,abstract-ART000852551,P3b,qwen3-8b,ai,432
D10725.docx,batch02,abstract-ART000860997,P3b,qwen3-8b,ai,1076
D10726.docx,batch02,abstract-ART000906090,P3b,qwen3-8b,ai,353
D10727.docx,batch02,abstract-ART000863876,P3b,qwen3-8b,ai,473
D10728.docx,batch02,abstract-ART000869189,P3b,qwen3-8b,ai,626
D10729.docx,batch02,abstract-ART000857673,P3b,qwen3-8b,ai,553
D10730.docx,batch02,abstract-ART000851872,P3b,qwen3-8b,ai,1002
D10731.docx,batch02,abstract-ART001872366,P3b,qwen3-8b,ai,522
D10732.docx,batch02,abstract-ART000901242,P3b,qwen3-8b,ai,573
D10733.docx,batch02,abstract-ART000904980,P3b,qwen3-8b,ai,364
D10734.docx,batch02,abstract-ART000874482,P3b,qwen3-8b,ai,682
D10735.docx,batch02,abstract-ART000890178,P3b,qwen3-8b,ai,565
D10736.docx,batch02,abstract-ART000873379,P3b,qwen3-8b,ai,813
D10737.docx,batch02,abstract-ART000908024,P3b,qwen3-8b,ai,374
D10738.docx,batch02,abstract-ART000875641,P3b,qwen3-8b,ai,783
D10739.docx,batch02,abstract-ART000889394,P3b,qwen3-8b,ai,353
D10740.docx,batch02,abstract-ART002061512,P3b,qwen3-8b,ai,384
D10741.docx,batch02,abstract-ART000901859,P3b,qwen3-8b,ai,418
D10742.docx,batch02,abstract-ART000868137,P3b,qwen3-8b,ai,523
D10743.docx,batch02,abstract-ART000905311,P3b,qwen3-8b,ai,399
D10744.docx,batch02,abstract-ART000893130,P3b,qwen3-8b,ai,552
D10745.docx,batch02,abstract-ART000892743,P3b,qwen3-8b,ai,1101
D10746.docx,batch02,abstract-ART000901427,P3b,qwen3-8b,ai,880
D10747.docx,batch02,abstract-ART000894175,P3b,qwen3-8b,ai,565
D10748.docx,batch02,abstract-ART000860881,P3b,qwen3-8b,ai,489
D10749.docx,batch02,abstract-ART000858855,P3b,qwen3-8b,ai,528
D10750.docx,batch02,abstract-ART000901318,P3b,qwen3-8b,ai,724
D10751.docx,batch02,abstract-ART000892680,P3b,qwen3-8b,ai,846
D10752.docx,batch02,abstract-ART000878553,P3b,qwen3-8b,ai,759
D10753.docx,batch02,abstract-ART000863707,P3b,qwen3-8b,ai,572
D10754.docx,batch02,abstract-ART000878550,P3b,qwen3-8b,ai,594
D10755.docx,batch02,abstract-ART000903490,P3b,qwen3-8b,ai,328
D10756.docx,batch02,abstract-ART000863199,P3b,qwen3-8b,ai,757
D10757.docx,batch02,abstract-ART000893839,P3b,qwen3-8b,ai,524
D10758.docx,batch02,abstract-ART000905933,P3b,qwen3-8b,ai,559
D10759.docx,batch02,abstract-ART000868943,P3b,qwen3-8b,ai,915
D10760.docx,batch02,abstract-ART000904427,P3b,qwen3-8b,ai,486
D10761.docx,batch02,abstract-ART000896164,P3b,qwen3-8b,ai,368
D10762.docx,batch02,abstract-ART000899672,P3b,qwen3-8b,ai,884
D10763.docx,batch02,abstract-ART000900701,P3b,qwen3-8b,ai,438
D10764.docx,batch02,abstract-ART000871655,P3b,qwen3-8b,ai,535
D10765.docx,batch02,abstract-ART000869222,P3b,qwen3-8b,ai,409
D10766.docx,batch02,abstract-ART000887762,P3b,qwen3-8b,ai,684
D10767.docx,batch02,abstract-ART002062911,P3b,qwen3-8b,ai,706
D10768.docx,batch02,abstract-ART001606090,P3b,qwen3-8b,ai,517
D10769.docx,batch02,abstract-ART000866031,P3b,qwen3-8b,ai,691
D10770.docx,batch02,abstract-ART000856399,P3b,qwen3-8b,ai,575
D10771.docx,batch02,abstract-ART001066910,P3b,qwen3-8b,ai,457
D10772.docx,batch02,abstract-ART000888488,P3b,qwen3-8b,ai,368
D10773.docx,batch02,abstract-ART002228864,P3b,qwen3-8b,ai,346
D10774.docx,batch02,abstract-ART000861940,P3b,qwen3-8b,ai,440
D10775.docx,batch02,abstract-ART002495734,P3b,qwen3-8b,ai,572
D10776.docx,batch02,abstract-ART000861421,P3b,qwen3-8b,ai,936
D10777.docx,batch02,abstract-ART000902810,P3b,qwen3-8b,ai,388
D10778.docx,batch02,abstract-ART000874761,P3b,qwen3-8b,ai,505
D10779.docx,batch02,abstract-ART000872341,P3b,qwen3-8b,ai,363
D10780.docx,batch02,abstract-ART000854698,P3b,qwen3-8b,ai,672
D10781.docx,batch02,abstract-ART001904147,P3b,qwen3-8b,ai,600
D10782.docx,batch02,abstract-ART000859659,P3b,qwen3-8b,ai,884
D10783.docx,batch02,abstract-ART000877006,P3b,qwen3-8b,ai,525
D10784.docx,batch02,abstract-ART000861048,P3b,qwen3-8b,ai,620
D10785.docx,batch02,abstract-ART000861757,P3b,qwen3-8b,ai,380
D10786.docx,batch02,abstract-ART000893070,P3b,qwen3-8b,ai,891
D10787.docx,batch02,abstract-ART000905570,P3b,qwen3-8b,ai,356
D10788.docx,batch02,abstract-ART000888929,P3b,qwen3-8b,ai,313
D10789.docx,batch02,abstract-ART000984523,P3b,qwen3-8b,ai,744
D10790.docx,batch02,abstract-ART001529690,P3b,qwen3-8b,ai,704
D10791.docx,batch02,abstract-ART000906492,P3b,qwen3-8b,ai,329
D10792.docx,batch02,abstract-ART000869797,P3b,qwen3-8b,ai,388
D10793.docx,batch02,abstract-ART000901986,P3b,qwen3-8b,ai,449
D10794.docx,batch02,abstract-ART000861615,P3b,qwen3-8b,ai,394
D10795.docx,batch02,abstract-ART000851170,P3b,qwen3-8b,ai,784
D10796.docx,batch02,abstract-ART000905999,P3b,qwen3-8b,ai,352
D10797.docx,batch02,abstract-ART001975547,P3b,qwen3-8b,ai,779
D10798.docx,batch02,abstract-ART000872103,P3b,qwen3-8b,ai,339
D10799.docx,batch02,abstract-ART000900904,P3b,qwen3-8b,ai,1054
D10800.docx,batch02,abstract-ART000898439,P3b,qwen3-8b,ai,636
D10801.docx,batch02,abstract-ART000904765,P3b,qwen3-8b,ai,563
D10802.docx,batch02,abstract-ART000880216,P3b,qwen3-8b,ai,490
D10803.docx,batch02,abstract-ART000884439,P3b,qwen3-8b,ai,694
D10804.docx,batch02,abstract-ART000873863,P3b,qwen3-8b,ai,575
D10805.docx,batch02,abstract-ART000869482,P3b,qwen3-8b,ai,1220
D10806.docx,batch02,abstract-ART001939115,P3b,qwen3-8b,ai,453
D10807.docx,batch02,abstract-ART000876823,P3b,qwen3-8b,ai,719
D10808.docx,batch02,abstract-ART000903788,P3b,qwen3-8b,ai,349
D10809.docx,batch02,abstract-ART001884958,P3b,qwen3-8b,ai,832
D10810.docx,batch02,abstract-ART000861133,P3b,qwen3-8b,ai,630
D10811.docx,batch02,abstract-ART000889318,P3b,qwen3-8b,ai,882
D10812.docx,batch02,abstract-ART000905312,P3b,qwen3-8b,ai,474
D10813.docx,batch02,abstract-ART000905824,P3b,qwen3-8b,ai,358
D10814.docx,batch02,abstract-ART000875541,P3b,qwen3-8b,ai,522
D10815.docx,batch02,abstract-ART000903568,P3b,qwen3-8b,ai,519
D10816.docx,batch02,abstract-ART001918301,P3b,qwen3-8b,ai,628
D10817.docx,batch02,abstract-ART000859446,P3b,qwen3-8b,ai,985
D10818.docx,batch02,abstract-ART000871836,P3b,qwen3-8b,ai,847
D10819.docx,batch02,abstract-ART000889763,P3b,qwen3-8b,ai,491
D10820.docx,batch02,abstract-ART000902225,P3b,qwen3-8b,ai,683
D10821.docx,batch02,abstract-ART000896191,P3b,qwen3-8b,ai,443
D10822.docx,batch02,abstract-ART000868534,P3b,qwen3-8b,ai,679
D10823.docx,batch02,abstract-ART001692849,P3b,qwen3-8b,ai,592
D10824.docx,batch02,abstract-ART002442850,P3b,qwen3-8b,ai,857
D10825.docx,batch02,abstract-ART001833890,P3b,qwen3-8b,ai,611
D10826.docx,batch02,abstract-ART002069297,P3b,qwen3-8b,ai,412
D10827.docx,batch02,abstract-ART002141366,P3b,qwen3-8b,ai,368
D10828.docx,batch02,abstract-ART000871802,P3b,qwen3-8b,ai,690
D10829.docx,batch02,abstract-ART000888735,P3b,qwen3-8b,ai,871
D10830.docx,batch02,abstract-ART000874750,P3b,qwen3-8b,ai,451
D10831.docx,batch02,abstract-ART000875864,P3b,qwen3-8b,ai,426
D10832.docx,batch02,abstract-ART001305207,P3b,qwen3-8b,ai,1178
D10833.docx,batch02,abstract-ART000880144,P3b,qwen3-8b,ai,482
D10834.docx,batch02,abstract-ART000880508,P3b,qwen3-8b,ai,770
D10835.docx,batch02,abstract-ART001173903,P3b,qwen3-8b,ai,459
D10836.docx,batch02,abstract-ART001532666,P3b,qwen3-8b,ai,542
D10837.docx,batch02,abstract-ART000885310,P3b,qwen3-8b,ai,436
D10838.docx,batch02,abstract-ART000852802,P3b,qwen3-8b,ai,416
D10839.docx,batch02,abstract-ART000856310,P3b,qwen3-8b,ai,430
D10840.docx,batch02,abstract-ART000906130,P3b,qwen3-8b,ai,607
D10841.docx,batch02,abstract-ART002093489,P3b,qwen3-8b,ai,691
D10842.docx,batch02,abstract-ART000873231,P3b,qwen3-8b,ai,340
D10843.docx,batch02,abstract-ART000860450,P3b,qwen3-8b,ai,554
D10844.docx,batch02,abstract-ART000861917,P3b,qwen3-8b,ai,344
D10845.docx,batch02,abstract-ART000890645,P3b,qwen3-8b,ai,385
D10846.docx,batch02,abstract-ART000893599,P3b,qwen3-8b,ai,733
D10847.docx,batch02,abstract-ART001484247,P3b,qwen3-8b,ai,570
D10848.docx,batch02,abstract-ART001962408,P3b,qwen3-8b,ai,419
D10849.docx,batch02,abstract-ART000876531,P3b,qwen3-8b,ai,425
D10850.docx,batch02,abstract-ART000898044,P3b,qwen3-8b,ai,368
D10851.docx,batch02,abstract-ART000886288,P3b,qwen3-8b,ai,401
D10852.docx,batch02,abstract-ART000902093,P3b,qwen3-8b,ai,547
D10853.docx,batch02,abstract-ART000891932,P3b,qwen3-8b,ai,424
D10854.docx,batch02,abstract-ART000869343,P3b,qwen3-8b,ai,374
D10855.docx,batch02,abstract-ART000899916,P3b,qwen3-8b,ai,478
D10856.docx,batch02,abstract-ART000872440,P3b,qwen3-8b,ai,644
D10857.docx,batch02,abstract-ART000872251,P3b,qwen3-8b,ai,642
D10858.docx,batch02,abstract-ART000893150,P3b,qwen3-8b,ai,806
D10859.docx,batch02,abstract-ART000852794,P3b,qwen3-8b,ai,594
D10860.docx,batch02,abstract-ART000895827,P3b,qwen3-8b,ai,542
D10861.docx,batch02,abstract-ART000867133,P3b,qwen3-8b,ai,620
D10862.docx,batch02,abstract-ART000903176,P3b,qwen3-8b,ai,398
D10863.docx,batch02,abstract-ART000896319,P3b,qwen3-8b,ai,403
D10864.docx,batch02,abstract-ART000868177,P3b,qwen3-8b,ai,917
D10865.docx,batch02,abstract-ART000874472,P3b,qwen3-8b,ai,605
D10866.docx,batch02,abstract-ART000900338,P3b,qwen3-8b,ai,564
D10867.docx,batch02,abstract-ART000852043,P3b,qwen3-8b,ai,636
D10868.docx,batch02,abstract-ART000898989,P3b,qwen3-8b,ai,743
D10869.docx,batch02,abstract-ART000905603,P3b,qwen3-8b,ai,460
D10870.docx,batch02,abstract-ART000894618,P3b,qwen3-8b,ai,495
D10871.docx,batch02,abstract-ART001942374,P3b,qwen3-8b,ai,473
D10872.docx,batch02,abstract-ART000868528,P3b,qwen3-8b,ai,843
D10873.docx,batch02,abstract-ART000875086,P3b,qwen3-8b,ai,664
D10874.docx,batch02,abstract-ART000872171,P3b,qwen3-8b,ai,548
D10875.docx,batch02,abstract-ART001669830,P3b,qwen3-8b,ai,657
D10876.docx,batch02,abstract-ART000898321,P3b,qwen3-8b,ai,1192
D10877.docx,batch02,abstract-ART000882836,P3b,qwen3-8b,ai,367
D10878.docx,batch02,abstract-ART000903273,P3b,qwen3-8b,ai,388
D10879.docx,batch02,abstract-ART000863551,P3b,qwen3-8b,ai,464
D10880.docx,batch02,abstract-ART000867757,P3b,qwen3-8b,ai,460
D10881.docx,batch02,abstract-ART002266388,P3b,qwen3-8b,ai,545
D10882.docx,batch02,abstract-ART001669834,P3b,qwen3-8b,ai,608
D10883.docx,batch02,abstract-ART000856297,P3b,qwen3-8b,ai,642
D10884.docx,batch02,abstract-ART000903487,P3b,qwen3-8b,ai,489
D10885.docx,batch02,abstract-ART000861114,P3b,qwen3-8b,ai,764
D10886.docx,batch02,abstract-ART000895654,P3b,qwen3-8b,ai,357
D10887.docx,batch02,abstract-ART002147927,P3b,qwen3-8b,ai,447
D10888.docx,batch02,abstract-ART000900870,P3b,qwen3-8b,ai,671
D10889.docx,batch02,abstract-ART000903562,P3b,qwen3-8b,ai,638
D10890.docx,batch02,abstract-ART000873230,P3b,qwen3-8b,ai,405
D10891.docx,batch02,abstract-ART000895407,P3b,qwen3-8b,ai,601
D10892.docx,batch02,abstract-ART000900682,P3b,qwen3-8b,ai,449
D10893.docx,batch02,abstract-ART000900256,P3b,qwen3-8b,ai,406
D10894.docx,batch02,abstract-ART000852264,P3b,qwen3-8b,ai,949
D10895.docx,batch02,abstract-ART000861147,P3b,qwen3-8b,ai,487
D10896.docx,batch02,abstract-ART000901864,P3b,qwen3-8b,ai,644
D10897.docx,batch02,abstract-ART000873008,P3b,qwen3-8b,ai,510
D10898.docx,batch02,abstract-ART001447588,P3b,qwen3-8b,ai,579
D10899.docx,batch02,abstract-ART000863118,P3b,qwen3-8b,ai,494
D10900.docx,batch02,abstract-ART000901124,P3b,qwen3-8b,ai,663
D10901.docx,batch02,abstract-ART000869403,P3b,qwen3-8b,ai,665
D10902.docx,batch02,abstract-ART000868279,P3b,qwen3-8b,ai,396
D10903.docx,batch02,abstract-ART000893068,P3b,qwen3-8b,ai,454
D10904.docx,batch02,abstract-ART000903658,P3b,qwen3-8b,ai,634
D10905.docx,batch02,abstract-ART002482794,P3b,qwen3-8b,ai,592
D10906.docx,batch02,abstract-ART001304329,P3b,qwen3-8b,ai,673
D10907.docx,batch02,abstract-ART000906123,P3b,qwen3-8b,ai,548
D10908.docx,batch02,abstract-ART000893758,P3b,qwen3-8b,ai,454
D10909.docx,batch02,abstract-ART000899258,P3b,qwen3-8b,ai,332
D10910.docx,batch02,abstract-ART000881873,P3b,qwen3-8b,ai,699
D10911.docx,batch02,abstract-ART000893245,P3b,qwen3-8b,ai,342
D10912.docx,batch02,abstract-ART000897558,P3b,qwen3-8b,ai,658
D10913.docx,batch02,abstract-ART000852085,P3b,qwen3-8b,ai,512
D10914.docx,batch02,abstract-ART000861141,P3b,qwen3-8b,ai,499
D10915.docx,batch02,abstract-ART000864286,P3b,qwen3-8b,ai,957
D10916.docx,batch02,abstract-ART000896235,P3b,qwen3-8b,ai,487
D10917.docx,batch02,abstract-ART002494890,P3b,qwen3-8b,ai,687
D10918.docx,batch02,abstract-ART000880548,P3b,qwen3-8b,ai,568
D10919.docx,batch02,abstract-ART000891626,P3b,qwen3-8b,ai,681
D10920.docx,batch02,abstract-ART000892092,P3b,qwen3-8b,ai,744
D10921.docx,batch02,abstract-ART000902161,P3b,qwen3-8b,ai,739
D10922.docx,batch02,abstract-ART000863467,P3b,qwen3-8b,ai,374
D10923.docx,batch02,abstract-ART000901795,P3b,qwen3-8b,ai,639
D10924.docx,batch02,abstract-ART000861055,P3b,qwen3-8b,ai,511
D10925.docx,batch02,abstract-ART000905161,P3b,qwen3-8b,ai,423
D10926.docx,batch02,abstract-ART001338631,P3b,qwen3-8b,ai,539
D10927.docx,batch02,abstract-ART000907170,P3b,qwen3-8b,ai,618
D10928.docx,batch02,abstract-ART000888626,P3b,qwen3-8b,ai,757
D10929.docx,batch02,abstract-ART000901743,P3b,qwen3-8b,ai,660
D10930.docx,batch02,abstract-ART000868088,P3b,qwen3-8b,ai,764
D10931.docx,batch02,abstract-ART000883341,P3b,qwen3-8b,ai,1036
D10932.docx,batch02,abstract-ART000867660,P3b,qwen3-8b,ai,413
D10933.docx,batch02,abstract-ART000852424,P3b,qwen3-8b,ai,987
D10934.docx,batch02,abstract-ART001673576,P3b,qwen3-8b,ai,336
D10935.docx,batch02,abstract-ART000908154,P3b,qwen3-8b,ai,1044
D10936.docx,batch02,abstract-ART000905156,P3b,qwen3-8b,ai,407
D10937.docx,batch02,abstract-ART000857578,P3b,qwen3-8b,ai,546
D10938.docx,batch02,abstract-ART002502699,P3b,qwen3-8b,ai,892
D10939.docx,batch02,abstract-ART000868200,P3b,qwen3-8b,ai,528
D10940.docx,batch02,abstract-ART000888907,P3b,qwen3-8b,ai,347
D10941.docx,batch02,abstract-ART000884059,P3b,qwen3-8b,ai,592
D10942.docx,batch02,abstract-ART000852094,P3b,qwen3-8b,ai,329
D10943.docx,batch02,abstract-ART002507578,P3b,qwen3-8b,ai,427
D10944.docx,batch02,abstract-ART001836385,P3b,qwen3-8b,ai,532
D10945.docx,batch02,abstract-ART000906313,P3b,qwen3-8b,ai,527
D10946.docx,batch02,abstract-ART000904706,P3b,qwen3-8b,ai,426
D10947.docx,batch02,abstract-ART000866956,P3b,qwen3-8b,ai,464
D10948.docx,batch02,abstract-ART000852553,P3b,qwen3-8b,ai,392
D10949.docx,batch02,abstract-ART000900335,P3b,qwen3-8b,ai,512
D10950.docx,batch02,abstract-ART000886667,P3b,qwen3-8b,ai,1143
D10951.docx,batch02,abstract-ART000865139,P3b,qwen3-8b,ai,503
D10952.docx,batch02,abstract-ART000858942,P3b,qwen3-8b,ai,553
D10953.docx,batch02,abstract-ART000897656,P3b,qwen3-8b,ai,703
D10954.docx,batch02,abstract-ART000868929,P3b,qwen3-8b,ai,364
D10955.docx,batch02,abstract-ART000864269,P3b,qwen3-8b,ai,626
D10956.docx,batch02,abstract-ART000865792,P3b,qwen3-8b,ai,363
D10957.docx,batch02,abstract-ART000861770,P3b,qwen3-8b,ai,621
D10958.docx,batch02,abstract-ART000884622,P3b,qwen3-8b,ai,585
D10959.docx,batch02,abstract-ART000854194,P3b,qwen3-8b,ai,282
D10960.docx,batch02,abstract-ART001210435,P3b,qwen3-8b,ai,521
D10961.docx,batch02,abstract-ART000874692,P3b,qwen3-8b,ai,478
D10962.docx,batch02,abstract-ART001895642,P3b,qwen3-8b,ai,418
D10963.docx,batch02,abstract-ART000879181,P3b,qwen3-8b,ai,544
D10964.docx,batch02,abstract-ART000867241,P3b,qwen3-8b,ai,579
D10965.docx,batch02,abstract-ART002068190,P3b,qwen3-8b,ai,1049
D10966.docx,batch02,abstract-ART000885129,P3b,qwen3-8b,ai,376
D10967.docx,batch02,abstract-ART001734609,P3b,qwen3-8b,ai,441
D10968.docx,batch02,abstract-ART000868105,P3b,qwen3-8b,ai,858
D10969.docx,batch02,abstract-ART000852084,P3b,qwen3-8b,ai,515
D10970.docx,batch02,abstract-ART000880938,P3b,qwen3-8b,ai,970
D10971.docx,batch02,abstract-ART000905896,P3b,qwen3-8b,ai,564
D10972.docx,batch02,abstract-ART000877766,P3b,qwen3-8b,ai,354
D10973.docx,batch02,abstract-ART000866859,P3b,qwen3-8b,ai,681
D10974.docx,batch02,abstract-ART001728305,P3b,qwen3-8b,ai,620
D10975.docx,batch02,abstract-ART000899426,P3b,qwen3-8b,ai,748
D10976.docx,batch02,abstract-ART002582620,P3b,qwen3-8b,ai,589
D10977.docx,batch02,abstract-ART000889754,P3b,qwen3-8b,ai,406
D10978.docx,batch02,abstract-ART000859130,P3b,qwen3-8b,ai,486
D10979.docx,batch02,abstract-ART000867471,P3b,qwen3-8b,ai,353
D10980.docx,batch02,abstract-ART000878864,P3b,qwen3-8b,ai,952
D10981.docx,batch02,abstract-ART000874695,P3b,qwen3-8b,ai,559
D10982.docx,batch02,abstract-ART001585908,P3b,qwen3-8b,ai,531
D10983.docx,batch02,abstract-ART000870214,P3b,qwen3-8b,ai,984
D10984.docx,batch02,abstract-ART000869478,P3b,qwen3-8b,ai,923
D10985.docx,batch02,abstract-ART002546414,P3b,qwen3-8b,ai,776
D10986.docx,batch02,abstract-ART000855982,P3b,qwen3-8b,ai,1124
D10987.docx,batch02,abstract-ART000902964,P3b,qwen3-8b,ai,283
D10988.docx,batch02,abstract-ART001962488,P3b,qwen3-8b,ai,553
D10989.docx,batch02,abstract-ART000903552,P3b,qwen3-8b,ai,736
D10990.docx,batch02,abstract-ART000872899,P3b,qwen3-8b,ai,660
D10991.docx,batch02,abstract-ART000869491,P3b,qwen3-8b,ai,666
D10992.docx,batch02,abstract-ART000877501,P3b,qwen3-8b,ai,320
D10993.docx,batch02,abstract-ART000875649,P3b,qwen3-8b,ai,724
D10994.docx,batch02,abstract-ART000863524,P3b,qwen3-8b,ai,534
D10995.docx,batch02,abstract-ART000885870,P3b,qwen3-8b,ai,610
D10996.docx,batch02,abstract-ART000881403,P3b,qwen3-8b,ai,581
D10997.docx,batch02,abstract-ART000883414,P3b,qwen3-8b,ai,485
D10998.docx,batch02,abstract-ART000879977,P3b,qwen3-8b,ai,413
D10999.docx,batch02,abstract-ART000896316,P3b,qwen3-8b,ai,413
D11000.docx,batch02,abstract-ART001424854,P3b,qwen3-8b,ai,357
D11001.docx,batch02,abstract-ART000902253,P3b,qwen3-8b,ai,747
D11002.docx,batch02,abstract-ART000885954,P3b,qwen3-8b,ai,341
D11003.docx,batch02,abstract-ART002156594,P3b,qwen3-8b,ai,788
D11004.docx,batch02,abstract-ART000894098,P3b,qwen3-8b,ai,426
D11005.docx,batch02,abstract-ART001789416,P3b,qwen3-8b,ai,523
D11006.docx,batch02,abstract-ART000869544,P3b,qwen3-8b,ai,845
D11007.docx,batch02,abstract-ART000890255,P3b,qwen3-8b,ai,776
D11008.docx,batch02,abstract-ART000903580,P3b,qwen3-8b,ai,604
D11009.docx,batch02,abstract-ART002031410,P3b,qwen3-8b,ai,648
D11010.docx,batch02,abstract-ART000871253,P3b,qwen3-8b,ai,366
D11011.docx,batch02,abstract-ART000868592,P3b,qwen3-8b,ai,1129
D11012.docx,batch02,abstract-ART000863532,P3b,qwen3-8b,ai,326
D11013.docx,batch02,abstract-ART001400151,P3b,qwen3-8b,ai,483
D11014.docx,batch02,abstract-ART000875651,P3b,qwen3-8b,ai,765
D11015.docx,batch02,abstract-ART000897651,P3b,qwen3-8b,ai,733
D11016.docx,batch02,abstract-ART001653289,P3b,qwen3-8b,ai,651
D11017.docx,batch02,abstract-ART000893138,P3b,qwen3-8b,ai,365
D11018.docx,batch02,abstract-ART000885172,P3b,qwen3-8b,ai,493
D11019.docx,batch02,abstract-ART001831594,P3b,qwen3-8b,ai,516
D11020.docx,batch02,abstract-ART000903022,P3b,qwen3-8b,ai,436
D11021.docx,batch02,abstract-ART002066369,P3b,qwen3-8b,ai,499
D11022.docx,batch02,abstract-ART000884534,P3b,qwen3-8b,ai,748
D11023.docx,batch02,abstract-ART000904241,P3b,qwen3-8b,ai,412
D11024.docx,batch02,abstract-ART000864441,P3b,qwen3-8b,ai,715
D11025.docx,batch02,abstract-ART002503564,P3b,qwen3-8b,ai,462
D11026.docx,batch02,abstract-ART000870052,P3b,qwen3-8b,ai,651
D11027.docx,batch02,abstract-ART000858486,P3b,qwen3-8b,ai,684
D11028.docx,batch02,abstract-ART000888978,P3b,qwen3-8b,ai,378
D11029.docx,batch02,abstract-ART000905956,P3b,qwen3-8b,ai,543
D11030.docx,batch02,abstract-ART000889381,P3b,qwen3-8b,ai,535
D11031.docx,batch02,abstract-ART000885206,P3b,qwen3-8b,ai,940
D11032.docx,batch02,abstract-ART001529582,P3b,qwen3-8b,ai,512
D11033.docx,batch02,abstract-ART000861515,P3b,qwen3-8b,ai,266
D11034.docx,batch02,abstract-ART000904967,P3b,qwen3-8b,ai,437
D11035.docx,batch02,abstract-ART001898130,P3b,qwen3-8b,ai,731
D11036.docx,batch02,abstract-ART001834281,P3b,qwen3-8b,ai,1013
D11037.docx,batch02,abstract-ART000889169,P3b,qwen3-8b,ai,408
D11038.docx,batch02,abstract-ART000903506,P3b,qwen3-8b,ai,371
D11039.docx,batch02,abstract-ART000902187,P3b,qwen3-8b,ai,870
D11040.docx,batch02,abstract-ART000868103,P3b,qwen3-8b,ai,593
D11041.docx,batch02,abstract-ART000878296,P3b,qwen3-8b,ai,513
D11042.docx,batch02,abstract-ART000886110,P3b,qwen3-8b,ai,602
D11043.docx,batch02,abstract-ART000899264,P3b,qwen3-8b,ai,426
D11044.docx,batch02,abstract-ART000858579,P3b,qwen3-8b,ai,722
D11045.docx,batch02,abstract-ART000884063,P3b,qwen3-8b,ai,672
D11046.docx,batch02,abstract-ART000905728,P3b,qwen3-8b,ai,512
D11047.docx,batch02,abstract-ART000896321,P3b,qwen3-8b,ai,353
D11048.docx,batch02,abstract-ART000900360,P3b,qwen3-8b,ai,598
D11049.docx,batch02,abstract-ART000884184,P3b,qwen3-8b,ai,679
D11050.docx,batch02,abstract-ART000899846,P3b,qwen3-8b,ai,748
D11051.docx,batch02,abstract-ART001942982,P3b,qwen3-8b,ai,600
D11052.docx,batch02,abstract-ART000858862,P3b,qwen3-8b,ai,323
D11053.docx,batch02,abstract-ART000884321,P3b,qwen3-8b,ai,725
D11054.docx,batch02,abstract-ART000882834,P3b,qwen3-8b,ai,457
D11055.docx,batch02,abstract-ART002002331,P3b,qwen3-8b,ai,689
D11056.docx,batch02,abstract-ART001368797,P3b,qwen3-8b,ai,813
D11057.docx,batch02,abstract-ART000864733,P3b,qwen3-8b,ai,348
D11058.docx,batch02,abstract-ART001746661,P3b,qwen3-8b,ai,538
D11059.docx,batch02,abstract-ART001917107,P3b,qwen3-8b,ai,463
D11060.docx,batch02,abstract-ART002446567,P3b,qwen3-8b,ai,899
D11061.docx,batch02,abstract-ART000880207,P3b,qwen3-8b,ai,392
D11062.docx,batch02,abstract-ART001834289,P3b,qwen3-8b,ai,655
D11063.docx,batch02,abstract-ART000878301,P3b,qwen3-8b,ai,391
D11064.docx,batch02,abstract-ART000858592,P3b,qwen3-8b,ai,1064
D11065.docx,batch02,abstract-ART000861673,P3b,qwen3-8b,ai,358
D11066.docx,batch02,abstract-ART000857580,P3b,qwen3-8b,ai,375
D11067.docx,batch02,abstract-ART000889010,P3b,qwen3-8b,ai,388
D11068.docx,batch02,abstract-ART000899283,P3b,qwen3-8b,ai,387
D11069.docx,batch02,abstract-ART000888221,P3b,qwen3-8b,ai,605
D11070.docx,batch02,abstract-ART002019247,P3b,qwen3-8b,ai,497
D11071.docx,batch02,abstract-ART000862583,P3b,qwen3-8b,ai,557
D11072.docx,batch02,abstract-ART001872456,P3b,qwen3-8b,ai,557
D11073.docx,batch02,abstract-ART000864743,P3b,qwen3-8b,ai,1206
D11074.docx,batch02,abstract-ART000877187,P3b,qwen3-8b,ai,409
D11075.docx,batch02,abstract-ART000886272,P3b,qwen3-8b,ai,426
D11076.docx,batch02,abstract-ART000865045,P3b,qwen3-8b,ai,663
D11077.docx,batch02,abstract-ART000864108,P3b,qwen3-8b,ai,724
D11078.docx,batch02,abstract-ART000878999,P3b,qwen3-8b,ai,321
D11079.docx,batch02,abstract-ART000863360,P3b,qwen3-8b,ai,329
D11080.docx,batch02,abstract-ART000902196,P3b,qwen3-8b,ai,573
D11081.docx,batch02,abstract-ART000905769,P3b,qwen3-8b,ai,617
D11082.docx,batch02,abstract-ART000863627,P3b,qwen3-8b,ai,390
D11083.docx,batch02,abstract-ART000862393,P3b,qwen3-8b,ai,376
D11084.docx,batch02,abstract-ART000892612,P3b,qwen3-8b,ai,520
D11085.docx,batch02,abstract-ART000867537,P3b,qwen3-8b,ai,768
D11086.docx,batch02,abstract-ART000852635,P3b,qwen3-8b,ai,348
D11087.docx,batch02,abstract-ART000864532,P3b,qwen3-8b,ai,372
D11088.docx,batch02,abstract-ART000872205,P3b,qwen3-8b,ai,843
D11089.docx,batch02,abstract-ART000896503,P3b,qwen3-8b,ai,329
D11090.docx,batch02,abstract-ART000891897,P3b,qwen3-8b,ai,731
D11091.docx,batch02,abstract-ART002350225,P3b,qwen3-8b,ai,776
D11092.docx,batch02,abstract-ART000876984,P3b,qwen3-8b,ai,716
D11093.docx,batch02,abstract-ART000895998,P3b,qwen3-8b,ai,435
D11094.docx,batch02,abstract-ART000891872,P3b,qwen3-8b,ai,466
D11095.docx,batch02,abstract-ART000903578,P3b,qwen3-8b,ai,518
D11096.docx,batch02,abstract-ART000888873,P3b,qwen3-8b,ai,287
D11097.docx,batch02,abstract-ART000875327,P3b,qwen3-8b,ai,1100
D11098.docx,batch02,abstract-ART000878021,P3b,qwen3-8b,ai,987
D11099.docx,batch02,abstract-ART000895610,P3b,qwen3-8b,ai,936
D11100.docx,batch02,abstract-ART000896241,P3b,qwen3-8b,ai,455
D11101.docx,batch02,abstract-ART000899177,P3b,qwen3-8b,ai,491
D11102.docx,batch02,abstract-ART001649876,P3b,qwen3-8b,ai,994
D11103.docx,batch02,abstract-ART000885360,P3b,qwen3-8b,ai,664
D11104.docx,batch02,abstract-ART001890523,P3b,qwen3-8b,ai,738
D11105.docx,batch02,abstract-ART000890252,P3b,qwen3-8b,ai,441
D11106.docx,batch02,abstract-ART000878889,P3b,qwen3-8b,ai,724
D11107.docx,batch02,abstract-ART000860721,P3b,qwen3-8b,ai,544
D11108.docx,batch02,abstract-ART000851557,P3b,qwen3-8b,ai,442
D11109.docx,batch02,abstract-ART000900323,P3b,qwen3-8b,ai,344
D11110.docx,batch02,abstract-ART000903569,P3b,qwen3-8b,ai,643
D11111.docx,batch02,abstract-ART000906262,P3b,qwen3-8b,ai,258
D11112.docx,batch02,abstract-ART000886977,P3b,qwen3-8b,ai,443
D11113.docx,batch02,abstract-ART000875760,P3b,qwen3-8b,ai,490
D11114.docx,batch02,abstract-ART000900077,P3b,qwen3-8b,ai,900
D11115.docx,batch02,abstract-ART000858630,P3b,qwen3-8b,ai,805
D11116.docx,batch02,abstract-ART000863868,P3b,qwen3-8b,ai,514
D11117.docx,batch02,abstract-ART000890171,P3b,qwen3-8b,ai,477
D11118.docx,batch02,abstract-ART000872867,P3b,qwen3-8b,ai,765
D11119.docx,batch02,abstract-ART000851944,P3b,qwen3-8b,ai,550
D11120.docx,batch02,abstract-ART000883642,P3b,qwen3-8b,ai,823
D11121.docx,batch02,abstract-ART002453093,P3b,qwen3-8b,ai,407
D11122.docx,batch02,abstract-ART000851947,P3b,qwen3-8b,ai,592
D11123.docx,batch02,abstract-ART000861785,P3b,qwen3-8b,ai,712
D11124.docx,batch02,abstract-ART000894739,P3b,qwen3-8b,ai,361
D11125.docx,batch02,abstract-ART000852101,P3b,qwen3-8b,ai,815
D11126.docx,batch02,abstract-ART000874567,P3b,qwen3-8b,ai,616
D11127.docx,batch02,abstract-ART000893676,P3b,qwen3-8b,ai,470
D11128.docx,batch02,abstract-ART000856079,P3b,qwen3-8b,ai,319
D11129.docx,batch02,abstract-ART000877420,P3b,qwen3-8b,ai,340
D11130.docx,batch02,abstract-ART000885607,P3b,qwen3-8b,ai,485
D11131.docx,batch02,abstract-ART000860338,P3b,qwen3-8b,ai,540
D11132.docx,batch02,abstract-ART000856059,P3b,qwen3-8b,ai,659
D11133.docx,batch02,abstract-ART000863078,P3b,qwen3-8b,ai,542
D11134.docx,batch02,abstract-ART000906143,P3b,qwen3-8b,ai,397
D11135.docx,batch02,abstract-ART000889268,P3b,qwen3-8b,ai,699
D11136.docx,batch02,abstract-ART000868539,P3b,qwen3-8b,ai,660
D11137.docx,batch02,abstract-ART000902637,P3b,qwen3-8b,ai,358
D11138.docx,batch02,abstract-ART000895479,P3b,qwen3-8b,ai,669
D11139.docx,batch02,abstract-ART000891871,P3b,qwen3-8b,ai,460
D11140.docx,batch02,abstract-ART000904249,P3b,qwen3-8b,ai,378
D11141.docx,batch02,abstract-ART002066356,P3b,qwen3-8b,ai,474
D11142.docx,batch02,abstract-ART002350323,P3b,qwen3-8b,ai,429
D11143.docx,batch02,abstract-ART000862576,P3b,qwen3-8b,ai,360
D11144.docx,batch02,abstract-ART000906332,P3b,qwen3-8b,ai,378
D11145.docx,batch02,abstract-ART001876056,P3b,qwen3-8b,ai,497
D11146.docx,batch02,abstract-ART000869232,P3b,qwen3-8b,ai,466
D11147.docx,batch02,abstract-ART000896328,P3b,qwen3-8b,ai,510
D11148.docx,batch02,abstract-ART000905162,P3b,qwen3-8b,ai,427
D11149.docx,batch02,abstract-ART000869466,P3b,qwen3-8b,ai,747
D11150.docx,batch02,abstract-ART000854658,P3b,qwen3-8b,ai,597
D11151.docx,batch02,abstract-ART000893948,P3b,qwen3-8b,ai,331
D11152.docx,batch02,abstract-ART000896083,P3b,qwen3-8b,ai,434
D11153.docx,batch02,abstract-ART000865177,P3b,qwen3-8b,ai,568
D11154.docx,batch02,abstract-ART000852265,P3b,qwen3-8b,ai,1101
D11155.docx,batch02,abstract-ART000870013,P3b,qwen3-8b,ai,388
D11156.docx,batch02,abstract-ART000903583,P3b,qwen3-8b,ai,423
D11157.docx,batch02,abstract-ART000858406,P3b,qwen3-8b,ai,656
D11158.docx,batch02,abstract-ART000861121,P3b,qwen3-8b,ai,754
D11159.docx,batch02,abstract-ART000872786,P3b,qwen3-8b,ai,676
D11160.docx,batch02,abstract-ART000900861,P3b,qwen3-8b,ai,446
D11161.docx,batch02,abstract-ART000900110,P3b,qwen3-8b,ai,730
D11162.docx,batch02,abstract-ART000854168,P3b,qwen3-8b,ai,638
D11163.docx,batch02,abstract-ART000861668,P3b,qwen3-8b,ai,381
D11164.docx,batch02,abstract-ART001509907,P3b,qwen3-8b,ai,676
D11165.docx,batch02,abstract-ART000905149,P3b,qwen3-8b,ai,366
D11166.docx,batch02,abstract-ART000908019,P3b,qwen3-8b,ai,695
D11167.docx,batch02,abstract-ART001716275,P3b,qwen3-8b,ai,371
D11168.docx,batch02,abstract-ART000852107,P3b,qwen3-8b,ai,310
D11169.docx,batch02,abstract-ART000851860,P3b,qwen3-8b,ai,574
D11170.docx,batch02,abstract-ART000869543,P3b,qwen3-8b,ai,542
D11171.docx,batch02,abstract-ART000868119,P3b,qwen3-8b,ai,346
D11172.docx,batch02,abstract-ART000852505,P3b,qwen3-8b,ai,1099
D11173.docx,batch02,abstract-ART000854096,P3b,qwen3-8b,ai,405
D11174.docx,batch02,abstract-ART000894133,P3b,qwen3-8b,ai,402
D11175.docx,batch02,abstract-ART000889546,P3b,qwen3-8b,ai,485
D11176.docx,batch02,abstract-ART000868254,P3b,qwen3-8b,ai,470
D11177.docx,batch02,abstract-ART000901114,P3b,qwen3-8b,ai,1059
D11178.docx,batch02,abstract-ART000873556,P3b,qwen3-8b,ai,437
D11179.docx,batch02,abstract-ART000881399,P3b,qwen3-8b,ai,735
D11180.docx,batch02,abstract-ART000907101,P3b,qwen3-8b,ai,704
D11181.docx,batch02,abstract-ART000906613,P3b,qwen3-8b,ai,684
D11182.docx,batch02,abstract-ART000872433,P3b,qwen3-8b,ai,450
D11183.docx,batch02,abstract-ART000868156,P3b,qwen3-8b,ai,994
D11184.docx,batch02,abstract-ART000903092,P3b,qwen3-8b,ai,413
D11185.docx,batch02,abstract-ART000864456,P3b,qwen3-8b,ai,784
D11186.docx,batch02,abstract-ART000890329,P3b,qwen3-8b,ai,503
D11187.docx,batch02,abstract-ART002320055,P3b,qwen3-8b,ai,615
D11188.docx,batch02,abstract-ART002582619,P3b,qwen3-8b,ai,780
D11189.docx,batch02,abstract-ART000868248,P3b,qwen3-8b,ai,490
D11190.docx,batch02,abstract-ART000852642,P3b,qwen3-8b,ai,362
D11191.docx,batch02,abstract-ART000854122,P3b,qwen3-8b,ai,549
D11192.docx,batch02,abstract-ART000871097,P3b,qwen3-8b,ai,408
D11193.docx,batch02,abstract-ART000879967,P3b,qwen3-8b,ai,516
D11194.docx,batch02,abstract-ART000878297,P3b,qwen3-8b,ai,408
D11195.docx,batch02,abstract-ART000864808,P3b,qwen3-8b,ai,669
D11196.docx,batch02,abstract-ART001343467,P3b,qwen3-8b,ai,850
D11197.docx,batch02,abstract-ART000904942,P3b,qwen3-8b,ai,403
D11198.docx,batch02,abstract-ART000892967,P3b,qwen3-8b,ai,249
D11199.docx,batch02,abstract-ART000874459,P3b,qwen3-8b,ai,862
D11200.docx,batch02,abstract-ART000881699,P3b,qwen3-8b,ai,314
D11201.docx,batch02,abstract-ART002214524,P3b,qwen3-8b,ai,450
D11202.docx,batch02,abstract-ART000897274,P3b,qwen3-8b,ai,418
D11203.docx,batch02,abstract-ART000878302,P3b,qwen3-8b,ai,560
D11204.docx,batch02,abstract-ART000884055,P3b,qwen3-8b,ai,688
D11205.docx,batch02,abstract-ART002093410,P3b,qwen3-8b,ai,480
D11206.docx,batch02,abstract-ART001666396,P3b,qwen3-8b,ai,720
D11207.docx,batch02,abstract-ART000865965,P3b,qwen3-8b,ai,358
D11208.docx,batch02,abstract-ART000880137,P3b,qwen3-8b,ai,316
D11209.docx,batch02,abstract-ART000857897,P3b,qwen3-8b,ai,476
D11210.docx,batch02,abstract-ART000896020,P3b,qwen3-8b,ai,413
D11211.docx,batch02,abstract-ART000904876,P3b,qwen3-8b,ai,501
D11212.docx,batch02,abstract-ART000860862,P3b,qwen3-8b,ai,1044
D11213.docx,batch02,abstract-ART000854200,P3b,qwen3-8b,ai,767
D11214.docx,batch02,abstract-ART000887415,P3b,qwen3-8b,ai,679
D11215.docx,batch02,abstract-ART000901400,P3b,qwen3-8b,ai,637
D11216.docx,batch02,abstract-ART000863370,P3b,qwen3-8b,ai,419
D11217.docx,batch02,abstract-ART000885213,P3b,qwen3-8b,ai,669
D11218.docx,batch02,abstract-ART000900486,P3b,qwen3-8b,ai,936
D11219.docx,batch02,abstract-ART000901341,P3b,qwen3-8b,ai,1147
D11220.docx,batch02,abstract-ART000884548,P3b,qwen3-8b,ai,512
D11221.docx,batch02,abstract-ART000888155,P3b,qwen3-8b,ai,902
D11222.docx,batch02,abstract-ART000863068,P3b,qwen3-8b,ai,454
D11223.docx,batch02,abstract-ART000864658,P3b,qwen3-8b,ai,918
D11224.docx,batch02,abstract-ART000884697,P3b,qwen3-8b,ai,459
D11225.docx,batch02,abstract-ART002119287,P3b,qwen3-8b,ai,816
D11226.docx,batch02,abstract-ART000902548,P3b,qwen3-8b,ai,648
D11227.docx,batch02,abstract-ART000852102,P3b,qwen3-8b,ai,862
D11228.docx,batch02,abstract-ART000852275,P3b,qwen3-8b,ai,639
D11229.docx,batch02,abstract-ART000868538,P3b,qwen3-8b,ai,528
D11230.docx,batch02,abstract-ART001336832,P3b,qwen3-8b,ai,461
D11231.docx,batch02,abstract-ART000870087,P3b,qwen3-8b,ai,516
D11232.docx,batch02,abstract-ART000872130,P3b,qwen3-8b,ai,423
D11233.docx,batch02,abstract-ART000900165,P3b,qwen3-8b,ai,664
D11234.docx,batch02,abstract-ART000860812,P3b,qwen3-8b,ai,322
D11235.docx,batch02,abstract-ART000882368,P3b,qwen3-8b,ai,913
D11236.docx,batch02,abstract-ART000903220,P3b,qwen3-8b,ai,423
D11237.docx,batch02,abstract-ART001822049,P3b,qwen3-8b,ai,547
D11238.docx,batch02,abstract-ART000892594,P3b,qwen3-8b,ai,308
D11239.docx,batch02,abstract-ART000902207,P3b,qwen3-8b,ai,387
D11240.docx,batch02,abstract-ART000860717,P3b,qwen3-8b,ai,492
D11241.docx,batch02,abstract-ART000892197,P3b,qwen3-8b,ai,441
D11242.docx,batch02,abstract-ART000877188,P3b,qwen3-8b,ai,686
D11243.docx,batch02,abstract-ART000876010,P3b,qwen3-8b,ai,358
D11244.docx,batch02,abstract-ART000889320,P3b,qwen3-8b,ai,395
D11245.docx,batch02,abstract-ART000867292,P3b,qwen3-8b,ai,444
D11246.docx,batch02,abstract-ART002310952,P3b,qwen3-8b,ai,471
D11247.docx,batch02,abstract-ART000852135,P3b,qwen3-8b,ai,357
D11248.docx,batch02,abstract-ART000875410,P3b,qwen3-8b,ai,412
D11249.docx,batch02,abstract-ART001890519,P3b,qwen3-8b,ai,804
D11250.docx,batch02,abstract-ART000888730,P3b,qwen3-8b,ai,636
D11251.docx,batch02,abstract-ART000883403,P3b,qwen3-8b,ai,300
D11252.docx,batch02,abstract-ART000875403,P3b,qwen3-8b,ai,657
D11253.docx,batch02,abstract-ART000874569,P3b,qwen3-8b,ai,862
D11254.docx,batch02,abstract-ART000868130,P3b,qwen3-8b,ai,466
D11255.docx,batch02,abstract-ART000850840,P3b,qwen3-8b,ai,557
D11256.docx,batch02,abstract-ART000900251,P3b,qwen3-8b,ai,591
D11257.docx,batch02,abstract-ART000860348,P3b,qwen3-8b,ai,537
D11258.docx,batch02,abstract-ART000863799,P3b,qwen3-8b,ai,924
D11259.docx,batch02,abstract-ART000864474,P3b,qwen3-8b,ai,654
D11260.docx,batch02,abstract-ART000898452,P3b,qwen3-8b,ai,760
D11261.docx,batch02,abstract-ART000853126,P3b,qwen3-8b,ai,757
D11262.docx,batch02,abstract-ART000896284,P3b,qwen3-8b,ai,358
D11263.docx,batch02,abstract-ART000898219,P3b,qwen3-8b,ai,1045
D11264.docx,batch02,abstract-ART000906525,P3b,qwen3-8b,ai,443
D11265.docx,batch02,abstract-ART000901125,P3b,qwen3-8b,ai,679
D11266.docx,batch02,abstract-ART000893857,P3b,qwen3-8b,ai,573
D11267.docx,batch02,abstract-ART000903130,P3b,qwen3-8b,ai,410
D11268.docx,batch02,abstract-ART002318036,P3b,qwen3-8b,ai,423
D11269.docx,batch02,abstract-ART000903496,P3b,qwen3-8b,ai,427
D11270.docx,batch02,abstract-ART000902083,P3b,qwen3-8b,ai,684
D11271.docx,batch02,abstract-ART000858891,P3b,qwen3-8b,ai,947
D11272.docx,batch02,abstract-ART000906163,P3b,qwen3-8b,ai,765
D11273.docx,batch02,abstract-ART000907511,P3b,qwen3-8b,ai,329
D11274.docx,batch02,abstract-ART000900426,P3b,qwen3-8b,ai,781
D11275.docx,batch02,abstract-ART000901004,P3b,qwen3-8b,ai,470
D11276.docx,batch02,abstract-ART000864739,P3b,qwen3-8b,ai,604
D11277.docx,batch02,abstract-ART000876907,P3b,qwen3-8b,ai,778
D11278.docx,batch02,abstract-ART000899723,P3b,qwen3-8b,ai,503
D11279.docx,batch02,abstract-ART000858052,P3b,qwen3-8b,ai,501
D11280.docx,batch02,abstract-ART002093393,P3b,qwen3-8b,ai,751
D11281.docx,batch02,abstract-ART000891963,P3b,qwen3-8b,ai,392
D11282.docx,batch02,abstract-ART002494523,P3b,qwen3-8b,ai,561
D11283.docx,batch02,abstract-ART000872163,P3b,qwen3-8b,ai,669
D11284.docx,batch02,abstract-ART000874599,P3b,qwen3-8b,ai,348
D11285.docx,batch02,abstract-ART000870054,P3b,qwen3-8b,ai,497
D11286.docx,batch02,abstract-ART000878994,P3b,qwen3-8b,ai,547
D11287.docx,batch02,abstract-ART000877505,P3b,qwen3-8b,ai,414
D11288.docx,batch02,abstract-ART000880944,P3b,qwen3-8b,ai,588
D11289.docx,batch02,abstract-ART000852079,P3b,qwen3-8b,ai,368
D11290.docx,batch02,abstract-ART000896017,P3b,qwen3-8b,ai,585
D11291.docx,batch02,abstract-ART000903021,P3b,qwen3-8b,ai,497
D11292.docx,batch02,abstract-ART000898138,P3b,qwen3-8b,ai,578
D11293.docx,batch02,abstract-ART000857860,P3b,qwen3-8b,ai,506
D11294.docx,batch02,abstract-ART000888646,P3b,qwen3-8b,ai,673
D11295.docx,batch02,abstract-ART001746090,P3b,qwen3-8b,ai,760
D11296.docx,batch02,abstract-ART002463367,P3b,qwen3-8b,ai,1013
D11297.docx,batch02,abstract-ART000861283,P3b,qwen3-8b,ai,929
D11298.docx,batch02,abstract-ART000900219,P3b,qwen3-8b,ai,802
D11299.docx,batch02,abstract-ART000863866,P3b,qwen3-8b,ai,513
D11300.docx,batch02,abstract-ART000874484,P3b,qwen3-8b,ai,712
D11301.docx,batch02,abstract-ART000903551,P3b,qwen3-8b,ai,728
D11302.docx,batch02,abstract-ART000902639,P3b,qwen3-8b,ai,444
D11303.docx,batch02,abstract-ART000875660,P3b,qwen3-8b,ai,701
D11304.docx,batch02,abstract-ART000877182,P3b,qwen3-8b,ai,480
D11305.docx,batch02,abstract-ART000893192,P3b,qwen3-8b,ai,606
D11306.docx,batch02,abstract-ART001974646,P3b,qwen3-8b,ai,595
D11307.docx,batch02,abstract-ART000850964,P3b,qwen3-8b,ai,331
D11308.docx,batch02,abstract-ART000875642,P3b,qwen3-8b,ai,498
D11309.docx,batch02,abstract-ART001716271,P3b,qwen3-8b,ai,820
D11310.docx,batch02,abstract-ART000903138,P3b,qwen3-8b,ai,382
D11311.docx,batch02,abstract-ART000900703,P3b,qwen3-8b,ai,482
D11312.docx,batch02,abstract-ART000876964,P3b,qwen3-8b,ai,761
D11313.docx,batch02,abstract-ART000869411,P3b,qwen3-8b,ai,302
D11314.docx,batch02,abstract-ART000885770,P3b,qwen3-8b,ai,484
D11315.docx,batch02,abstract-ART001963622,P3b,qwen3-8b,ai,893
D11316.docx,batch02,abstract-ART000851071,P3b,qwen3-8b,ai,517
D11317.docx,batch02,abstract-ART000897324,P3b,qwen3-8b,ai,506
D11318.docx,batch02,abstract-ART002147611,P3b,qwen3-8b,ai,722
D11319.docx,batch02,abstract-ART000907012,P3b,qwen3-8b,ai,520
D11320.docx,batch02,abstract-ART000858490,P3b,qwen3-8b,ai,725
D11321.docx,batch02,abstract-ART000872046,P3b,qwen3-8b,ai,417
D11322.docx,batch02,abstract-ART000888563,P3b,qwen3-8b,ai,663
D11323.docx,batch02,abstract-ART000900880,P3b,qwen3-8b,ai,637
D11324.docx,batch02,abstract-ART001707591,P3b,qwen3-8b,ai,551
D11325.docx,batch02,abstract-ART000874901,P3b,qwen3-8b,ai,803
D11326.docx,batch02,abstract-ART002408128,P3b,qwen3-8b,ai,712
D11327.docx,batch02,abstract-ART000867530,P3b,qwen3-8b,ai,705
D11328.docx,batch02,abstract-ART000888510,P3b,qwen3-8b,ai,580
D11329.docx,batch02,abstract-ART000902718,P3b,qwen3-8b,ai,588
D11330.docx,batch02,abstract-ART000864521,P3b,qwen3-8b,ai,385
D11331.docx,batch02,abstract-ART001895641,P3b,qwen3-8b,ai,504
D11332.docx,batch02,abstract-ART000863703,P3b,qwen3-8b,ai,361
D11333.docx,batch02,abstract-ART000864486,P3b,qwen3-8b,ai,505
D11334.docx,batch02,abstract-ART000867644,P3b,qwen3-8b,ai,401
D11335.docx,batch02,abstract-ART000900227,P3b,qwen3-8b,ai,368
D11336.docx,batch02,abstract-ART000870083,P3b,qwen3-8b,ai,447
D11337.docx,batch02,abstract-ART001723258,P3b,qwen3-8b,ai,420
D11338.docx,batch02,abstract-ART000896583,P3b,qwen3-8b,ai,695
D11339.docx,batch02,abstract-ART000901313,P3b,qwen3-8b,ai,660
D11340.docx,batch02,abstract-ART000903051,P3b,qwen3-8b,ai,587
D11341.docx,batch02,abstract-ART000875749,P3b,qwen3-8b,ai,670
D11342.docx,batch02,abstract-ART000880811,P3b,qwen3-8b,ai,486
D11343.docx,batch02,abstract-ART001356248,P3b,qwen3-8b,ai,720
D11344.docx,batch02,abstract-ART000904243,P3b,qwen3-8b,ai,505
D11345.docx,batch02,abstract-ART000878997,P3b,qwen3-8b,ai,687
D11346.docx,batch02,abstract-ART001472340,P3b,qwen3-8b,ai,886
D11347.docx,batch02,abstract-ART000889472,P3b,qwen3-8b,ai,608
D11348.docx,batch02,abstract-ART000887643,P3b,qwen3-8b,ai,483
D11349.docx,batch02,abstract-ART000906006,P3b,qwen3-8b,ai,466
D11350.docx,batch02,abstract-ART000891395,P3b,qwen3-8b,ai,394
D11351.docx,batch02,abstract-ART000893959,P3b,qwen3-8b,ai,311
D11352.docx,batch02,abstract-ART002091058,P3b,qwen3-8b,ai,605
D11353.docx,batch02,abstract-ART000866030,P3b,qwen3-8b,ai,328
D11354.docx,batch02,abstract-ART000902158,P3b,qwen3-8b,ai,631
D11355.docx,batch02,abstract-ART000875936,P3b,qwen3-8b,ai,813
D11356.docx,batch02,abstract-ART000855205,P3b,qwen3-8b,ai,740
D11357.docx,batch02,abstract-ART000878299,P3b,qwen3-8b,ai,452
D11358.docx,batch02,abstract-ART000853984,P3b,qwen3-8b,ai,681
D11359.docx,batch02,abstract-ART000863525,P3b,qwen3-8b,ai,410
D11360.docx,batch02,abstract-ART000906425,P3b,qwen3-8b,ai,523
D11361.docx,batch02,abstract-ART000902661,P3b,qwen3-8b,ai,588
D11362.docx,batch02,abstract-ART001753039,P3b,qwen3-8b,ai,401
D11363.docx,batch02,abstract-ART000907512,P3b,qwen3-8b,ai,752
D11364.docx,batch02,abstract-ART001663193,P3b,qwen3-8b,ai,757
D11365.docx,batch02,abstract-ART000904553,P3b,qwen3-8b,ai,629
D11366.docx,batch02,abstract-ART001561234,P3b,qwen3-8b,ai,648
D11367.docx,batch02,abstract-ART000895375,P3b,qwen3-8b,ai,571
D11368.docx,batch02,abstract-ART000903733,P3b,qwen3-8b,ai,502
D11369.docx,batch02,abstract-ART002507634,P3b,qwen3-8b,ai,436
D11370.docx,batch02,abstract-ART000878305,P3b,qwen3-8b,ai,667
D11371.docx,batch02,abstract-ART000856374,P3b,qwen3-8b,ai,340
D11372.docx,batch02,abstract-ART000862101,P3b,qwen3-8b,ai,451
D11373.docx,batch02,abstract-ART000896197,P3b,qwen3-8b,ai,448
D11374.docx,batch02,abstract-ART000873954,P3b,qwen3-8b,ai,450
D11375.docx,batch02,abstract-ART000861169,P3b,qwen3-8b,ai,591
D11376.docx,batch02,abstract-ART000861666,P3b,qwen3-8b,ai,557
D11377.docx,batch02,abstract-ART000888227,P3b,qwen3-8b,ai,331
D11378.docx,batch02,abstract-ART000902264,P3b,qwen3-8b,ai,554
D11379.docx,batch02,abstract-ART000904867,P3b,qwen3-8b,ai,408
D11380.docx,batch02,abstract-ART000902726,P3b,qwen3-8b,ai,415
D11381.docx,batch02,abstract-ART000901830,P3b,qwen3-8b,ai,637
D11382.docx,batch02,abstract-ART000907357,P3b,qwen3-8b,ai,398
D11383.docx,batch02,abstract-ART002559547,P3b,qwen3-8b,ai,605
D11384.docx,batch02,abstract-ART000863269,P3b,qwen3-8b,ai,346
D11385.docx,batch02,abstract-ART000896467,P3b,qwen3-8b,ai,415
D11386.docx,batch02,abstract-ART000884066,P3b,qwen3-8b,ai,553
D11387.docx,batch02,abstract-ART000889270,P3b,qwen3-8b,ai,344
D11388.docx,batch02,abstract-ART002012578,P3b,qwen3-8b,ai,369
D11389.docx,batch02,abstract-ART000856189,P3b,qwen3-8b,ai,401
D11390.docx,batch02,abstract-ART000892537,P3b,qwen3-8b,ai,641
D11391.docx,batch02,abstract-ART000867197,P3b,qwen3-8b,ai,429
D11392.docx,batch02,abstract-ART000881935,P3b,qwen3-8b,ai,537
D11393.docx,batch02,abstract-ART000902706,P3b,qwen3-8b,ai,610
D11394.docx,batch02,abstract-ART000867297,P3b,qwen3-8b,ai,337
D11395.docx,batch02,abstract-ART000885408,P3b,qwen3-8b,ai,781
D11396.docx,batch02,abstract-ART000853386,P3b,qwen3-8b,ai,668
D11397.docx,batch02,abstract-ART000881392,P3b,qwen3-8b,ai,439
D11398.docx,batch02,abstract-ART001914132,P3b,qwen3-8b,ai,982
D11399.docx,batch02,abstract-ART000869331,P3b,qwen3-8b,ai,382
D11400.docx,batch02,abstract-ART000851134,P3b,qwen3-8b,ai,596
D11401.docx,batch02,abstract-ART000900860,P3b,qwen3-8b,ai,383
D11402.docx,batch02,abstract-ART000877422,P3b,qwen3-8b,ai,500
D11403.docx,batch02,abstract-ART000866948,P3b,qwen3-8b,ai,334
D11404.docx,batch02,abstract-ART000867200,P3b,qwen3-8b,ai,772
D11405.docx,batch02,abstract-ART000889260,P3b,qwen3-8b,ai,420
D11406.docx,batch02,abstract-ART000882823,P3b,qwen3-8b,ai,708
D11407.docx,batch02,abstract-ART001954292,P3b,qwen3-8b,ai,457
D11408.docx,batch02,abstract-ART000892091,P3b,qwen3-8b,ai,627
D11409.docx,batch02,abstract-ART000884633,P3b,qwen3-8b,ai,641
D11410.docx,batch02,abstract-ART000874918,P3b,qwen3-8b,ai,876
D11411.docx,batch02,abstract-ART000900297,P3b,qwen3-8b,ai,618
D11412.docx,batch02,abstract-ART000885495,P3b,qwen3-8b,ai,347
D11413.docx,batch02,abstract-ART000863198,P3b,qwen3-8b,ai,645
D11414.docx,batch02,abstract-ART001835837,P3b,qwen3-8b,ai,428
D11415.docx,batch02,abstract-ART000874396,P3b,qwen3-8b,ai,459
D11416.docx,batch02,abstract-ART000864755,P3b,qwen3-8b,ai,366
D11417.docx,batch02,abstract-ART000889038,P3b,qwen3-8b,ai,717
D11418.docx,batch02,abstract-ART000871722,P3b,qwen3-8b,ai,888
D11419.docx,batch02,abstract-ART000903571,P3b,qwen3-8b,ai,477
D11420.docx,batch02,abstract-ART000852798,P3b,qwen3-8b,ai,859
D11421.docx,batch02,abstract-ART000900146,P3b,qwen3-8b,ai,408
D11422.docx,batch02,abstract-ART000860876,P3b,qwen3-8b,ai,310
D11423.docx,batch02,abstract-ART000868271,P3b,qwen3-8b,ai,345
D11424.docx,batch02,abstract-ART000875106,P3b,qwen3-8b,ai,504
D11425.docx,batch02,abstract-ART000883817,P3b,qwen3-8b,ai,532
D11426.docx,batch02,abstract-ART001517053,P3b,qwen3-8b,ai,421
D11427.docx,batch02,abstract-ART000872633,P3b,qwen3-8b,ai,1032
D11428.docx,batch02,abstract-ART000869722,P3b,qwen3-8b,ai,628
D11429.docx,batch02,abstract-ART000894053,P3b,qwen3-8b,ai,380
D11430.docx,batch02,abstract-ART000866861,P3b,qwen3-8b,ai,446
D11431.docx,batch02,abstract-ART000901948,P3b,qwen3-8b,ai,681
D11432.docx,batch02,abstract-ART000900149,P3b,qwen3-8b,ai,503
D11433.docx,batch02,abstract-ART001994256,P3b,qwen3-8b,ai,1049
D11434.docx,batch02,abstract-ART000884625,P3b,qwen3-8b,ai,854
D11435.docx,batch02,abstract-ART001305148,P3b,qwen3-8b,ai,654
D11436.docx,batch02,abstract-ART000886003,P3b,qwen3-8b,ai,813
D11437.docx,batch02,abstract-ART001746670,P3b,qwen3-8b,ai,1035
D11438.docx,batch02,abstract-ART000878865,P3b,qwen3-8b,ai,803
D11439.docx,batch02,abstract-ART000902297,P3b,qwen3-8b,ai,580
D11440.docx,batch02,abstract-ART001780379,P3b,qwen3-8b,ai,502
D11441.docx,batch02,abstract-ART000863059,P3b,qwen3-8b,ai,607
D11442.docx,batch02,abstract-ART000873022,P3b,qwen3-8b,ai,295
D11443.docx,batch02,abstract-ART000896461,P3b,qwen3-8b,ai,410
D11444.docx,batch02,abstract-ART000861765,P3b,qwen3-8b,ai,558
D11445.docx,batch02,abstract-ART000886194,P3b,qwen3-8b,ai,613
D11446.docx,batch02,abstract-ART000893846,P3b,qwen3-8b,ai,313
D11447.docx,batch02,abstract-ART000864899,P3b,qwen3-8b,ai,807
D11448.docx,batch02,abstract-ART000903131,P3b,qwen3-8b,ai,604
D11449.docx,batch02,abstract-ART000852647,P3b,qwen3-8b,ai,629
D11450.docx,batch02,abstract-ART002149018,P3b,qwen3-8b,ai,718
D11451.docx,batch02,abstract-ART000887032,P3b,qwen3-8b,ai,338
D11452.docx,batch02,abstract-ART000905225,P3b,qwen3-8b,ai,628
D11453.docx,batch02,abstract-ART000868139,P3b,qwen3-8b,ai,340
D11454.docx,batch02,abstract-ART000901649,P3b,qwen3-8b,ai,501
D11455.docx,batch02,abstract-ART001872289,P3b,qwen3-8b,ai,694
D11456.docx,batch02,abstract-ART000906257,P3b,qwen3-8b,ai,596
D11457.docx,batch02,abstract-ART000853299,P3b,qwen3-8b,ai,1018
D11458.docx,batch02,abstract-ART000876824,P3b,qwen3-8b,ai,687
D11459.docx,batch02,abstract-ART000869562,P3b,qwen3-8b,ai,686
D11460.docx,batch02,abstract-ART000885312,P3b,qwen3-8b,ai,435
D11461.docx,batch02,abstract-ART000876638,P3b,qwen3-8b,ai,626
D11462.docx,batch02,abstract-ART000898137,P3b,qwen3-8b,ai,797
D11463.docx,batch02,abstract-ART000867523,P3b,qwen3-8b,ai,777
D11464.docx,batch02,abstract-ART000903776,P3b,qwen3-8b,ai,712
D11465.docx,batch02,abstract-ART000893841,P3b,qwen3-8b,ai,440
D11466.docx,batch02,abstract-ART002367730,P3b,qwen3-8b,ai,906
D11467.docx,batch02,abstract-ART000858856,P3b,qwen3-8b,ai,869
D11468.docx,batch02,abstract-ART001640295,P3b,qwen3-8b,ai,497
D11469.docx,batch02,abstract-ART000896239,P3b,qwen3-8b,ai,341
D11470.docx,batch02,abstract-ART000870055,P3b,qwen3-8b,ai,382
D11471.docx,batch02,abstract-ART000897663,P3b,qwen3-8b,ai,384
D11472.docx,batch02,abstract-ART000858439,P3b,qwen3-8b,ai,528
D11473.docx,batch02,abstract-ART000879008,P3b,qwen3-8b,ai,416
D11474.docx,batch02,abstract-ART000901591,P3b,qwen3-8b,ai,466
D11475.docx,batch02,abstract-ART001771658,P3b,qwen3-8b,ai,966
D11476.docx,batch02,abstract-ART000889545,P3b,qwen3-8b,ai,708
D11477.docx,batch02,abstract-ART000901978,P3b,qwen3-8b,ai,530
D11478.docx,batch02,abstract-ART000872294,P3b,qwen3-8b,ai,689
D11479.docx,batch02,abstract-ART000884333,P3b,qwen3-8b,ai,911
D11480.docx,batch02,abstract-ART000892631,P3b,qwen3-8b,ai,533
D11481.docx,batch02,abstract-ART000890727,P3b,qwen3-8b,ai,623
D11482.docx,batch02,abstract-ART001517041,P3b,qwen3-8b,ai,505
D11483.docx,batch02,abstract-ART000903421,P3b,qwen3-8b,ai,392
D11484.docx,batch02,abstract-ART000897947,P3b,qwen3-8b,ai,1000
D11485.docx,batch02,abstract-ART001256763,P3b,qwen3-8b,ai,560
D11486.docx,batch02,abstract-ART000891797,P3b,qwen3-8b,ai,764
D11487.docx,batch02,abstract-ART001015868,P3b,qwen3-8b,ai,439
D11488.docx,batch02,abstract-ART000851634,P3b,qwen3-8b,ai,547
D11489.docx,batch02,abstract-ART000891888,P3b,qwen3-8b,ai,536
D11490.docx,batch02,abstract-ART000903052,P3b,qwen3-8b,ai,483
D11491.docx,batch02,abstract-ART000858319,P3b,qwen3-8b,ai,531
D11492.docx,batch02,abstract-ART000888685,P3b,qwen3-8b,ai,840
D11493.docx,batch02,abstract-ART000901007,P3b,qwen3-8b,ai,326
D11494.docx,batch02,abstract-ART000898040,P3b,qwen3-8b,ai,692
D11495.docx,batch02,abstract-ART002451952,P3b,qwen3-8b,ai,662
D11496.docx,batch02,abstract-ART001669844,P3b,qwen3-8b,ai,668
D11497.docx,batch02,abstract-ART000906224,P3b,qwen3-8b,ai,642
D11498.docx,batch02,abstract-ART002481999,P3b,qwen3-8b,ai,689
D11499.docx,batch02,abstract-ART000888916,P3b,qwen3-8b,ai,451
D11500.docx,batch02,abstract-ART000864473,P3b,qwen3-8b,ai,706
D11501.docx,batch02,abstract-ART000890650,P3b,qwen3-8b,ai,661
D11502.docx,batch02,abstract-ART000886274,P3b,qwen3-8b,ai,703
D11503.docx,batch02,abstract-ART000884336,P3b,qwen3-8b,ai,898
D11504.docx,batch02,abstract-ART000866042,P3b,qwen3-8b,ai,641
D11505.docx,batch02,abstract-ART000874642,P3b,qwen3-8b,ai,959
D11506.docx,batch02,abstract-ART000896085,P3b,qwen3-8b,ai,390
D11507.docx,batch02,abstract-ART001391228,P3b,qwen3-8b,ai,636
D11508.docx,batch02,abstract-ART002367737,P3b,qwen3-8b,ai,586
D11509.docx,batch02,abstract-ART000881736,P3b,qwen3-8b,ai,675
D11510.docx,batch02,abstract-ART000863722,P3b,qwen3-8b,ai,420
D11511.docx,batch02,abstract-ART000901077,P3b,qwen3-8b,ai,474
D11512.docx,batch02,abstract-ART001507421,P3b,qwen3-8b,ai,797
D11513.docx,batch02,abstract-ART000902116,P3b,qwen3-8b,ai,409
D11514.docx,batch02,abstract-ART000858568,P3b,qwen3-8b,ai,641
D11515.docx,batch02,abstract-ART000875643,P3b,qwen3-8b,ai,476
D11516.docx,batch02,abstract-ART000896320,P3b,qwen3-8b,ai,375
D11517.docx,batch02,abstract-ART000854710,P3b,qwen3-8b,ai,894
D11518.docx,batch02,abstract-ART001640281,P3b,qwen3-8b,ai,770
D11519.docx,batch02,abstract-ART001914096,P3b,qwen3-8b,ai,781
D11520.docx,batch02,abstract-ART000880953,P3b,qwen3-8b,ai,471
D11521.docx,batch02,abstract-ART000869968,P3b,qwen3-8b,ai,458
D11522.docx,batch02,abstract-ART000895826,P3b,qwen3-8b,ai,766
D11523.docx,batch02,abstract-ART000876889,P3b,qwen3-8b,ai,511
D11524.docx,batch02,abstract-ART000887095,P3b,qwen3-8b,ai,889
D11525.docx,batch02,abstract-ART000851866,P3b,qwen3-8b,ai,613
D11526.docx,batch02,abstract-ART000857305,P3b,qwen3-8b,ai,786
D11527.docx,batch02,abstract-ART000896157,P3b,qwen3-8b,ai,417
D11528.docx,batch02,abstract-ART000854026,P3b,qwen3-8b,ai,852
D11529.docx,batch02,abstract-ART000856022,P3b,qwen3-8b,ai,870
D11530.docx,batch02,abstract-ART000861496,P3b,qwen3-8b,ai,328
D11531.docx,batch02,abstract-ART000868084,P3b,qwen3-8b,ai,524
D11532.docx,batch02,abstract-ART000901015,P3b,qwen3-8b,ai,375
D11533.docx,batch02,abstract-ART002176018,P3b,qwen3-8b,ai,530
D11534.docx,batch02,abstract-ART000905152,P3b,qwen3-8b,ai,298
D11535.docx,batch02,abstract-ART000879093,P3b,qwen3-8b,ai,385
D11536.docx,batch02,abstract-ART002066362,P3b,qwen3-8b,ai,407
D11537.docx,batch02,abstract-ART000860382,P3b,qwen3-8b,ai,519
D11538.docx,batch02,abstract-ART000877508,P3b,qwen3-8b,ai,493
D11539.docx,batch02,abstract-ART000888927,P3b,qwen3-8b,ai,337
D11540.docx,batch02,abstract-ART002551612,P3b,qwen3-8b,ai,850
D11541.docx,batch02,abstract-ART000862104,P3b,qwen3-8b,ai,805
D11542.docx,batch02,abstract-ART000872866,P3b,qwen3-8b,ai,583
D11543.docx,batch02,abstract-ART000881327,P3b,qwen3-8b,ai,350
D11544.docx,batch02,abstract-ART000869615,P3b,qwen3-8b,ai,532
D11545.docx,batch02,abstract-ART000885044,P3b,qwen3-8b,ai,894
D11546.docx,batch02,abstract-ART000903279,P3b,qwen3-8b,ai,450
D11547.docx,batch02,abstract-ART000888228,P3b,qwen3-8b,ai,621
D11548.docx,batch02,abstract-ART000869971,P3b,qwen3-8b,ai,430
D11549.docx,batch02,abstract-ART000879450,P3b,qwen3-8b,ai,800
D11550.docx,batch02,abstract-ART000901829,P3b,qwen3-8b,ai,482
D11551.docx,batch02,abstract-ART000905880,P3b,qwen3-8b,ai,383
D11552.docx,batch02,abstract-ART000892745,P3b,qwen3-8b,ai,412
D11553.docx,batch02,abstract-ART000896876,P3b,qwen3-8b,ai,690
D11554.docx,batch02,abstract-ART000903787,P3b,qwen3-8b,ai,369
D11555.docx,batch02,abstract-ART000892813,P3b,qwen3-8b,ai,337
D11556.docx,batch02,abstract-ART000868265,P3b,qwen3-8b,ai,435
D11557.docx,batch02,abstract-ART000872115,P3b,qwen3-8b,ai,1092
D11558.docx,batch02,abstract-ART000879115,P3b,qwen3-8b,ai,782
D11559.docx,batch02,abstract-ART000858906,P3b,qwen3-8b,ai,742
D11560.docx,batch02,abstract-ART002582618,P3b,qwen3-8b,ai,882
D11561.docx,batch02,abstract-ART000893190,P3b,qwen3-8b,ai,383
D11562.docx,batch02,abstract-ART000892682,P3b,qwen3-8b,ai,387
D11563.docx,batch02,abstract-ART000892620,P3b,qwen3-8b,ai,533
D11564.docx,batch02,abstract-ART000902633,P3b,qwen3-8b,ai,480
D11565.docx,batch02,abstract-ART000857755,P3b,qwen3-8b,ai,636
D11566.docx,batch02,abstract-ART002080048,P3b,qwen3-8b,ai,556
D11567.docx,batch02,abstract-ART000904253,P3b,qwen3-8b,ai,343
D11568.docx,batch02,abstract-ART001900979,P3b,qwen3-8b,ai,478
D11569.docx,batch02,abstract-ART001930169,P3b,qwen3-8b,ai,853
D11570.docx,batch02,abstract-ART001371749,P3b,qwen3-8b,ai,714
D11571.docx,batch02,abstract-ART000905847,P3b,qwen3-8b,ai,880
D11572.docx,batch02,abstract-ART002000994,P3b,qwen3-8b,ai,590
D11573.docx,batch02,abstract-ART001669849,P3b,qwen3-8b,ai,549
D11574.docx,batch02,abstract-ART001692851,P3b,qwen3-8b,ai,325
D11575.docx,batch02,abstract-ART000879090,P3b,qwen3-8b,ai,522
D11576.docx,batch02,abstract-ART000895274,P3b,qwen3-8b,ai,1055
D11577.docx,batch02,abstract-ART000853137,P3b,qwen3-8b,ai,599
D11578.docx,batch02,abstract-ART000858308,P3b,qwen3-8b,ai,561
D11579.docx,batch02,abstract-ART000905768,P3b,qwen3-8b,ai,477
D11580.docx,batch02,abstract-ART000889656,P3b,qwen3-8b,ai,665
D11581.docx,batch02,abstract-ART000869399,P3b,qwen3-8b,ai,890
D11582.docx,batch02,abstract-ART000897559,P3b,qwen3-8b,ai,648
D11583.docx,batch02,abstract-ART000896156,P3b,qwen3-8b,ai,433
D11584.docx,batch02,abstract-ART000889020,P3b,qwen3-8b,ai,446
D11585.docx,batch02,abstract-ART000874577,P3b,qwen3-8b,ai,697
D11586.docx,batch02,abstract-ART001509891,P3b,qwen3-8b,ai,744
D11587.docx,batch02,abstract-ART000872047,P3b,qwen3-8b,ai,900
D11588.docx,batch02,abstract-ART000880733,P3b,qwen3-8b,ai,345
D11589.docx,batch02,abstract-ART000895626,P3b,qwen3-8b,ai,660
D11590.docx,batch02,abstract-ART000899843,P3b,qwen3-8b,ai,543
D11591.docx,batch02,abstract-ART000877341,P3b,qwen3-8b,ai,572
D11592.docx,batch02,abstract-ART000907364,P3b,qwen3-8b,ai,1271
D11593.docx,batch02,abstract-ART000901085,P3b,qwen3-8b,ai,351
D11594.docx,batch02,abstract-ART000869057,P3b,qwen3-8b,ai,893
D11595.docx,batch02,abstract-ART001569164,P3b,qwen3-8b,ai,984
D11596.docx,batch02,abstract-ART000892085,P3b,qwen3-8b,ai,557
D11597.docx,batch02,abstract-ART000903811,P3b,qwen3-8b,ai,698
D11598.docx,batch02,abstract-ART000901473,P3b,qwen3-8b,ai,311
D11599.docx,batch02,abstract-ART000874699,P3b,qwen3-8b,ai,405
D11600.docx,batch02,abstract-ART000857402,P3b,qwen3-8b,ai,898
D11601.docx,batch02,abstract-ART000900254,P3b,qwen3-8b,ai,487
D11602.docx,batch02,abstract-ART000864814,P3b,qwen3-8b,ai,834
D11603.docx,batch02,abstract-ART000897352,P3b,qwen3-8b,ai,460
D11604.docx,batch02,abstract-ART000876632,P3b,qwen3-8b,ai,504
D11605.docx,batch02,abstract-ART000906521,P3b,qwen3-8b,ai,458
D11606.docx,batch02,abstract-ART000864628,P3b,qwen3-8b,ai,313
D11607.docx,batch02,abstract-ART001180177,P3b,qwen3-8b,ai,357
D11608.docx,batch02,abstract-ART000889289,P3b,qwen3-8b,ai,1077
D11609.docx,batch02,abstract-ART000879198,P3b,qwen3-8b,ai,781
D11610.docx,batch02,abstract-ART000896556,P3b,qwen3-8b,ai,526
D11611.docx,batch02,abstract-ART002063117,P3b,qwen3-8b,ai,594
D11612.docx,batch02,abstract-ART000908146,P3b,qwen3-8b,ai,989
D11613.docx,batch02,abstract-ART002157562,P3b,qwen3-8b,ai,430
D11614.docx,batch02,abstract-ART000852542,P3b,qwen3-8b,ai,380
D11615.docx,batch02,abstract-ART000861036,P3b,qwen3-8b,ai,430
D11616.docx,batch02,abstract-ART001835858,P3b,qwen3-8b,ai,668
D11617.docx,batch02,abstract-ART000902663,P3b,qwen3-8b,ai,651
D11618.docx,batch02,abstract-ART000857679,P3b,qwen3-8b,ai,620
D11619.docx,batch02,abstract-ART000892613,P3b,qwen3-8b,ai,491
D11620.docx,batch02,abstract-ART000884319,P3b,qwen3-8b,ai,673
D11621.docx,batch02,abstract-ART000892265,P3b,qwen3-8b,ai,317
D11622.docx,batch02,abstract-ART000860335,P3b,qwen3-8b,ai,775
D11623.docx,batch02,abstract-ART000896160,P3b,qwen3-8b,ai,418
D11624.docx,batch02,abstract-ART000876903,P3b,qwen3-8b,ai,606
D11625.docx,batch02,abstract-ART002032751,P3b,qwen3-8b,ai,1019
D11626.docx,batch02,abstract-ART000867758,P3b,qwen3-8b,ai,480
D11627.docx,batch02,abstract-ART001360760,P3b,qwen3-8b,ai,488
D11628.docx,batch02,abstract-ART002105853,P3b,qwen3-8b,ai,526
D11629.docx,batch02,abstract-ART000983991,P3b,qwen3-8b,ai,1097
D11630.docx,batch02,abstract-ART000868873,P3b,qwen3-8b,ai,843
D11631.docx,batch02,abstract-ART000872784,P3b,qwen3-8b,ai,560
D11632.docx,batch02,abstract-ART000890173,P3b,qwen3-8b,ai,339
D11633.docx,batch02,abstract-ART001079148,P3b,qwen3-8b,ai,782
D11634.docx,batch02,abstract-ART000887681,P3b,qwen3-8b,ai,450
D11635.docx,batch02,abstract-ART000864933,P3b,qwen3-8b,ai,488
D11636.docx,batch02,abstract-ART000864513,P3b,qwen3-8b,ai,659
D11637.docx,batch02,abstract-ART000892547,P3b,qwen3-8b,ai,644
D11638.docx,batch02,abstract-ART000877595,P3b,qwen3-8b,ai,470
D11639.docx,batch02,abstract-ART000862992,P3b,qwen3-8b,ai,455
D11640.docx,batch02,abstract-ART000865211,P3b,qwen3-8b,ai,566
D11641.docx,batch02,abstract-ART000863261,P3b,qwen3-8b,ai,662
D11642.docx,batch02,abstract-ART000889458,P3b,qwen3-8b,ai,410
D11643.docx,batch02,abstract-ART002377921,P3b,qwen3-8b,ai,744
D11644.docx,batch02,abstract-ART000858824,P3b,qwen3-8b,ai,951
D11645.docx,batch02,abstract-ART002148017,P3b,qwen3-8b,ai,943
D11646.docx,batch02,abstract-ART000870091,P3b,qwen3-8b,ai,429
D11647.docx,batch02,abstract-ART000867976,P3b,qwen3-8b,ai,665
D11648.docx,batch02,abstract-ART001753043,P3b,qwen3-8b,ai,532
D11649.docx,batch02,abstract-ART000902965,P3b,qwen3-8b,ai,420
D11650.docx,batch02,abstract-ART000875409,P3b,qwen3-8b,ai,381
D11651.docx,batch02,abstract-ART000902139,P3b,qwen3-8b,ai,377
D11652.docx,batch02,abstract-ART000873234,P3b,qwen3-8b,ai,556
D11653.docx,batch02,abstract-ART001938124,P3b,qwen3-8b,ai,562
D11654.docx,batch02,abstract-ART000878919,P3b,qwen3-8b,ai,940
D11655.docx,batch02,abstract-ART000875747,P3b,qwen3-8b,ai,319
D11656.docx,batch02,abstract-ART000880860,P3b,qwen3-8b,ai,469
D11657.docx,batch02,abstract-ART000852178,P3b,qwen3-8b,ai,421
D11658.docx,batch02,abstract-ART000852141,P3b,qwen3-8b,ai,624
D11659.docx,batch02,abstract-ART002181014,P3b,qwen3-8b,ai,996
D11660.docx,batch02,abstract-ART001877122,P3b,qwen3-8b,ai,632
D11661.docx,batch02,abstract-ART000902355,P3b,qwen3-8b,ai,405
D11662.docx,batch02,abstract-ART000861079,P3b,qwen3-8b,ai,540
D11663.docx,batch02,abstract-ART000895834,P3b,qwen3-8b,ai,669
D11664.docx,batch02,abstract-ART000880943,P3b,qwen3-8b,ai,441
D11665.docx,batch02,abstract-ART000880431,P3b,qwen3-8b,ai,922
D11666.docx,batch02,abstract-ART000868252,P3b,qwen3-8b,ai,348
D11667.docx,batch02,abstract-ART000852040,P3b,qwen3-8b,ai,955
D11668.docx,batch02,abstract-ART000896814,P3b,qwen3-8b,ai,647
D11669.docx,batch02,abstract-ART000891248,P3b,qwen3-8b,ai,701
D11670.docx,batch02,abstract-ART000901189,P3b,qwen3-8b,ai,458
D11671.docx,batch02,abstract-ART000862176,P3b,qwen3-8b,ai,503
D11672.docx,batch02,abstract-ART000895378,P3b,qwen3-8b,ai,611
D11673.docx,batch02,abstract-ART000863210,P3b,qwen3-8b,ai,410
D11674.docx,batch02,abstract-ART000904957,P3b,qwen3-8b,ai,350
D11675.docx,batch02,abstract-ART001474145,P3b,qwen3-8b,ai,608
D11676.docx,batch02,abstract-ART000852258,P3b,qwen3-8b,ai,929
D11677.docx,batch02,abstract-ART000894743,P3b,qwen3-8b,ai,373
D11678.docx,batch02,abstract-ART000858890,P3b,qwen3-8b,ai,474
D11679.docx,batch02,abstract-ART001809790,P3b,qwen3-8b,ai,882
D11680.docx,batch02,abstract-ART000899347,P3b,qwen3-8b,ai,594
D11681.docx,batch02,abstract-ART000879960,P3b,qwen3-8b,ai,335
D11682.docx,batch02,abstract-ART000892551,P3b,qwen3-8b,ai,444
D11683.docx,batch02,abstract-ART000867284,P3b,qwen3-8b,ai,342
D11684.docx,batch02,abstract-ART000896856,P3b,qwen3-8b,ai,400
D11685.docx,batch02,abstract-ART000874756,P3b,qwen3-8b,ai,569
D11686.docx,batch02,abstract-ART000854116,P3b,qwen3-8b,ai,507
D11687.docx,batch02,abstract-ART000852338,P3b,qwen3-8b,ai,796
D11688.docx,batch02,abstract-ART001464004,P3b,qwen3-8b,ai,630
D11689.docx,batch02,abstract-ART001697678,P3b,qwen3-8b,ai,868
D11690.docx,batch02,abstract-ART001930174,P3b,qwen3-8b,ai,339
D11691.docx,batch02,abstract-ART000896465,P3b,qwen3-8b,ai,410
D11692.docx,batch02,abstract-ART000906146,P3b,qwen3-8b,ai,404
D11693.docx,batch02,abstract-ART000896785,P3b,qwen3-8b,ai,280
D11694.docx,batch02,abstract-ART000878457,P3b,qwen3-8b,ai,325
D11695.docx,batch02,abstract-ART000886632,P3b,qwen3-8b,ai,823
D11696.docx,batch02,abstract-ART000895514,P3b,qwen3-8b,ai,344
D11697.docx,batch02,abstract-ART000889584,P3b,qwen3-8b,ai,814
D11698.docx,batch02,abstract-ART000904797,P3b,qwen3-8b,ai,563
D11699.docx,batch02,abstract-ART000869467,P3b,qwen3-8b,ai,961
D11700.docx,batch02,abstract-ART001939116,P3b,qwen3-8b,ai,419
D11701.docx,batch02,abstract-ART002442176,P3b,qwen3-8b,ai,710
D11702.docx,batch02,abstract-ART000881957,P3b,qwen3-8b,ai,337
D11703.docx,batch02,abstract-ART000869083,P3b,qwen3-8b,ai,579
D11704.docx,batch02,abstract-ART000869570,P3b,qwen3-8b,ai,588
D11705.docx,batch02,abstract-ART000905859,P3b,qwen3-8b,ai,460
D11706.docx,batch02,abstract-ART002141405,P3b,qwen3-8b,ai,712
D11707.docx,batch02,abstract-ART000864661,P3b,qwen3-8b,ai,824
D11708.docx,batch02,abstract-ART000908158,P3b,qwen3-8b,ai,891
D11709.docx,batch02,abstract-ART002408124,P3b,qwen3-8b,ai,669
D11710.docx,batch02,abstract-ART000903036,P3b,qwen3-8b,ai,542
D11711.docx,batch02,abstract-ART001938132,P3b,qwen3-8b,ai,580
D11712.docx,batch02,abstract-ART000880226,P3b,qwen3-8b,ai,564
D11713.docx,batch02,abstract-ART002093213,P3b,qwen3-8b,ai,758
D11714.docx,batch02,abstract-ART000861021,P3b,qwen3-8b,ai,622
D11715.docx,batch02,abstract-ART000857756,P3b,qwen3-8b,ai,526
D11716.docx,batch02,abstract-ART001615391,P3b,qwen3-8b,ai,665
D11717.docx,batch02,abstract-ART002069254,P3b,qwen3-8b,ai,575
D11718.docx,batch02,abstract-ART000900292,P3b,qwen3-8b,ai,532
D11719.docx,batch02,abstract-ART000868052,P3b,qwen3-8b,ai,756
D11720.docx,batch02,abstract-ART000863067,P3b,qwen3-8b,ai,732
D11721.docx,batch02,abstract-ART001872236,P3b,qwen3-8b,ai,461
D11722.docx,batch02,abstract-ART000904854,P3b,qwen3-8b,ai,647
D11723.docx,batch02,abstract-ART000888613,P3b,qwen3-8b,ai,887
D11724.docx,batch02,abstract-ART000905897,P3b,qwen3-8b,ai,503
D11725.docx,batch02,abstract-ART000857933,P3b,qwen3-8b,ai,370
D11726.docx,batch02,abstract-ART000858850,P3b,qwen3-8b,ai,383
D11727.docx,batch02,abstract-ART000896540,P3b,qwen3-8b,ai,556
D11728.docx,batch02,abstract-ART000864292,P3b,qwen3-8b,ai,887
D11729.docx,batch02,abstract-ART000875782,P3b,qwen3-8b,ai,745
D11730.docx,batch02,abstract-ART000901244,P3b,qwen3-8b,ai,582
D11731.docx,batch02,abstract-ART002468189,P3b,qwen3-8b,ai,601
D11732.docx,batch02,abstract-ART001981207,P3b,qwen3-8b,ai,967
D11733.docx,batch02,abstract-ART000868112,P3b,qwen3-8b,ai,777
D11734.docx,batch02,abstract-ART001681484,P3b,qwen3-8b,ai,705
D11735.docx,batch02,abstract-ART000866029,P3b,qwen3-8b,ai,497
D11736.docx,batch02,abstract-ART001407650,P3b,qwen3-8b,ai,672
D11737.docx,batch02,abstract-ART000894051,P3b,qwen3-8b,ai,513
D11738.docx,batch02,abstract-ART000886191,P3b,qwen3-8b,ai,651
D11739.docx,batch02,abstract-ART000868591,P3b,qwen3-8b,ai,970
D11740.docx,batch02,abstract-ART000875640,P3b,qwen3-8b,ai,559
D11741.docx,batch02,abstract-ART000856029,P3b,qwen3-8b,ai,858
D11742.docx,batch02,abstract-ART000879084,P3b,qwen3-8b,ai,561
D11743.docx,batch02,abstract-ART002012564,P3b,qwen3-8b,ai,358
D11744.docx,batch02,abstract-ART000874636,P3b,qwen3-8b,ai,716
D11745.docx,batch02,abstract-ART000903577,P3b,qwen3-8b,ai,444
D11746.docx,batch02,abstract-ART000900750,P3b,qwen3-8b,ai,347
D11747.docx,batch02,abstract-ART000888609,P3b,qwen3-8b,ai,556
D11748.docx,batch02,abstract-ART000861223,P3b,qwen3-8b,ai,490
D11749.docx,batch02,abstract-ART000888817,P3b,qwen3-8b,ai,663
D11750.docx,batch02,abstract-ART000860720,P3b,qwen3-8b,ai,632
D11751.docx,batch02,abstract-ART000903944,P3b,qwen3-8b,ai,1071
D11752.docx,batch02,abstract-ART000881794,P3b,qwen3-8b,ai,951
D11753.docx,batch02,abstract-ART000881042,P3b,qwen3-8b,ai,475
D11754.docx,batch02,abstract-ART000904950,P3b,qwen3-8b,ai,606
D11755.docx,batch02,abstract-ART000884053,P3b,qwen3-8b,ai,348
D11756.docx,batch02,abstract-ART000906237,P3b,qwen3-8b,ai,669
D11757.docx,batch02,abstract-ART000850943,P3b,qwen3-8b,ai,471
D11758.docx,batch02,abstract-ART002349057,P3b,qwen3-8b,ai,404
D11759.docx,batch02,abstract-ART000893567,P3b,qwen3-8b,ai,529
D11760.docx,batch02,abstract-ART001666380,P3b,qwen3-8b,ai,433
D11761.docx,batch02,abstract-ART000876544,P3b,qwen3-8b,ai,619
D11762.docx,batch02,abstract-ART000906036,P3b,qwen3-8b,ai,689
D11763.docx,batch02,abstract-ART001517704,P3b,qwen3-8b,ai,590
D11764.docx,batch02,abstract-ART000901880,P3b,qwen3-8b,ai,284
D11765.docx,batch02,abstract-ART000892550,P3b,qwen3-8b,ai,421
D11766.docx,batch02,abstract-ART000850837,P3b,qwen3-8b,ai,387
D11767.docx,batch02,abstract-ART000875672,P3b,qwen3-8b,ai,542
D11768.docx,batch02,abstract-ART000894414,P3b,qwen3-8b,ai,592
D11769.docx,batch02,abstract-ART000881330,P3b,qwen3-8b,ai,320
D11770.docx,batch02,abstract-ART000906423,P3b,qwen3-8b,ai,329
D11771.docx,batch02,abstract-ART000864880,P3b,qwen3-8b,ai,520
D11772.docx,batch02,abstract-ART000905406,P3b,qwen3-8b,ai,389
D11773.docx,batch02,abstract-ART000866903,P3b,qwen3-8b,ai,371
D11774.docx,batch02,abstract-ART000861194,P3b,qwen3-8b,ai,484
D11775.docx,batch02,abstract-ART002093421,P3b,qwen3-8b,ai,603
D11776.docx,batch02,abstract-ART000864383,P3b,qwen3-8b,ai,613
D11777.docx,batch02,abstract-ART000876736,P3b,qwen3-8b,ai,362
D11778.docx,batch02,abstract-ART002051534,P3b,qwen3-8b,ai,457
D11779.docx,batch02,abstract-ART000894621,P3b,qwen3-8b,ai,305
D11780.docx,batch02,abstract-ART000852735,P3b,qwen3-8b,ai,738
D11781.docx,batch02,abstract-ART000875787,P3b,qwen3-8b,ai,393
D11782.docx,batch02,abstract-ART000888412,P3b,qwen3-8b,ai,416
D11783.docx,batch02,abstract-ART001256431,P3b,qwen3-8b,ai,455
D11784.docx,batch02,abstract-ART000878022,P3b,qwen3-8b,ai,971
D11785.docx,batch02,abstract-ART000864204,P3b,qwen3-8b,ai,912
D11786.docx,batch02,abstract-ART000863202,P3b,qwen3-8b,ai,585
D11787.docx,batch02,abstract-ART000865310,P3b,qwen3-8b,ai,485
D11788.docx,batch02,abstract-ART000895474,P3b,qwen3-8b,ai,402
D11789.docx,batch02,abstract-ART000866097,P3b,qwen3-8b,ai,506
D11790.docx,batch02,abstract-ART000893852,P3b,qwen3-8b,ai,687
D11791.docx,batch02,abstract-ART000904787,P3b,qwen3-8b,ai,400
D11792.docx,batch02,abstract-ART000863126,P3b,qwen3-8b,ai,476
D11793.docx,batch02,abstract-ART000871898,P3b,qwen3-8b,ai,890
D11794.docx,batch02,abstract-ART000889760,P3b,qwen3-8b,ai,474
D11795.docx,batch02,abstract-ART000877591,P3b,qwen3-8b,ai,403
D11796.docx,batch02,abstract-ART000851937,P3b,qwen3-8b,ai,701
D11797.docx,batch02,abstract-ART000869468,P3b,qwen3-8b,ai,1218
D11798.docx,batch02,abstract-ART002134863,P3b,qwen3-8b,ai,685
D11799.docx,batch02,abstract-ART000900259,P3b,qwen3-8b,ai,674
D11800.docx,batch02,abstract-ART000908058,P3b,qwen3-8b,ai,312
D11801.docx,batch02,abstract-ART000871899,P3b,qwen3-8b,ai,717
D11802.docx,batch02,abstract-ART000888599,P3b,qwen3-8b,ai,795
D11803.docx,batch02,abstract-ART000863061,P3b,qwen3-8b,ai,694
D11804.docx,batch02,abstract-ART000852671,P3b,qwen3-8b,ai,933
D11805.docx,batch02,abstract-ART000882761,P3b,qwen3-8b,ai,463
D11806.docx,batch02,abstract-ART000868365,P3b,qwen3-8b,ai,1037
D11807.docx,batch02,abstract-ART000895456,P3b,qwen3-8b,ai,580
D11808.docx,batch02,abstract-ART000905680,P3b,qwen3-8b,ai,403
D11809.docx,batch02,abstract-ART000888596,P3b,qwen3-8b,ai,792
D11810.docx,batch02,abstract-ART000902888,P3b,qwen3-8b,ai,454
D11811.docx,batch02,abstract-ART000865961,P3b,qwen3-8b,ai,374
D11812.docx,batch02,abstract-ART000904480,P3b,qwen3-8b,ai,851
D11813.docx,batch02,abstract-ART000887679,P3b,qwen3-8b,ai,676
D11814.docx,batch02,abstract-ART001513498,P3b,qwen3-8b,ai,455
D11815.docx,batch02,abstract-ART000858721,P3b,qwen3-8b,ai,920
D11816.docx,batch02,abstract-ART002513701,P3b,qwen3-8b,ai,621
D11817.docx,batch02,abstract-ART000868040,P3b,qwen3-8b,ai,967
D11818.docx,batch02,abstract-ART001895095,P3b,qwen3-8b,ai,636
D11819.docx,batch02,abstract-ART000875538,P3b,qwen3-8b,ai,527
D11820.docx,batch02,abstract-ART000886184,P3b,qwen3-8b,ai,484
D11821.docx,batch02,abstract-ART000870089,P3b,qwen3-8b,ai,449
D11822.docx,batch02,abstract-ART000889003,P3b,qwen3-8b,ai,407
D11823.docx,batch02,abstract-ART000864285,P3b,qwen3-8b,ai,662
D11824.docx,batch02,abstract-ART000900020,P3b,qwen3-8b,ai,811
D11825.docx,batch02,abstract-ART002214652,P3b,qwen3-8b,ai,1041
D11826.docx,batch02,abstract-ART000903638,P3b,qwen3-8b,ai,1025
D11827.docx,batch02,abstract-ART000874561,P3b,qwen3-8b,ai,570
D11828.docx,batch02,abstract-ART000879087,P3b,qwen3-8b,ai,333
D11829.docx,batch02,abstract-ART000898049,P3b,qwen3-8b,ai,633
D11830.docx,batch02,abstract-ART000868926,P3b,qwen3-8b,ai,807
D11831.docx,batch02,abstract-ART000868178,P3b,qwen3-8b,ai,281
D11832.docx,batch02,abstract-ART000902254,P3b,qwen3-8b,ai,465
D11833.docx,batch02,abstract-ART001621068,P3b,qwen3-8b,ai,517
D11834.docx,batch02,abstract-ART000884065,P3b,qwen3-8b,ai,286
D11835.docx,batch02,abstract-ART000861744,P3b,qwen3-8b,ai,374
D11836.docx,batch02,abstract-ART002407411,P3b,qwen3-8b,ai,706
D11837.docx,batch02,abstract-ART000870092,P3b,qwen3-8b,ai,444
D11838.docx,batch02,abstract-ART001771845,P3b,qwen3-8b,ai,592
D11839.docx,batch02,abstract-ART000858578,P3b,qwen3-8b,ai,842
D11840.docx,batch02,abstract-ART000859327,P3b,qwen3-8b,ai,627
D11841.docx,batch02,abstract-ART000874067,P3b,qwen3-8b,ai,449
D11842.docx,batch02,abstract-ART000888290,P3b,qwen3-8b,ai,605
D11843.docx,batch02,abstract-ART000880283,P3b,qwen3-8b,ai,381
D11844.docx,batch02,abstract-ART000906249,P3b,qwen3-8b,ai,862
D11845.docx,batch02,abstract-ART000907358,P3b,qwen3-8b,ai,380
D11846.docx,batch02,abstract-ART000892890,P3b,qwen3-8b,ai,427
D11847.docx,batch02,abstract-ART000861026,P3b,qwen3-8b,ai,601
D11848.docx,batch02,abstract-ART000864587,P3b,qwen3-8b,ai,411
D11849.docx,batch02,abstract-ART000890734,P3b,qwen3-8b,ai,391
D11850.docx,batch02,abstract-ART001640229,P3b,qwen3-8b,ai,721
D11851.docx,batch02,abstract-ART000901862,P3b,qwen3-8b,ai,595
D11852.docx,batch02,abstract-ART000892910,P3b,qwen3-8b,ai,746
D11853.docx,batch02,abstract-ART000866111,P3b,qwen3-8b,ai,298
D11854.docx,batch02,abstract-ART000867198,P3b,qwen3-8b,ai,302
D11855.docx,batch02,abstract-ART000900226,P3b,qwen3-8b,ai,759
D11856.docx,batch02,abstract-ART000891930,P3b,qwen3-8b,ai,415
D11857.docx,batch02,abstract-ART000871101,P3b,qwen3-8b,ai,415
D11858.docx,batch02,abstract-ART000874407,P3b,qwen3-8b,ai,466
D11859.docx,batch02,abstract-ART000863545,P3b,qwen3-8b,ai,471
D11860.docx,batch02,abstract-ART000892598,P3b,qwen3-8b,ai,720
D11861.docx,batch02,abstract-ART000881033,P3b,qwen3-8b,ai,795
D11862.docx,batch02,abstract-ART001669846,P3b,qwen3-8b,ai,1107
D11863.docx,batch02,abstract-ART000887090,P3b,qwen3-8b,ai,663
D11864.docx,batch02,abstract-ART000900109,P3b,qwen3-8b,ai,648
D11865.docx,batch02,abstract-ART000863197,P3b,qwen3-8b,ai,394
D11866.docx,batch02,abstract-ART000903222,P3b,qwen3-8b,ai,583
D11867.docx,batch02,abstract-ART000905461,P3b,qwen3-8b,ai,342
D11868.docx,batch02,abstract-ART000896539,P3b,qwen3-8b,ai,490
D11869.docx,batch02,abstract-ART000893297,P3b,qwen3-8b,ai,973
D11870.docx,batch02,abstract-ART002069617,P3b,qwen3-8b,ai,455
D11871.docx,batch02,abstract-ART000881331,P3b,qwen3-8b,ai,549
D11872.docx,batch02,abstract-ART000861913,P3b,qwen3-8b,ai,468
D11873.docx,batch02,abstract-ART000906131,P3b,qwen3-8b,ai,435
D11874.docx,batch02,abstract-ART000855464,P3b,qwen3-8b,ai,788
D11875.docx,batch02,abstract-ART000893185,P3b,qwen3-8b,ai,549
D11876.docx,batch02,abstract-ART000893199,P3b,qwen3-8b,ai,714
D11877.docx,batch02,abstract-ART000901198,P3b,qwen3-8b,ai,318
D11878.docx,batch02,abstract-ART000879623,P3b,qwen3-8b,ai,437
D11879.docx,batch02,abstract-ART000863085,P3b,qwen3-8b,ai,722
D11880.docx,batch02,abstract-ART001491109,P3b,qwen3-8b,ai,929
D11881.docx,batch02,abstract-ART000903640,P3b,qwen3-8b,ai,848
D11882.docx,batch02,abstract-ART000900216,P3b,qwen3-8b,ai,651
D11883.docx,batch02,abstract-ART000896136,P3b,qwen3-8b,ai,635
D11884.docx,batch02,abstract-ART000869221,P3b,qwen3-8b,ai,313
D11885.docx,batch02,abstract-ART000889462,P3b,qwen3-8b,ai,322
D11886.docx,batch02,abstract-ART000880367,P3b,qwen3-8b,ai,506
D11887.docx,batch02,abstract-ART000883822,P3b,qwen3-8b,ai,554
D11888.docx,batch02,abstract-ART000867482,P3b,qwen3-8b,ai,328
D11889.docx,batch02,abstract-ART000890737,P3b,qwen3-8b,ai,372
D11890.docx,batch02,abstract-ART000896175,P3b,qwen3-8b,ai,571
D11891.docx,batch02,abstract-ART000863140,P3b,qwen3-8b,ai,994
D11892.docx,batch02,abstract-ART000856285,P3b,qwen3-8b,ai,433
D11893.docx,batch02,abstract-ART001734636,P3b,qwen3-8b,ai,573
D11894.docx,batch02,abstract-ART000866944,P3b,qwen3-8b,ai,722
D11895.docx,batch02,abstract-ART001621267,P3b,qwen3-8b,ai,692
D11896.docx,batch02,abstract-ART001947610,P3b,qwen3-8b,ai,330
D11897.docx,batch02,abstract-ART000894097,P3b,qwen3-8b,ai,315
D11898.docx,batch02,abstract-ART000852557,P3b,qwen3-8b,ai,387
D11899.docx,batch02,abstract-ART000878293,P3b,qwen3-8b,ai,364
D11900.docx,batch02,abstract-ART000882822,P3b,qwen3-8b,ai,444
D11901.docx,batch03,abstract-ART000906330,P3b,qwen3-8b,ai,559
D11902.docx,batch03,abstract-ART000900604,P3b,qwen3-8b,ai,325
D11903.docx,batch03,abstract-ART001638064,P3b,qwen3-8b,ai,485
D11904.docx,batch03,abstract-ART000900148,P3b,qwen3-8b,ai,622
D11905.docx,batch03,abstract-ART000905601,P3b,qwen3-8b,ai,365
D11906.docx,batch03,abstract-ART000900253,P3b,qwen3-8b,ai,476
D11907.docx,batch03,abstract-ART000867395,P3b,qwen3-8b,ai,284
D11908.docx,batch03,abstract-ART000852649,P3b,qwen3-8b,ai,486
D11909.docx,batch03,abstract-ART001649859,P3b,qwen3-8b,ai,753
D11910.docx,batch03,abstract-ART000852887,P3b,qwen3-8b,ai,645
D11911.docx,batch03,abstract-ART000885362,P3b,qwen3-8b,ai,788
D11912.docx,batch03,abstract-ART000900301,P3b,qwen3-8b,ai,654
D11913.docx,batch03,abstract-ART000880369,P3b,qwen3-8b,ai,369
D11914.docx,batch03,abstract-ART000871189,P3b,qwen3-8b,ai,476
D11915.docx,batch03,abstract-ART000905632,P3b,qwen3-8b,ai,586
D11916.docx,batch03,abstract-ART000880139,P3b,qwen3-8b,ai,411
D11917.docx,batch03,abstract-ART000884537,P3b,qwen3-8b,ai,785
D11918.docx,batch03,abstract-ART000900862,P3b,qwen3-8b,ai,578
D11919.docx,batch03,abstract-ART000864893,P3b,qwen3-8b,ai,370
D11920.docx,batch03,abstract-ART000892908,P3b,qwen3-8b,ai,638
D11921.docx,batch03,abstract-ART000892094,P3b,qwen3-8b,ai,581
D11922.docx,batch03,abstract-ART000874760,P3b,qwen3-8b,ai,411
D11923.docx,batch03,abstract-ART002480941,P3b,qwen3-8b,ai,529
D11924.docx,batch03,abstract-ART000868593,P3b,qwen3-8b,ai,1131
D11925.docx,batch03,abstract-ART000863528,P3b,qwen3-8b,ai,288
D11926.docx,batch03,abstract-ART000876914,P3b,qwen3-8b,ai,534
D11927.docx,batch03,abstract-ART000864385,P3b,qwen3-8b,ai,820
D11928.docx,batch03,abstract-ART000890176,P3b,qwen3-8b,ai,331
D11929.docx,batch03,abstract-ART000882417,P3b,qwen3-8b,ai,409
D11930.docx,batch03,abstract-ART000900484,P3b,qwen3-8b,ai,903
D11931.docx,batch03,abstract-ART000874250,P3b,qwen3-8b,ai,763
D11932.docx,batch03,abstract-ART000861690,P3b,qwen3-8b,ai,754
D11933.docx,batch03,abstract-ART000903276,P3b,qwen3-8b,ai,368
D11934.docx,batch03,abstract-ART000882763,P3b,qwen3-8b,ai,458
D11935.docx,batch03,abstract-ART000898456,P3b,qwen3-8b,ai,556
D11936.docx,batch03,abstract-ART000895522,P3b,qwen3-8b,ai,681
D11937.docx,batch03,abstract-ART000867543,P3b,qwen3-8b,ai,375
D11938.docx,batch03,abstract-ART000889456,P3b,qwen3-8b,ai,407
D11939.docx,batch03,abstract-ART000861939,P3b,qwen3-8b,ai,497
D11940.docx,batch03,abstract-ART000875655,P3b,qwen3-8b,ai,565
D11941.docx,batch03,abstract-ART000851304,P3b,qwen3-8b,ai,539
D11942.docx,batch03,abstract-ART000864813,P3b,qwen3-8b,ai,444
D11943.docx,batch03,abstract-ART000898329,P3b,qwen3-8b,ai,986
D11944.docx,batch03,abstract-ART000851875,P3b,qwen3-8b,ai,540
D11945.docx,batch03,abstract-ART000881757,P3b,qwen3-8b,ai,369
D11946.docx,batch03,abstract-ART000860448,P3b,qwen3-8b,ai,295
D11947.docx,batch03,abstract-ART000863635,P3b,qwen3-8b,ai,353
D11948.docx,batch03,abstract-ART000861860,P3b,qwen3-8b,ai,678
D11949.docx,batch03,abstract-ART000885357,P3b,qwen3-8b,ai,576
D11950.docx,batch03,abstract-ART000854123,P3b,qwen3-8b,ai,831
D11951.docx,batch03,abstract-ART001963618,P3b,qwen3-8b,ai,831
D11952.docx,batch03,abstract-ART001895643,P3b,qwen3-8b,ai,387
D11953.docx,batch03,abstract-ART000877416,P3b,qwen3-8b,ai,379
D11954.docx,batch03,abstract-ART000902141,P3b,qwen3-8b,ai,552
D11955.docx,batch03,abstract-ART002196354,P3b,qwen3-8b,ai,580
D11956.docx,batch03,abstract-ART000888454,P3b,qwen3-8b,ai,323
D11957.docx,batch03,abstract-ART000875542,P3b,qwen3-8b,ai,630
D11958.docx,batch03,abstract-ART000896546,P3b,qwen3-8b,ai,503
D11959.docx,batch03,abstract-ART001889194,P3b,qwen3-8b,ai,443
D11960.docx,batch03,abstract-ART000895757,P3b,qwen3-8b,ai,646
D11961.docx,batch03,abstract-ART000885833,P3b,qwen3-8b,ai,825
D11962.docx,batch03,abstract-ART000874691,P3b,qwen3-8b,ai,369
D11963.docx,batch03,abstract-ART000863145,P3b,qwen3-8b,ai,501
D11964.docx,batch03,abstract-ART001890496,P3b,qwen3-8b,ai,802
D11965.docx,batch03,abstract-ART000856180,P3b,qwen3-8b,ai,410
D11966.docx,batch03,abstract-ART000895464,P3b,qwen3-8b,ai,439
D11967.docx,batch03,abstract-ART000856089,P3b,qwen3-8b,ai,422
D11968.docx,batch03,abstract-ART000908060,P3b,qwen3-8b,ai,316
D11969.docx,batch03,abstract-ART000862103,P3b,qwen3-8b,ai,954
D11970.docx,batch03,abstract-ART000876384,P3b,qwen3-8b,ai,801
D11971.docx,batch03,abstract-ART000853026,P3b,qwen3-8b,ai,461
D11972.docx,batch03,abstract-ART001991577,P3b,qwen3-8b,ai,386
D11973.docx,batch03,abstract-ART000874515,P3b,qwen3-8b,ai,321
D11974.docx,batch03,abstract-ART001424866,P3b,qwen3-8b,ai,580
D11975.docx,batch03,abstract-ART000868942,P3b,qwen3-8b,ai,301
D11976.docx,batch03,abstract-ART000886006,P3b,qwen3-8b,ai,663
D11977.docx,batch03,abstract-ART001962522,P3b,qwen3-8b,ai,523
D11978.docx,batch03,abstract-ART000904861,P3b,qwen3-8b,ai,748
D11979.docx,batch03,abstract-ART000857863,P3b,qwen3-8b,ai,432
D11980.docx,batch03,abstract-ART000880724,P3b,qwen3-8b,ai,530
D11981.docx,batch03,abstract-ART000863212,P3b,qwen3-8b,ai,680
D11982.docx,batch03,abstract-ART000865964,P3b,qwen3-8b,ai,401
D11983.docx,batch03,abstract-ART000885598,P3b,qwen3-8b,ai,594
D11984.docx,batch03,abstract-ART000858235,P3b,qwen3-8b,ai,415
D11985.docx,batch03,abstract-ART001942455,P3b,qwen3-8b,ai,533
D11986.docx,batch03,abstract-ART000857983,P3b,qwen3-8b,ai,384
D11987.docx,batch03,abstract-ART000864210,P3b,qwen3-8b,ai,755
D11988.docx,batch03,abstract-ART000869420,P3b,qwen3-8b,ai,279
D11989.docx,batch03,abstract-ART000902712,P3b,qwen3-8b,ai,583
D11990.docx,batch03,abstract-ART001690791,P3b,qwen3-8b,ai,665
D11991.docx,batch03,abstract-ART001834307,P3b,qwen3-8b,ai,630
D11992.docx,batch03,abstract-ART000884325,P3b,qwen3-8b,ai,1143
D11993.docx,batch03,abstract-ART000884232,P3b,qwen3-8b,ai,953
D11994.docx,batch03,abstract-ART002012570,P3b,qwen3-8b,ai,522
D11995.docx,batch03,abstract-ART000872835,P3b,qwen3-8b,ai,805
D11996.docx,batch03,abstract-ART000897273,P3b,qwen3-8b,ai,326
D11997.docx,batch03,abstract-ART000905652,P3b,qwen3-8b,ai,862
D11998.docx,batch03,abstract-ART001914136,P3b,qwen3-8b,ai,765
D11999.docx,batch03,abstract-ART000861032,P3b,qwen3-8b,ai,590
D12000.docx,batch03,abstract-ART000861264,P3b,qwen3-8b,ai,570
D12001.docx,batch03,abstract-ART000883948,P3b,qwen3-8b,ai,634
D12002.docx,batch03,abstract-ART000862095,P3b,qwen3-8b,ai,521
D12003.docx,batch03,abstract-ART000904873,P3b,qwen3-8b,ai,857
D12004.docx,batch03,abstract-ART000863798,P3b,qwen3-8b,ai,708
D12005.docx,batch03,abstract-ART000905555,P3b,qwen3-8b,ai,392
D12006.docx,batch03,abstract-ART000906404,P3b,qwen3-8b,ai,571
D12007.docx,batch03,abstract-ART000869883,P3b,qwen3-8b,ai,492
D12008.docx,batch03,abstract-ART000851795,P3b,qwen3-8b,ai,490
D12009.docx,batch03,abstract-ART000860782,P3b,qwen3-8b,ai,949
D12010.docx,batch03,abstract-ART000877325,P3b,qwen3-8b,ai,399
D12011.docx,batch03,abstract-ART000859640,P3b,qwen3-8b,ai,908
D12012.docx,batch03,abstract-ART000852143,P3b,qwen3-8b,ai,559
D12013.docx,batch03,abstract-ART000893678,P3b,qwen3-8b,ai,534
D12014.docx,batch03,abstract-ART000857996,P3b,qwen3-8b,ai,974
D12015.docx,batch03,abstract-ART000900181,P3b,qwen3-8b,ai,793
D12016.docx,batch03,abstract-ART000869227,P3b,qwen3-8b,ai,319
D12017.docx,batch03,abstract-ART001786196,P3b,qwen3-8b,ai,475
D12018.docx,batch03,abstract-ART000896143,P3b,qwen3-8b,ai,962
D12019.docx,batch03,abstract-ART000852629,P3b,qwen3-8b,ai,587
D12020.docx,batch03,abstract-ART000855978,P3b,qwen3-8b,ai,803
D12021.docx,batch03,abstract-ART000863205,P3b,qwen3-8b,ai,722
D12022.docx,batch03,abstract-ART000857302,P3b,qwen3-8b,ai,767
D12023.docx,batch03,abstract-ART000875820,P3b,qwen3-8b,ai,665
D12024.docx,batch03,abstract-ART001360782,P3b,qwen3-8b,ai,619
D12025.docx,batch03,abstract-ART000900016,P3b,qwen3-8b,ai,979
D12026.docx,batch03,abstract-ART000899262,P3b,qwen3-8b,ai,324
D12027.docx,batch03,abstract-ART002063300,P3b,qwen3-8b,ai,483
D12028.docx,batch03,abstract-ART000869711,P3b,qwen3-8b,ai,470
D12029.docx,batch03,abstract-ART000868357,P3b,qwen3-8b,ai,789
D12030.docx,batch03,abstract-ART000892907,P3b,qwen3-8b,ai,348
D12031.docx,batch03,abstract-ART000872605,P3b,qwen3-8b,ai,562
D12032.docx,batch03,abstract-ART000873626,P3b,qwen3-8b,ai,695
D12033.docx,batch03,abstract-ART002093212,P3b,qwen3-8b,ai,726
D12034.docx,batch03,abstract-ART000895447,P3b,qwen3-8b,ai,614
D12035.docx,batch03,abstract-ART000852926,P3b,qwen3-8b,ai,856
D12036.docx,batch03,abstract-ART000881845,P3b,qwen3-8b,ai,633
D12037.docx,batch03,abstract-ART000889383,P3b,qwen3-8b,ai,604
D12038.docx,batch03,abstract-ART000854660,P3b,qwen3-8b,ai,607
D12039.docx,batch03,abstract-ART000880438,P3b,qwen3-8b,ai,747
D12040.docx,batch03,abstract-ART002408111,P3b,qwen3-8b,ai,689
D12041.docx,batch03,abstract-ART000883227,P3b,qwen3-8b,ai,715
D12042.docx,batch03,abstract-ART000857671,P3b,qwen3-8b,ai,527
D12043.docx,batch03,abstract-ART000892818,P3b,qwen3-8b,ai,845
D12044.docx,batch03,abstract-ART000869567,P3b,qwen3-8b,ai,400
D12045.docx,batch03,abstract-ART001483507,P3b,qwen3-8b,ai,519
D12046.docx,batch03,abstract-ART000865983,P3b,qwen3-8b,ai,344
D12047.docx,batch03,abstract-ART000858018,P3b,qwen3-8b,ai,992
D12048.docx,batch03,abstract-ART000906747,P3b,qwen3-8b,ai,370
D12049.docx,batch03,abstract-ART000905389,P3b,qwen3-8b,ai,371
D12050.docx,batch03,abstract-ART000895835,P3b,qwen3-8b,ai,618
D12051.docx,batch03,abstract-ART000867134,P3b,qwen3-8b,ai,817
D12052.docx,batch03,abstract-ART000891792,P3b,qwen3-8b,ai,718
D12053.docx,batch03,abstract-ART000902050,P3b,qwen3-8b,ai,977
D12054.docx,batch03,abstract-ART000903063,P3b,qwen3-8b,ai,428
D12055.docx,batch03,abstract-ART000890738,P3b,qwen3-8b,ai,531
D12056.docx,batch03,abstract-ART000892677,P3b,qwen3-8b,ai,793
D12057.docx,batch03,abstract-ART000886645,P3b,qwen3-8b,ai,641
D12058.docx,batch03,abstract-ART001557876,P3b,qwen3-8b,ai,503
D12059.docx,batch03,abstract-ART000882845,P3b,qwen3-8b,ai,318
D12060.docx,batch03,abstract-ART000888370,P3b,qwen3-8b,ai,582
D12061.docx,batch03,abstract-ART000877099,P3b,qwen3-8b,ai,384
D12062.docx,batch03,abstract-ART000895548,P3b,qwen3-8b,ai,708
D12063.docx,batch03,abstract-ART001938139,P3b,qwen3-8b,ai,399
D12064.docx,batch03,abstract-ART001497745,P3b,qwen3-8b,ai,442
D12065.docx,batch03,abstract-ART000905494,P3b,qwen3-8b,ai,659
D12066.docx,batch03,abstract-ART000879074,P3b,qwen3-8b,ai,829
D12067.docx,batch03,abstract-ART000893062,P3b,qwen3-8b,ai,403
D12068.docx,batch03,abstract-ART000865176,P3b,qwen3-8b,ai,489
D12069.docx,batch03,abstract-ART000875793,P3b,qwen3-8b,ai,1042
D12070.docx,batch03,abstract-ART000893259,P3b,qwen3-8b,ai,490
D12071.docx,batch03,abstract-ART000861084,P3b,qwen3-8b,ai,544
D12072.docx,batch03,abstract-ART000872626,P3b,qwen3-8b,ai,741
D12073.docx,batch03,abstract-ART000885046,P3b,qwen3-8b,ai,596
D12074.docx,batch03,abstract-ART000897795,P3b,qwen3-8b,ai,562
D12075.docx,batch03,abstract-ART000905316,P3b,qwen3-8b,ai,433
D12076.docx,batch03,abstract-ART001613399,P3b,qwen3-8b,ai,624
D12077.docx,batch03,abstract-ART000864293,P3b,qwen3-8b,ai,382
D12078.docx,batch03,abstract-ART001155438,P3b,qwen3-8b,ai,606
D12079.docx,batch03,abstract-ART000905926,P3b,qwen3-8b,ai,481
D12080.docx,batch03,abstract-ART000852180,P3b,qwen3-8b,ai,542
D12081.docx,batch03,abstract-ART002012347,P3b,qwen3-8b,ai,807
D12082.docx,batch03,abstract-ART000873157,P3b,qwen3-8b,ai,532
D12083.docx,batch03,abstract-ART000899919,P3b,qwen3-8b,ai,1057
D12084.docx,batch03,abstract-ART000863523,P3b,qwen3-8b,ai,531
D12085.docx,batch03,abstract-ART000901041,P3b,qwen3-8b,ai,354
D12086.docx,batch03,abstract-ART000850962,P3b,qwen3-8b,ai,605
D12087.docx,batch03,abstract-ART001967007,P3b,qwen3-8b,ai,492
D12088.docx,batch03,abstract-ART000903318,P3b,qwen3-8b,ai,559
D12089.docx,batch03,abstract-ART000902804,P3b,qwen3-8b,ai,357
D12090.docx,batch03,abstract-ART000876891,P3b,qwen3-8b,ai,667
D12091.docx,batch03,abstract-ART000856062,P3b,qwen3-8b,ai,689
D12092.docx,batch03,abstract-ART000901734,P3b,qwen3-8b,ai,319
D12093.docx,batch03,abstract-ART000905267,P3b,qwen3-8b,ai,388
D12094.docx,batch03,abstract-ART002525680,P3b,qwen3-8b,ai,630
D12095.docx,batch03,abstract-ART000862581,P3b,qwen3-8b,ai,410
D12096.docx,batch03,abstract-ART000898237,P3b,qwen3-8b,ai,868
D12097.docx,batch03,abstract-ART000860376,P3b,qwen3-8b,ai,609
D12098.docx,batch03,abstract-ART000892915,P3b,qwen3-8b,ai,531
D12099.docx,batch03,abstract-ART000868187,P3b,qwen3-8b,ai,696
D12100.docx,batch03,abstract-ART000904614,P3b,qwen3-8b,ai,595
D12101.docx,batch03,abstract-ART000900218,P3b,qwen3-8b,ai,560
D12102.docx,batch03,abstract-ART000885909,P3b,qwen3-8b,ai,547
D12103.docx,batch03,abstract-ART000906491,P3b,qwen3-8b,ai,648
D12104.docx,batch03,abstract-ART000854121,P3b,qwen3-8b,ai,416
D12105.docx,batch03,abstract-ART000883485,P3b,qwen3-8b,ai,480
D12106.docx,batch03,abstract-ART000875743,P3b,qwen3-8b,ai,636
D12107.docx,batch03,abstract-ART000875791,P3b,qwen3-8b,ai,556
D12108.docx,batch03,abstract-ART000906428,P3b,qwen3-8b,ai,389
D12109.docx,batch03,abstract-ART000904240,P3b,qwen3-8b,ai,831
D12110.docx,batch03,abstract-ART000905966,P3b,qwen3-8b,ai,373
D12111.docx,batch03,abstract-ART000896386,P3b,qwen3-8b,ai,341
D12112.docx,batch03,abstract-ART000875746,P3b,qwen3-8b,ai,979
D12113.docx,batch03,abstract-ART000861828,P3b,qwen3-8b,ai,613
D12114.docx,batch03,abstract-ART000904629,P3b,qwen3-8b,ai,576
D12115.docx,batch03,abstract-ART000854093,P3b,qwen3-8b,ai,390
D12116.docx,batch03,abstract-ART001771652,P3b,qwen3-8b,ai,675
D12117.docx,batch03,abstract-ART000905937,P3b,qwen3-8b,ai,776
D12118.docx,batch03,abstract-ART001553588,P3b,qwen3-8b,ai,705
D12119.docx,batch03,abstract-ART000893847,P3b,qwen3-8b,ai,360
D12120.docx,batch03,abstract-ART000863634,P3b,qwen3-8b,ai,324
D12121.docx,batch03,abstract-ART000896774,P3b,qwen3-8b,ai,459
D12122.docx,batch03,abstract-ART001406930,P3b,qwen3-8b,ai,883
D12123.docx,batch03,abstract-ART000902774,P3b,qwen3-8b,ai,487
D12124.docx,batch03,abstract-ART000896142,P3b,qwen3-8b,ai,797
D12125.docx,batch03,abstract-ART000860885,P3b,qwen3-8b,ai,681
D12126.docx,batch03,abstract-ART000858857,P3b,qwen3-8b,ai,337
D12127.docx,batch03,abstract-ART000901184,P3b,qwen3-8b,ai,309
D12128.docx,batch03,abstract-ART000863125,P3b,qwen3-8b,ai,422
D12129.docx,batch03,abstract-ART002073448,P3b,qwen3-8b,ai,815
D12130.docx,batch03,abstract-ART000863083,P3b,qwen3-8b,ai,888
D12131.docx,batch03,abstract-ART000851953,P3b,qwen3-8b,ai,352
D12132.docx,batch03,abstract-ART000891624,P3b,qwen3-8b,ai,413
D12133.docx,batch03,abstract-ART000901351,P3b,qwen3-8b,ai,1119
D12134.docx,batch03,abstract-ART000875322,P3b,qwen3-8b,ai,411
D12135.docx,batch03,abstract-ART000890172,P3b,qwen3-8b,ai,606
D12136.docx,batch03,abstract-ART000854033,P3b,qwen3-8b,ai,1084
D12137.docx,batch03,abstract-ART001939117,P3b,qwen3-8b,ai,685
D12138.docx,batch03,abstract-ART000889303,P3b,qwen3-8b,ai,886
D12139.docx,batch03,abstract-ART000869422,P3b,qwen3-8b,ai,617
D12140.docx,batch03,abstract-ART000903288,P3b,qwen3-8b,ai,519
D12141.docx,batch03,abstract-ART001890529,P3b,qwen3-8b,ai,573
D12142.docx,batch03,abstract-ART001939120,P3b,qwen3-8b,ai,601
D12143.docx,batch03,abstract-ART000896543,P3b,qwen3-8b,ai,352
D12144.docx,batch03,abstract-ART000905851,P3b,qwen3-8b,ai,445
D12145.docx,batch03,abstract-ART000906411,P3b,qwen3-8b,ai,807
D12146.docx,batch03,abstract-ART000861758,P3b,qwen3-8b,ai,364
D12147.docx,batch03,abstract-ART000894248,P3b,qwen3-8b,ai,416
D12148.docx,batch03,abstract-ART000869714,P3b,qwen3-8b,ai,640
D12149.docx,batch03,abstract-ART000906420,P3b,qwen3-8b,ai,456
D12150.docx,batch03,abstract-ART000863268,P3b,qwen3-8b,ai,504
D12151.docx,batch03,abstract-ART000880723,P3b,qwen3-8b,ai,481
D12152.docx,batch03,abstract-ART000852591,P3b,qwen3-8b,ai,479
D12153.docx,batch03,abstract-ART000864274,P3b,qwen3-8b,ai,881
D12154.docx,batch03,abstract-ART002469041,P3b,qwen3-8b,ai,484
D12155.docx,batch03,abstract-ART000868113,P3b,qwen3-8b,ai,728
D12156.docx,batch03,abstract-ART002551615,P3b,qwen3-8b,ai,775
D12157.docx,batch03,abstract-ART000895408,P3b,qwen3-8b,ai,654
D12158.docx,batch03,abstract-ART000900115,P3b,qwen3-8b,ai,537
D12159.docx,batch03,abstract-ART000855631,P3b,qwen3-8b,ai,327
D12160.docx,batch03,abstract-ART001473432,P3b,qwen3-8b,ai,699
D12161.docx,batch03,abstract-ART000906080,P3b,qwen3-8b,ai,485
D12162.docx,batch03,abstract-ART000903244,P3b,qwen3-8b,ai,548
D12163.docx,batch03,abstract-ART000874486,P3b,qwen3-8b,ai,847
D12164.docx,batch03,abstract-ART002254583,P3b,qwen3-8b,ai,541
D12165.docx,batch03,abstract-ART000852319,P3b,qwen3-8b,ai,757
D12166.docx,batch03,abstract-ART000853387,P3b,qwen3-8b,ai,474
D12167.docx,batch03,abstract-ART002349076,P3b,qwen3-8b,ai,757
D12168.docx,batch03,abstract-ART000875032,P3b,qwen3-8b,ai,366
D12169.docx,batch03,abstract-ART000864191,P3b,qwen3-8b,ai,502
D12170.docx,batch03,abstract-ART000865131,P3b,qwen3-8b,ai,504
D12171.docx,batch03,abstract-ART000852891,P3b,qwen3-8b,ai,808
D12172.docx,batch03,abstract-ART000880132,P3b,qwen3-8b,ai,391
D12173.docx,batch03,abstract-ART000878996,P3b,qwen3-8b,ai,568
D12174.docx,batch03,abstract-ART002003431,P3b,qwen3-8b,ai,554
D12175.docx,batch03,abstract-ART000905575,P3b,qwen3-8b,ai,439
D12176.docx,batch03,abstract-ART000900324,P3b,qwen3-8b,ai,576
D12177.docx,batch03,abstract-ART001985870,P3b,qwen3-8b,ai,584
D12178.docx,batch03,abstract-ART000861167,P3b,qwen3-8b,ai,527
D12179.docx,batch03,abstract-ART000866099,P3b,qwen3-8b,ai,325
D12180.docx,batch03,abstract-ART000861855,P3b,qwen3-8b,ai,540
D12181.docx,batch03,abstract-ART000873549,P3b,qwen3-8b,ai,493
D12182.docx,batch03,abstract-ART001822050,P3b,qwen3-8b,ai,582
D12183.docx,batch03,abstract-ART000897124,P3b,qwen3-8b,ai,420
D12184.docx,batch03,abstract-ART000858816,P3b,qwen3-8b,ai,826
D12185.docx,batch03,abstract-ART001570021,P3b,qwen3-8b,ai,589
D12186.docx,batch03,abstract-ART000863792,P3b,qwen3-8b,ai,492
D12187.docx,batch03,abstract-ART000869075,P3b,qwen3-8b,ai,399
D12188.docx,batch03,abstract-ART000879196,P3b,qwen3-8b,ai,439
D12189.docx,batch03,abstract-ART000861158,P3b,qwen3-8b,ai,275
D12190.docx,batch03,abstract-ART000895649,P3b,qwen3-8b,ai,373
D12191.docx,batch03,abstract-ART000903426,P3b,qwen3-8b,ai,315
D12192.docx,batch03,abstract-ART001497932,P3b,qwen3-8b,ai,689
D12193.docx,batch03,abstract-ART000852012,P3b,qwen3-8b,ai,544
D12194.docx,batch03,abstract-ART001262318,P3b,qwen3-8b,ai,549
D12195.docx,batch03,abstract-ART000868014,P3b,qwen3-8b,ai,552
D12196.docx,batch03,abstract-ART000889012,P3b,qwen3-8b,ai,465
D12197.docx,batch03,abstract-ART000903423,P3b,qwen3-8b,ai,429
D12198.docx,batch03,abstract-ART002032261,P3b,qwen3-8b,ai,630
D12199.docx,batch03,abstract-ART000903383,P3b,qwen3-8b,ai,471
D12200.docx,batch03,abstract-ART000881119,P3b,qwen3-8b,ai,618
D12201.docx,batch03,abstract-ART000889436,P3b,qwen3-8b,ai,834
D12202.docx,batch03,abstract-ART000893380,P3b,qwen3-8b,ai,486
D12203.docx,batch03,abstract-ART000881025,P3b,qwen3-8b,ai,578
D12204.docx,batch03,abstract-ART000908037,P3b,qwen3-8b,ai,388
D12205.docx,batch03,abstract-ART000900155,P3b,qwen3-8b,ai,655
D12206.docx,batch03,abstract-ART000860368,P3b,qwen3-8b,ai,730
D12207.docx,batch03,abstract-ART000880445,P3b,qwen3-8b,ai,402
D12208.docx,batch03,abstract-ART000861280,P3b,qwen3-8b,ai,849
D12209.docx,batch03,abstract-ART000902665,P3b,qwen3-8b,ai,423
D12210.docx,batch03,abstract-ART002407262,P3b,qwen3-8b,ai,548
D12211.docx,batch03,abstract-ART000902864,P3b,qwen3-8b,ai,533
D12212.docx,batch03,abstract-ART000869401,P3b,qwen3-8b,ai,539
D12213.docx,batch03,abstract-ART000897562,P3b,qwen3-8b,ai,698
D12214.docx,batch03,abstract-ART000877077,P3b,qwen3-8b,ai,533
D12215.docx,batch03,abstract-ART000883006,P3b,qwen3-8b,ai,687
D12216.docx,batch03,abstract-ART000896080,P3b,qwen3-8b,ai,374
D12217.docx,batch03,abstract-ART000885064,P3b,qwen3-8b,ai,838
D12218.docx,batch03,abstract-ART000888803,P3b,qwen3-8b,ai,608
D12219.docx,batch03,abstract-ART000879969,P3b,qwen3-8b,ai,377
D12220.docx,batch03,abstract-ART000894146,P3b,qwen3-8b,ai,344
D12221.docx,batch03,abstract-ART000897748,P3b,qwen3-8b,ai,980
D12222.docx,batch03,abstract-ART002495311,P3b,qwen3-8b,ai,434
D12223.docx,batch03,abstract-ART000873928,P3b,qwen3-8b,ai,442
D12224.docx,batch03,abstract-ART000867509,P3b,qwen3-8b,ai,506
D12225.docx,batch03,abstract-ART001351032,P3b,qwen3-8b,ai,852
D12226.docx,batch03,abstract-ART000857407,P3b,qwen3-8b,ai,447
D12227.docx,batch03,abstract-ART000852641,P3b,qwen3-8b,ai,637
D12228.docx,batch03,abstract-ART000881763,P3b,qwen3-8b,ai,491
D12229.docx,batch03,abstract-ART000894227,P3b,qwen3-8b,ai,584
D12230.docx,batch03,abstract-ART002350304,P3b,qwen3-8b,ai,538
D12231.docx,batch03,abstract-ART000864289,P3b,qwen3-8b,ai,476
D12232.docx,batch03,abstract-ART000863621,P3b,qwen3-8b,ai,328
D12233.docx,batch03,abstract-ART000905305,P3b,qwen3-8b,ai,462
D12234.docx,batch03,abstract-ART000877178,P3b,qwen3-8b,ai,543
D12235.docx,batch03,abstract-ART000905398,P3b,qwen3-8b,ai,462
D12236.docx,batch03,abstract-ART000885294,P3b,qwen3-8b,ai,822
D12237.docx,batch03,abstract-ART002002433,P3b,qwen3-8b,ai,774
D12238.docx,batch03,abstract-ART001273459,P3b,qwen3-8b,ai,617
D12239.docx,batch03,abstract-ART001509740,P3b,qwen3-8b,ai,548
D12240.docx,batch03,abstract-ART000884539,P3b,qwen3-8b,ai,391
D12241.docx,batch03,abstract-ART000854042,P3b,qwen3-8b,ai,1011
D12242.docx,batch03,abstract-ART002367707,P3b,qwen3-8b,ai,700
D12243.docx,batch03,abstract-ART000892389,P3b,qwen3-8b,ai,599
D12244.docx,batch03,abstract-ART002441050,P3b,qwen3-8b,ai,494
D12245.docx,batch03,abstract-ART001872425,P3b,qwen3-8b,ai,995
D12246.docx,batch03,abstract-ART002460590,P3b,qwen3-8b,ai,521
D12247.docx,batch03,abstract-ART001497954,P3b,qwen3-8b,ai,746
D12248.docx,batch03,abstract-ART001474159,P3b,qwen3-8b,ai,436
D12249.docx,batch03,abstract-ART000900224,P3b,qwen3-8b,ai,803
D12250.docx,batch03,abstract-ART000869015,P3b,qwen3-8b,ai,501
D12251.docx,batch03,abstract-ART000905848,P3b,qwen3-8b,ai,402
D12252.docx,batch03,abstract-ART000892630,P3b,qwen3-8b,ai,351
D12253.docx,batch03,abstract-ART000861135,P3b,qwen3-8b,ai,871
D12254.docx,batch03,abstract-ART000902031,P3b,qwen3-8b,ai,558
D12255.docx,batch03,abstract-ART001223405,P3b,qwen3-8b,ai,899
D12256.docx,batch03,abstract-ART000876976,P3b,qwen3-8b,ai,975
D12257.docx,batch03,abstract-ART000850939,P3b,qwen3-8b,ai,872
D12258.docx,batch03,abstract-ART000895457,P3b,qwen3-8b,ai,623
D12259.docx,batch03,abstract-ART000883486,P3b,qwen3-8b,ai,447
D12260.docx,batch03,abstract-ART002104496,P3b,qwen3-8b,ai,1145
D12261.docx,batch03,abstract-ART000876574,P3b,qwen3-8b,ai,624
D12262.docx,batch03,abstract-ART000880354,P3b,qwen3-8b,ai,912
D12263.docx,batch03,abstract-ART000880127,P3b,qwen3-8b,ai,366
D12264.docx,batch03,abstract-ART000878295,P3b,qwen3-8b,ai,471
D12265.docx,batch03,abstract-ART000889453,P3b,qwen3-8b,ai,620
D12266.docx,batch03,abstract-ART000864581,P3b,qwen3-8b,ai,728
D12267.docx,batch03,abstract-ART000879179,P3b,qwen3-8b,ai,318
D12268.docx,batch03,abstract-ART000901646,P3b,qwen3-8b,ai,710
D12269.docx,batch03,abstract-ART000870155,P3b,qwen3-8b,ai,440
D12270.docx,batch03,abstract-ART000893132,P3b,qwen3-8b,ai,523
D12271.docx,batch03,abstract-ART000900328,P3b,qwen3-8b,ai,531
D12272.docx,batch03,abstract-ART000899110,P3b,qwen3-8b,ai,377
D12273.docx,batch03,abstract-ART000877419,P3b,qwen3-8b,ai,541
D12274.docx,batch03,abstract-ART000903174,P3b,qwen3-8b,ai,357
D12275.docx,batch03,abstract-ART000902821,P3b,qwen3-8b,ai,295
D12276.docx,batch03,abstract-ART000863714,P3b,qwen3-8b,ai,454
D12277.docx,batch03,abstract-ART000904872,P3b,qwen3-8b,ai,309
D12278.docx,batch03,abstract-ART000894741,P3b,qwen3-8b,ai,386
D12279.docx,batch03,abstract-ART000903239,P3b,qwen3-8b,ai,453
D12280.docx,batch03,abstract-ART000863561,P3b,qwen3-8b,ai,459
D12281.docx,batch03,abstract-ART000880213,P3b,qwen3-8b,ai,395
D12282.docx,batch03,abstract-ART001928695,P3b,qwen3-8b,ai,776
D12283.docx,batch03,abstract-ART000858314,P3b,qwen3-8b,ai,737
D12284.docx,batch03,abstract-ART000880797,P3b,qwen3-8b,ai,490
D12285.docx,batch03,abstract-ART001464005,P3b,qwen3-8b,ai,422
D12286.docx,batch03,abstract-ART000878884,P3b,qwen3-8b,ai,734
D12287.docx,batch03,abstract-ART000899453,P3b,qwen3-8b,ai,511
D12288.docx,batch03,abstract-ART000882294,P3b,qwen3-8b,ai,629
D12289.docx,batch03,abstract-ART002317696,P3b,qwen3-8b,ai,461
D12290.docx,batch03,abstract-ART000894173,P3b,qwen3-8b,ai,441
D12291.docx,batch03,abstract-ART000881941,P3b,qwen3-8b,ai,750
D12292.docx,batch03,abstract-ART000905071,P3b,qwen3-8b,ai,580
D12293.docx,batch03,abstract-ART000855471,P3b,qwen3-8b,ai,637
D12294.docx,batch03,abstract-ART002160672,P3b,qwen3-8b,ai,332
D12295.docx,batch03,abstract-ART000892667,P3b,qwen3-8b,ai,349
D12296.docx,batch03,abstract-ART000866557,P3b,qwen3-8b,ai,506
D12297.docx,batch03,abstract-ART000901650,P3b,qwen3-8b,ai,532
D12298.docx,batch03,abstract-ART000883930,P3b,qwen3-8b,ai,419
D12299.docx,batch03,abstract-ART002378742,P3b,qwen3-8b,ai,985
D12300.docx,batch03,abstract-ART001746650,P3b,qwen3-8b,ai,399
D12301.docx,batch03,abstract-ART000905658,P3b,qwen3-8b,ai,518
D12302.docx,batch03,abstract-ART000860801,P3b,qwen3-8b,ai,466
D12303.docx,batch03,abstract-ART000884623,P3b,qwen3-8b,ai,552
D12304.docx,batch03,abstract-ART000869483,P3b,qwen3-8b,ai,635
D12305.docx,batch03,abstract-ART000880728,P3b,qwen3-8b,ai,326
D12306.docx,batch03,abstract-ART000865124,P3b,qwen3-8b,ai,319
D12307.docx,batch03,abstract-ART000903392,P3b,qwen3-8b,ai,338
D12308.docx,batch03,abstract-ART000899673,P3b,qwen3-8b,ai,478
D12309.docx,batch03,abstract-ART000863084,P3b,qwen3-8b,ai,509
D12310.docx,batch03,abstract-ART000863623,P3b,qwen3-8b,ai,482
D12311.docx,batch03,abstract-ART000898334,P3b,qwen3-8b,ai,765
D12312.docx,batch03,abstract-ART000880730,P3b,qwen3-8b,ai,885
D12313.docx,batch03,abstract-ART000872045,P3b,qwen3-8b,ai,631
D12314.docx,batch03,abstract-ART002069582,P3b,qwen3-8b,ai,673
D12315.docx,batch03,abstract-ART000888663,P3b,qwen3-8b,ai,697
D12316.docx,batch03,abstract-ART001942340,P3b,qwen3-8b,ai,929
D12317.docx,batch03,abstract-ART000900929,P3b,qwen3-8b,ai,435
D12318.docx,batch03,abstract-ART000903032,P3b,qwen3-8b,ai,233
D12319.docx,batch03,abstract-ART000905338,P3b,qwen3-8b,ai,364
D12320.docx,batch03,abstract-ART000905747,P3b,qwen3-8b,ai,386
D12321.docx,batch03,abstract-ART000900299,P3b,qwen3-8b,ai,994
D12322.docx,batch03,abstract-ART000875213,P3b,qwen3-8b,ai,336
D12323.docx,batch03,abstract-ART000867139,P3b,qwen3-8b,ai,821
D12324.docx,batch03,abstract-ART000863302,P3b,qwen3-8b,ai,877
D12325.docx,batch03,abstract-ART002516320,P3b,qwen3-8b,ai,552
D12326.docx,batch03,abstract-ART000898992,P3b,qwen3-8b,ai,726
D12327.docx,batch03,abstract-ART000890170,P3b,qwen3-8b,ai,767
D12328.docx,batch03,abstract-ART001256760,P3b,qwen3-8b,ai,504
D12329.docx,batch03,abstract-ART001688358,P3b,qwen3-8b,ai,1012
D12330.docx,batch03,abstract-ART000858321,P3b,qwen3-8b,ai,530
D12331.docx,batch03,abstract-ART000903141,P3b,qwen3-8b,ai,432
D12332.docx,batch03,abstract-ART000901052,P3b,qwen3-8b,ai,1171
D12333.docx,batch03,abstract-ART001414227,P3b,qwen3-8b,ai,654
D12334.docx,batch03,abstract-ART000900697,P3b,qwen3-8b,ai,497
D12335.docx,batch03,abstract-ART000880292,P3b,qwen3-8b,ai,324
D12336.docx,batch03,abstract-ART002141337,P3b,qwen3-8b,ai,566
D12337.docx,batch03,abstract-ART000882816,P3b,qwen3-8b,ai,702
D12338.docx,batch03,abstract-ART000895515,P3b,qwen3-8b,ai,552
D12339.docx,batch03,abstract-ART000903561,P3b,qwen3-8b,ai,626
D12340.docx,batch03,abstract-ART000890180,P3b,qwen3-8b,ai,892
D12341.docx,batch03,abstract-ART000879770,P3b,qwen3-8b,ai,522
D12342.docx,batch03,abstract-ART001734624,P3b,qwen3-8b,ai,592
D12343.docx,batch03,abstract-ART000903567,P3b,qwen3-8b,ai,522
D12344.docx,batch03,abstract-ART000893323,P3b,qwen3-8b,ai,881
D12345.docx,batch03,abstract-ART000900420,P3b,qwen3-8b,ai,890
D12346.docx,batch03,abstract-ART002069313,P3b,qwen3-8b,ai,511
D12347.docx,batch03,abstract-ART000861059,P3b,qwen3-8b,ai,500
D12348.docx,batch03,abstract-ART000861851,P3b,qwen3-8b,ai,608
D12349.docx,batch03,abstract-ART000858399,P3b,qwen3-8b,ai,733
D12350.docx,batch03,abstract-ART000875752,P3b,qwen3-8b,ai,715
D12351.docx,batch03,abstract-ART000895478,P3b,qwen3-8b,ai,421
D12352.docx,batch03,abstract-ART000872127,P3b,qwen3-8b,ai,337
D12353.docx,batch03,abstract-ART000857759,P3b,qwen3-8b,ai,495
D12354.docx,batch03,abstract-ART000901593,P3b,qwen3-8b,ai,551
D12355.docx,batch03,abstract-ART000860998,P3b,qwen3-8b,ai,607
D12356.docx,batch03,abstract-ART002477373,P3b,qwen3-8b,ai,531
D12357.docx,batch03,abstract-ART000858859,P3b,qwen3-8b,ai,498
D12358.docx,batch03,abstract-ART000863053,P3b,qwen3-8b,ai,597
D12359.docx,batch03,abstract-ART000899349,P3b,qwen3-8b,ai,1198
D12360.docx,batch03,abstract-ART000877106,P3b,qwen3-8b,ai,534
D12361.docx,batch03,abstract-ART002021404,P3b,qwen3-8b,ai,425
D12362.docx,batch03,abstract-ART000884332,P3b,qwen3-8b,ai,757
D12363.docx,batch03,abstract-ART001871294,P3b,qwen3-8b,ai,391
D12364.docx,batch03,abstract-ART000898539,P3b,qwen3-8b,ai,495
D12365.docx,batch03,abstract-ART000872296,P3b,qwen3-8b,ai,459
D12366.docx,batch03,abstract-ART000867927,P3b,qwen3-8b,ai,941
D12367.docx,batch03,abstract-ART000906527,P3b,qwen3-8b,ai,497
D12368.docx,batch03,abstract-ART000907510,P3b,qwen3-8b,ai,350
D12369.docx,batch03,abstract-ART000871796,P3b,qwen3-8b,ai,513
D12370.docx,batch03,abstract-ART000864812,P3b,qwen3-8b,ai,487
D12371.docx,batch03,abstract-ART000888869,P3b,qwen3-8b,ai,313
D12372.docx,batch03,abstract-ART000905930,P3b,qwen3-8b,ai,571
D12373.docx,batch03,abstract-ART001890479,P3b,qwen3-8b,ai,831
D12374.docx,batch03,abstract-ART000895756,P3b,qwen3-8b,ai,682
D12375.docx,batch03,abstract-ART000868523,P3b,qwen3-8b,ai,594
D12376.docx,batch03,abstract-ART000903069,P3b,qwen3-8b,ai,475
D12377.docx,batch03,abstract-ART001989261,P3b,qwen3-8b,ai,409
D12378.docx,batch03,abstract-ART000896165,P3b,qwen3-8b,ai,526
D12379.docx,batch03,abstract-ART000868533,P3b,qwen3-8b,ai,378
D12380.docx,batch03,abstract-ART001649855,P3b,qwen3-8b,ai,883
D12381.docx,batch03,abstract-ART000872114,P3b,qwen3-8b,ai,1046
D12382.docx,batch03,abstract-ART000900296,P3b,qwen3-8b,ai,654
D12383.docx,batch03,abstract-ART000896092,P3b,qwen3-8b,ai,522
D12384.docx,batch03,abstract-ART000900868,P3b,qwen3-8b,ai,340
D12385.docx,batch03,abstract-ART000884549,P3b,qwen3-8b,ai,526
D12386.docx,batch03,abstract-ART000908113,P3b,qwen3-8b,ai,510
D12387.docx,batch03,abstract-ART000889264,P3b,qwen3-8b,ai,487
D12388.docx,batch03,abstract-ART000886279,P3b,qwen3-8b,ai,499
D12389.docx,batch03,abstract-ART000882781,P3b,qwen3-8b,ai,335
D12390.docx,batch03,abstract-ART000869421,P3b,qwen3-8b,ai,594
D12391.docx,batch03,abstract-ART000882853,P3b,qwen3-8b,ai,557
D12392.docx,batch03,abstract-ART001305230,P3b,qwen3-8b,ai,497
D12393.docx,batch03,abstract-ART002461229,P3b,qwen3-8b,ai,573
D12394.docx,batch03,abstract-ART000896541,P3b,qwen3-8b,ai,371
D12395.docx,batch03,abstract-ART000877588,P3b,qwen3-8b,ai,525
D12396.docx,batch03,abstract-ART000901330,P3b,qwen3-8b,ai,543
D12397.docx,batch03,abstract-ART000881024,P3b,qwen3-8b,ai,336
D12398.docx,batch03,abstract-ART000903295,P3b,qwen3-8b,ai,426
D12399.docx,batch03,abstract-ART000869798,P3b,qwen3-8b,ai,329
D12400.docx,batch03,abstract-ART000905856,P3b,qwen3-8b,ai,508
D12401.docx,batch03,abstract-ART000886269,P3b,qwen3-8b,ai,362
D12402.docx,batch03,abstract-ART000908049,P3b,qwen3-8b,ai,534
D12403.docx,batch03,abstract-ART000899517,P3b,qwen3-8b,ai,1012
D12404.docx,batch03,abstract-ART000905421,P3b,qwen3-8b,ai,453
D12405.docx,batch03,abstract-ART000877427,P3b,qwen3-8b,ai,403
D12406.docx,batch03,abstract-ART000878923,P3b,qwen3-8b,ai,481
D12407.docx,batch03,abstract-ART000904623,P3b,qwen3-8b,ai,397
D12408.docx,batch03,abstract-ART000891952,P3b,qwen3-8b,ai,433
D12409.docx,batch03,abstract-ART000892736,P3b,qwen3-8b,ai,448
D12410.docx,batch03,abstract-ART000863209,P3b,qwen3-8b,ai,923
D12411.docx,batch03,abstract-ART000877425,P3b,qwen3-8b,ai,364
D12412.docx,batch03,abstract-ART000878920,P3b,qwen3-8b,ai,540
D12413.docx,batch03,abstract-ART000869462,P3b,qwen3-8b,ai,384
D12414.docx,batch03,abstract-ART000902113,P3b,qwen3-8b,ai,519
D12415.docx,batch03,abstract-ART000868205,P3b,qwen3-8b,ai,599
D12416.docx,batch03,abstract-ART000876998,P3b,qwen3-8b,ai,638
D12417.docx,batch03,abstract-ART001131677,P3b,qwen3-8b,ai,461
D12418.docx,batch03,abstract-ART000900921,P3b,qwen3-8b,ai,296
D12419.docx,batch03,abstract-ART000881111,P3b,qwen3-8b,ai,428
D12420.docx,batch03,abstract-ART000904419,P3b,qwen3-8b,ai,455
D12421.docx,batch03,abstract-ART000904494,P3b,qwen3-8b,ai,323
D12422.docx,batch03,abstract-ART000902711,P3b,qwen3-8b,ai,278
D12423.docx,batch03,abstract-ART000861229,P3b,qwen3-8b,ai,481
D12424.docx,batch03,abstract-ART000893694,P3b,qwen3-8b,ai,703
D12425.docx,batch03,abstract-ART000899279,P3b,qwen3-8b,ai,346
D12426.docx,batch03,abstract-ART000886247,P3b,qwen3-8b,ai,974
D12427.docx,batch03,abstract-ART000894059,P3b,qwen3-8b,ai,407
D12428.docx,batch03,abstract-ART000888625,P3b,qwen3-8b,ai,951
D12429.docx,batch03,abstract-ART000858892,P3b,qwen3-8b,ai,628
D12430.docx,batch03,abstract-ART001994251,P3b,qwen3-8b,ai,619
D12431.docx,batch03,abstract-ART002021297,P3b,qwen3-8b,ai,531
D12432.docx,batch03,abstract-ART000901651,P3b,qwen3-8b,ai,343
D12433.docx,batch03,abstract-ART000866907,P3b,qwen3-8b,ai,496
D12434.docx,batch03,abstract-ART000889002,P3b,qwen3-8b,ai,338
D12435.docx,batch03,abstract-ART000857379,P3b,qwen3-8b,ai,999
D12436.docx,batch03,abstract-ART000904956,P3b,qwen3-8b,ai,411
D12437.docx,batch03,abstract-ART000876412,P3b,qwen3-8b,ai,682
D12438.docx,batch03,abstract-ART000880949,P3b,qwen3-8b,ai,463
D12439.docx,batch03,abstract-ART000904886,P3b,qwen3-8b,ai,536
D12440.docx,batch03,abstract-ART000857387,P3b,qwen3-8b,ai,646
D12441.docx,batch03,abstract-ART000851500,P3b,qwen3-8b,ai,320
D12442.docx,batch03,abstract-ART002002317,P3b,qwen3-8b,ai,709
D12443.docx,batch03,abstract-ART000868097,P3b,qwen3-8b,ai,341
D12444.docx,batch03,abstract-ART000901086,P3b,qwen3-8b,ai,491
D12445.docx,batch03,abstract-ART000895512,P3b,qwen3-8b,ai,540
D12446.docx,batch03,abstract-ART000870082,P3b,qwen3-8b,ai,474
D12447.docx,batch03,abstract-ART000903813,P3b,qwen3-8b,ai,502
D12448.docx,batch03,abstract-ART000867759,P3b,qwen3-8b,ai,518
D12449.docx,batch03,abstract-ART001517622,P3b,qwen3-8b,ai,560
D12450.docx,batch03,abstract-ART000899510,P3b,qwen3-8b,ai,1077
D12451.docx,batch03,abstract-ART001780402,P3b,qwen3-8b,ai,817
D12452.docx,batch03,abstract-ART001942446,P3b,qwen3-8b,ai,607
D12453.docx,batch03,abstract-ART000887186,P3b,qwen3-8b,ai,292
D12454.docx,batch03,abstract-ART000895386,P3b,qwen3-8b,ai,544
D12455.docx,batch03,abstract-ART000905411,P3b,qwen3-8b,ai,422
D12456.docx,batch03,abstract-ART000876893,P3b,qwen3-8b,ai,521
D12457.docx,batch03,abstract-ART002119310,P3b,qwen3-8b,ai,603
D12458.docx,batch03,abstract-ART000905315,P3b,qwen3-8b,ai,855
D12459.docx,batch03,abstract-ART000902174,P3b,qwen3-8b,ai,374
D12460.docx,batch03,abstract-ART000869809,P3b,qwen3-8b,ai,932
D12461.docx,batch03,abstract-ART000850833,P3b,qwen3-8b,ai,452
D12462.docx,batch03,abstract-ART000880477,P3b,qwen3-8b,ai,647
D12463.docx,batch03,abstract-ART001844898,P3b,qwen3-8b,ai,655
D12464.docx,batch03,abstract-ART000861938,P3b,qwen3-8b,ai,418
D12465.docx,batch03,abstract-ART000889900,P3b,qwen3-8b,ai,890
D12466.docx,batch03,abstract-ART000895831,P3b,qwen3-8b,ai,679
D12467.docx,batch03,abstract-ART000851946,P3b,qwen3-8b,ai,680
D12468.docx,batch03,abstract-ART000879660,P3b,qwen3-8b,ai,468
D12469.docx,batch03,abstract-ART000906437,P3b,qwen3-8b,ai,400
D12470.docx,batch03,abstract-ART002114200,P3b,qwen3-8b,ai,620
D12471.docx,batch03,abstract-ART000895524,P3b,qwen3-8b,ai,1007
D12472.docx,batch03,abstract-ART000875920,P3b,qwen3-8b,ai,661
D12473.docx,batch03,abstract-ART000870016,P3b,qwen3-8b,ai,887
D12474.docx,batch03,abstract-ART000898458,P3b,qwen3-8b,ai,797
D12475.docx,batch03,abstract-ART000900152,P3b,qwen3-8b,ai,386
D12476.docx,batch03,abstract-ART000888930,P3b,qwen3-8b,ai,427
D12477.docx,batch03,abstract-ART001582873,P3b,qwen3-8b,ai,786
D12478.docx,batch03,abstract-ART000899448,P3b,qwen3-8b,ai,602
D12479.docx,batch03,abstract-ART000895894,P3b,qwen3-8b,ai,868
D12480.docx,batch03,abstract-ART000896088,P3b,qwen3-8b,ai,417
D12481.docx,batch03,abstract-ART000867487,P3b,qwen3-8b,ai,506
D12482.docx,batch03,abstract-ART000899955,P3b,qwen3-8b,ai,631
D12483.docx,batch03,abstract-ART000860955,P3b,qwen3-8b,ai,333
D12484.docx,batch03,abstract-ART000900258,P3b,qwen3-8b,ai,439
D12485.docx,batch03,abstract-ART000885308,P3b,qwen3-8b,ai,622
D12486.docx,batch03,abstract-ART000862094,P3b,qwen3-8b,ai,379
D12487.docx,batch03,abstract-ART000858318,P3b,qwen3-8b,ai,575
D12488.docx,batch03,abstract-ART000868117,P3b,qwen3-8b,ai,588
D12489.docx,batch03,abstract-ART000905412,P3b,qwen3-8b,ai,721
D12490.docx,batch03,abstract-ART000905560,P3b,qwen3-8b,ai,584
D12491.docx,batch03,abstract-ART001834295,P3b,qwen3-8b,ai,550
D12492.docx,batch03,abstract-ART000896064,P3b,qwen3-8b,ai,867
D12493.docx,batch03,abstract-ART000870362,P3b,qwen3-8b,ai,806
D12494.docx,batch03,abstract-ART000854501,P3b,qwen3-8b,ai,421
D12495.docx,batch03,abstract-ART000885594,P3b,qwen3-8b,ai,612
D12496.docx,batch03,abstract-ART001942361,P3b,qwen3-8b,ai,770
D12497.docx,batch03,abstract-ART000869973,P3b,qwen3-8b,ai,827
D12498.docx,batch03,abstract-ART000905923,P3b,qwen3-8b,ai,553
D12499.docx,batch03,abstract-ART000854198,P3b,qwen3-8b,ai,668
D12500.docx,batch03,abstract-ART000900147,P3b,qwen3-8b,ai,658
D12501.docx,batch03,abstract-ART000896470,P3b,qwen3-8b,ai,457
D12502.docx,batch03,abstract-ART000874911,P3b,qwen3-8b,ai,507
D12503.docx,batch03,abstract-ART000879177,P3b,qwen3-8b,ai,490
D12504.docx,batch03,abstract-ART000864446,P3b,qwen3-8b,ai,609
D12505.docx,batch03,abstract-ART000858309,P3b,qwen3-8b,ai,518
D12506.docx,batch03,abstract-ART000878967,P3b,qwen3-8b,ai,690
D12507.docx,batch03,abstract-ART000904971,P3b,qwen3-8b,ai,303
D12508.docx,batch03,abstract-ART000902517,P3b,qwen3-8b,ai,368
D12509.docx,batch03,abstract-ART000861619,P3b,qwen3-8b,ai,620
D12510.docx,batch03,abstract-ART000889382,P3b,qwen3-8b,ai,684
D12511.docx,batch03,abstract-ART000888287,P3b,qwen3-8b,ai,531
D12512.docx,batch03,abstract-ART000863374,P3b,qwen3-8b,ai,334
D12513.docx,batch03,abstract-ART002135836,P3b,qwen3-8b,ai,365
D12514.docx,batch03,abstract-ART000888828,P3b,qwen3-8b,ai,428
D12515.docx,batch03,abstract-ART000874565,P3b,qwen3-8b,ai,551
D12516.docx,batch03,abstract-ART000852806,P3b,qwen3-8b,ai,444
D12517.docx,batch03,abstract-ART000853774,P3b,qwen3-8b,ai,860
D12518.docx,batch03,abstract-ART000887616,P3b,qwen3-8b,ai,450
D12519.docx,batch03,abstract-ART000866955,P3b,qwen3-8b,ai,505
D12520.docx,batch03,abstract-ART002487254,P3b,qwen3-8b,ai,696
D12521.docx,batch03,abstract-ART002495730,P3b,qwen3-8b,ai,718
D12522.docx,batch03,abstract-ART000895558,P3b,qwen3-8b,ai,563
D12523.docx,batch03,abstract-ART000880281,P3b,qwen3-8b,ai,329
D12524.docx,batch03,abstract-ART000889053,P3b,qwen3-8b,ai,484
D12525.docx,batch03,abstract-ART000888219,P3b,qwen3-8b,ai,535
D12526.docx,batch03,abstract-ART000858895,P3b,qwen3-8b,ai,520
D12527.docx,batch03,abstract-ART000897669,P3b,qwen3-8b,ai,758
D12528.docx,batch03,abstract-ART002541045,P3b,qwen3-8b,ai,785
D12529.docx,batch03,abstract-ART000896155,P3b,qwen3-8b,ai,368
D12530.docx,batch03,abstract-ART000864520,P3b,qwen3-8b,ai,327
D12531.docx,batch03,abstract-ART000874696,P3b,qwen3-8b,ai,585
D12532.docx,batch03,abstract-ART000900485,P3b,qwen3-8b,ai,684
D12533.docx,batch03,abstract-ART000857861,P3b,qwen3-8b,ai,550
D12534.docx,batch03,abstract-ART001930178,P3b,qwen3-8b,ai,554
D12535.docx,batch03,abstract-ART001871286,P3b,qwen3-8b,ai,516
D12536.docx,batch03,abstract-ART001836394,P3b,qwen3-8b,ai,523
D12537.docx,batch03,abstract-ART000860375,P3b,qwen3-8b,ai,1010
D12538.docx,batch03,abstract-ART000852669,P3b,qwen3-8b,ai,792
D12539.docx,batch03,abstract-ART000863060,P3b,qwen3-8b,ai,759
D12540.docx,batch03,abstract-ART000906508,P3b,qwen3-8b,ai,519
D12541.docx,batch03,abstract-ART000868856,P3b,qwen3-8b,ai,1029
D12542.docx,batch03,abstract-ART002121420,P3b,qwen3-8b,ai,461
D12543.docx,batch03,abstract-ART000864579,P3b,qwen3-8b,ai,553
D12544.docx,batch03,abstract-ART000893128,P3b,qwen3-8b,ai,871
D12545.docx,batch03,abstract-ART000873573,P3b,qwen3-8b,ai,607
D12546.docx,batch03,abstract-ART000873961,P3b,qwen3-8b,ai,526
D12547.docx,batch03,abstract-ART000874574,P3b,qwen3-8b,ai,809
D12548.docx,batch03,abstract-ART000905240,P3b,qwen3-8b,ai,573
D12549.docx,batch03,abstract-ART000903391,P3b,qwen3-8b,ai,474
D12550.docx,batch03,abstract-ART000862579,P3b,qwen3-8b,ai,595
D12551.docx,batch03,abstract-ART000886182,P3b,qwen3-8b,ai,759
D12552.docx,batch03,abstract-ART000900157,P3b,qwen3-8b,ai,815
D12553.docx,batch03,abstract-ART000888985,P3b,qwen3-8b,ai,389
D12554.docx,batch03,abstract-ART000864380,P3b,qwen3-8b,ai,691
D12555.docx,batch03,abstract-ART000892854,P3b,qwen3-8b,ai,964
D12556.docx,batch03,abstract-ART000900105,P3b,qwen3-8b,ai,811
D12557.docx,batch03,abstract-ART001584888,P3b,qwen3-8b,ai,763
D12558.docx,batch03,abstract-ART000861914,P3b,qwen3-8b,ai,516
D12559.docx,batch03,abstract-ART000904689,P3b,qwen3-8b,ai,509
D12560.docx,batch03,abstract-ART000899674,P3b,qwen3-8b,ai,804
D12561.docx,batch03,abstract-ART000885302,P3b,qwen3-8b,ai,516
D12562.docx,batch03,abstract-ART000884192,P3b,qwen3-8b,ai,832
D12563.docx,batch03,abstract-ART000902048,P3b,qwen3-8b,ai,1092
D12564.docx,batch03,abstract-ART001707580,P3b,qwen3-8b,ai,644
D12565.docx,batch03,abstract-ART000852795,P3b,qwen3-8b,ai,553
D12566.docx,batch03,abstract-ART000903419,P3b,qwen3-8b,ai,812
D12567.docx,batch03,abstract-ART000861905,P3b,qwen3-8b,ai,538
D12568.docx,batch03,abstract-ART000870283,P3b,qwen3-8b,ai,810
D12569.docx,batch03,abstract-ART000880290,P3b,qwen3-8b,ai,433
D12570.docx,batch03,abstract-ART000860714,P3b,qwen3-8b,ai,845
D12571.docx,batch03,abstract-ART000894229,P3b,qwen3-8b,ai,467
D12572.docx,batch03,abstract-ART000877335,P3b,qwen3-8b,ai,425
D12573.docx,batch03,abstract-ART000896067,P3b,qwen3-8b,ai,958
D12574.docx,batch03,abstract-ART000860891,P3b,qwen3-8b,ai,564
D12575.docx,batch03,abstract-ART000893320,P3b,qwen3-8b,ai,785
D12576.docx,batch03,abstract-ART000872946,P3b,qwen3-8b,ai,514
D12577.docx,batch03,abstract-ART000902132,P3b,qwen3-8b,ai,646
D12578.docx,batch03,abstract-ART000896015,P3b,qwen3-8b,ai,413
D12579.docx,batch03,abstract-ART000900174,P3b,qwen3-8b,ai,608
D12580.docx,batch03,abstract-ART000861222,P3b,qwen3-8b,ai,778
D12581.docx,batch03,abstract-ART000877507,P3b,qwen3-8b,ai,491
D12582.docx,batch03,abstract-ART000878867,P3b,qwen3-8b,ai,683
D12583.docx,batch03,abstract-ART000861514,P3b,qwen3-8b,ai,576
D12584.docx,batch03,abstract-ART000852257,P3b,qwen3-8b,ai,660
D12585.docx,batch03,abstract-ART000868276,P3b,qwen3-8b,ai,1060
D12586.docx,batch03,abstract-ART000896794,P3b,qwen3-8b,ai,335
D12587.docx,batch03,abstract-ART000885216,P3b,qwen3-8b,ai,575
D12588.docx,batch03,abstract-ART001540245,P3b,qwen3-8b,ai,978
D12589.docx,batch03,abstract-ART000876015,P3b,qwen3-8b,ai,462
D12590.docx,batch03,abstract-ART000871725,P3b,qwen3-8b,ai,905
D12591.docx,batch03,abstract-ART000867661,P3b,qwen3-8b,ai,457
D12592.docx,batch03,abstract-ART001918288,P3b,qwen3-8b,ai,486
D12593.docx,batch03,abstract-ART000852089,P3b,qwen3-8b,ai,436
D12594.docx,batch03,abstract-ART000868250,P3b,qwen3-8b,ai,554
D12595.docx,batch03,abstract-ART000852013,P3b,qwen3-8b,ai,462
D12596.docx,batch03,abstract-ART000867489,P3b,qwen3-8b,ai,524
D12597.docx,batch03,abstract-ART000896091,P3b,qwen3-8b,ai,380
D12598.docx,batch03,abstract-ART000875003,P3b,qwen3-8b,ai,417
D12599.docx,batch03,abstract-ART000905329,P3b,qwen3-8b,ai,461
D12600.docx,batch03,abstract-ART000861427,P3b,qwen3-8b,ai,307
D12601.docx,batch03,abstract-ART000852674,P3b,qwen3-8b,ai,1088
D12602.docx,batch03,abstract-ART000896468,P3b,qwen3-8b,ai,533
D12603.docx,batch03,abstract-ART001878109,P3b,qwen3-8b,ai,547
D12604.docx,batch03,abstract-ART000868126,P3b,qwen3-8b,ai,772
D12605.docx,batch03,abstract-ART000864629,P3b,qwen3-8b,ai,398
D12606.docx,batch03,abstract-ART001835836,P3b,qwen3-8b,ai,378
D12607.docx,batch03,abstract-ART000868131,P3b,qwen3-8b,ai,330
D12608.docx,batch03,abstract-ART000894149,P3b,qwen3-8b,ai,475
D12609.docx,batch03,abstract-ART000883810,P3b,qwen3-8b,ai,572
D12610.docx,batch03,abstract-ART000860340,P3b,qwen3-8b,ai,775
D12611.docx,batch03,abstract-ART000885500,P3b,qwen3-8b,ai,706
D12612.docx,batch03,abstract-ART000908115,P3b,qwen3-8b,ai,372
D12613.docx,batch03,abstract-ART001149899,P3b,qwen3-8b,ai,761
D12614.docx,batch03,abstract-ART000896161,P3b,qwen3-8b,ai,575
D12615.docx,batch03,abstract-ART001878102,P3b,qwen3-8b,ai,505
D12616.docx,batch03,abstract-ART000892523,P3b,qwen3-8b,ai,461
D12617.docx,batch03,abstract-ART000901980,P3b,qwen3-8b,ai,499
D12618.docx,batch03,abstract-ART000885589,P3b,qwen3-8b,ai,300
D12619.docx,batch03,abstract-ART000891802,P3b,qwen3-8b,ai,965
D12620.docx,batch03,abstract-ART000901742,P3b,qwen3-8b,ai,334
D12621.docx,batch03,abstract-ART001474378,P3b,qwen3-8b,ai,459
D12622.docx,batch03,abstract-ART001400139,P3b,qwen3-8b,ai,333
D12623.docx,batch03,abstract-ART002095158,P3b,qwen3-8b,ai,386
D12624.docx,batch03,abstract-ART000892529,P3b,qwen3-8b,ai,748
D12625.docx,batch03,abstract-ART000896240,P3b,qwen3-8b,ai,372
D12626.docx,batch03,abstract-ART000876895,P3b,qwen3-8b,ai,627
D12627.docx,batch03,abstract-ART002147931,P3b,qwen3-8b,ai,701
D12628.docx,batch03,abstract-ART000870212,P3b,qwen3-8b,ai,914
D12629.docx,batch03,abstract-ART000884796,P3b,qwen3-8b,ai,550
D12630.docx,batch03,abstract-ART000873373,P3b,qwen3-8b,ai,614
D12631.docx,batch03,abstract-ART000887635,P3b,qwen3-8b,ai,562
D12632.docx,batch03,abstract-ART000893142,P3b,qwen3-8b,ai,398
D12633.docx,batch03,abstract-ART001835853,P3b,qwen3-8b,ai,508
D12634.docx,batch03,abstract-ART000904716,P3b,qwen3-8b,ai,351
D12635.docx,batch03,abstract-ART000864742,P3b,qwen3-8b,ai,602
D12636.docx,batch03,abstract-ART000858320,P3b,qwen3-8b,ai,588
D12637.docx,batch03,abstract-ART000864455,P3b,qwen3-8b,ai,629
D12638.docx,batch03,abstract-ART000865044,P3b,qwen3-8b,ai,393
D12639.docx,batch03,abstract-ART001598367,P3b,qwen3-8b,ai,652
D12640.docx,batch03,abstract-ART000900264,P3b,qwen3-8b,ai,502
D12641.docx,batch03,abstract-ART000875654,P3b,qwen3-8b,ai,693
D12642.docx,batch03,abstract-ART000881040,P3b,qwen3-8b,ai,388
D12643.docx,batch03,abstract-ART000891769,P3b,qwen3-8b,ai,668
D12644.docx,batch03,abstract-ART000900760,P3b,qwen3-8b,ai,485
D12645.docx,batch03,abstract-ART000863702,P3b,qwen3-8b,ai,391
D12646.docx,batch03,abstract-ART000857399,P3b,qwen3-8b,ai,1008
D12647.docx,batch03,abstract-ART000890024,P3b,qwen3-8b,ai,566
D12648.docx,batch03,abstract-ART000906263,P3b,qwen3-8b,ai,354
D12649.docx,batch03,abstract-ART000900225,P3b,qwen3-8b,ai,537
D12650.docx,batch03,abstract-ART000885514,P3b,qwen3-8b,ai,980
D12651.docx,batch03,abstract-ART000857851,P3b,qwen3-8b,ai,488
D12652.docx,batch03,abstract-ART000885676,P3b,qwen3-8b,ai,892
D12653.docx,batch03,abstract-ART000870048,P3b,qwen3-8b,ai,642
D12654.docx,batch03,abstract-ART000898125,P3b,qwen3-8b,ai,647
D12655.docx,batch03,abstract-ART000868190,P3b,qwen3-8b,ai,862
D12656.docx,batch03,abstract-ART000886959,P3b,qwen3-8b,ai,438
D12657.docx,batch03,abstract-ART000873964,P3b,qwen3-8b,ai,309
D12658.docx,batch03,abstract-ART000852544,P3b,qwen3-8b,ai,378
D12659.docx,batch03,abstract-ART000889547,P3b,qwen3-8b,ai,376
D12660.docx,batch03,abstract-ART000906526,P3b,qwen3-8b,ai,365
D12661.docx,batch03,abstract-ART000896279,P3b,qwen3-8b,ai,338
D12662.docx,batch03,abstract-ART000895381,P3b,qwen3-8b,ai,696
D12663.docx,batch03,abstract-ART000864365,P3b,qwen3-8b,ai,404
D12664.docx,batch03,abstract-ART000894130,P3b,qwen3-8b,ai,354
D12665.docx,batch03,abstract-ART000855314,P3b,qwen3-8b,ai,526
D12666.docx,batch03,abstract-ART000873019,P3b,qwen3-8b,ai,364
D12667.docx,batch03,abstract-ART000876902,P3b,qwen3-8b,ai,329
D12668.docx,batch03,abstract-ART000881248,P3b,qwen3-8b,ai,414
D12669.docx,batch03,abstract-ART000857821,P3b,qwen3-8b,ai,420
D12670.docx,batch03,abstract-ART001097254,P3b,qwen3-8b,ai,464
D12671.docx,batch03,abstract-ART000900025,P3b,qwen3-8b,ai,831
D12672.docx,batch03,abstract-ART000879678,P3b,qwen3-8b,ai,493
D12673.docx,batch03,abstract-ART000903306,P3b,qwen3-8b,ai,297
D12674.docx,batch03,abstract-ART000855394,P3b,qwen3-8b,ai,515
D12675.docx,batch03,abstract-ART000903637,P3b,qwen3-8b,ai,679
D12676.docx,batch03,abstract-ART000852541,P3b,qwen3-8b,ai,551
D12677.docx,batch03,abstract-ART001464711,P3b,qwen3-8b,ai,553
D12678.docx,batch03,abstract-ART000888578,P3b,qwen3-8b,ai,370
D12679.docx,batch03,abstract-ART000861174,P3b,qwen3-8b,ai,599
D12680.docx,batch03,abstract-ART000869226,P3b,qwen3-8b,ai,494
D12681.docx,batch03,abstract-ART000863465,P3b,qwen3-8b,ai,309
D12682.docx,batch03,abstract-ART000865362,P3b,qwen3-8b,ai,307
D12683.docx,batch03,abstract-ART000866028,P3b,qwen3-8b,ai,365
D12684.docx,batch03,abstract-ART000864291,P3b,qwen3-8b,ai,635
D12685.docx,batch03,abstract-ART001578878,P3b,qwen3-8b,ai,758
D12686.docx,batch03,abstract-ART000861213,P3b,qwen3-8b,ai,765
D12687.docx,batch03,abstract-ART000892260,P3b,qwen3-8b,ai,341
D12688.docx,batch03,abstract-ART000861911,P3b,qwen3-8b,ai,394
D12689.docx,batch03,abstract-ART001796379,P3b,qwen3-8b,ai,484
D12690.docx,batch03,abstract-ART001887016,P3b,qwen3-8b,ai,416
D12691.docx,batch03,abstract-ART000890731,P3b,qwen3-8b,ai,366
D12692.docx,batch03,abstract-ART000877424,P3b,qwen3-8b,ai,388
D12693.docx,batch03,abstract-ART000880550,P3b,qwen3-8b,ai,758
D12694.docx,batch03,abstract-ART000873377,P3b,qwen3-8b,ai,417
D12695.docx,batch03,abstract-ART001904145,P3b,qwen3-8b,ai,516
D12696.docx,batch03,abstract-ART000901122,P3b,qwen3-8b,ai,642
D12697.docx,batch03,abstract-ART001310622,P3b,qwen3-8b,ai,454
D12698.docx,batch03,abstract-ART000904955,P3b,qwen3-8b,ai,494
D12699.docx,batch03,abstract-ART000893186,P3b,qwen3-8b,ai,311
D12700.docx,batch03,abstract-ART000900072,P3b,qwen3-8b,ai,331
D12701.docx,batch03,abstract-ART000870935,P3b,qwen3-8b,ai,386
D12702.docx,batch03,abstract-ART000861915,P3b,qwen3-8b,ai,427
D12703.docx,batch03,abstract-ART000864288,P3b,qwen3-8b,ai,879
D12704.docx,batch03,abstract-ART001975272,P3b,qwen3-8b,ai,609
D12705.docx,batch03,abstract-ART000868854,P3b,qwen3-8b,ai,635
D12706.docx,batch03,abstract-ART000890726,P3b,qwen3-8b,ai,637
D12707.docx,batch03,abstract-ART000863716,P3b,qwen3-8b,ai,534
D12708.docx,batch03,abstract-ART000893686,P3b,qwen3-8b,ai,509
D12709.docx,batch03,abstract-ART002147930,P3b,qwen3-8b,ai,836
D12710.docx,batch03,abstract-ART002022698,P3b,qwen3-8b,ai,500
D12711.docx,batch03,abstract-ART000851492,P3b,qwen3-8b,ai,645
D12712.docx,batch03,abstract-ART001705828,P3b,qwen3-8b,ai,684
D12713.docx,batch03,abstract-ART000905212,P3b,qwen3-8b,ai,585
D12714.docx,batch03,abstract-ART002582615,P3b,qwen3-8b,ai,918
D12715.docx,batch03,abstract-ART000905766,P3b,qwen3-8b,ai,580
D12716.docx,batch03,abstract-ART000902134,P3b,qwen3-8b,ai,414
D12717.docx,batch03,abstract-ART002441039,P3b,qwen3-8b,ai,792
D12718.docx,batch03,abstract-ART000868974,P3b,qwen3-8b,ai,710
D12719.docx,batch03,abstract-ART000902636,P3b,qwen3-8b,ai,456
D12720.docx,batch03,abstract-ART000879685,P3b,qwen3-8b,ai,537
D12721.docx,batch03,abstract-ART000895557,P3b,qwen3-8b,ai,330
D12722.docx,batch03,abstract-ART000905675,P3b,qwen3-8b,ai,519
D12723.docx,batch03,abstract-ART000856096,P3b,qwen3-8b,ai,556
D12724.docx,batch03,abstract-ART000875680,P3b,qwen3-8b,ai,733
D12725.docx,batch03,abstract-ART000882820,P3b,qwen3-8b,ai,492
D12726.docx,batch03,abstract-ART000903143,P3b,qwen3-8b,ai,420
D12727.docx,batch03,abstract-ART000864217,P3b,qwen3-8b,ai,666
D12728.docx,batch03,abstract-ART000902251,P3b,qwen3-8b,ai,602
D12729.docx,batch03,abstract-ART000904963,P3b,qwen3-8b,ai,379
D12730.docx,batch03,abstract-ART000865178,P3b,qwen3-8b,ai,635
D12731.docx,batch03,abstract-ART000881802,P3b,qwen3-8b,ai,574
D12732.docx,batch03,abstract-ART000884088,P3b,qwen3-8b,ai,718
D12733.docx,batch03,abstract-ART000864901,P3b,qwen3-8b,ai,565
D12734.docx,batch03,abstract-ART000883399,P3b,qwen3-8b,ai,561
D12735.docx,batch03,abstract-ART000864657,P3b,qwen3-8b,ai,859
D12736.docx,batch03,abstract-ART000860325,P3b,qwen3-8b,ai,362
D12737.docx,batch03,abstract-ART000863911,P3b,qwen3-8b,ai,882
D12738.docx,batch03,abstract-ART000906621,P3b,qwen3-8b,ai,695
D12739.docx,batch03,abstract-ART000903712,P3b,qwen3-8b,ai,773
D12740.docx,batch03,abstract-ART000886282,P3b,qwen3-8b,ai,368
D12741.docx,batch03,abstract-ART000908114,P3b,qwen3-8b,ai,579
D12742.docx,batch03,abstract-ART002147785,P3b,qwen3-8b,ai,731
D12743.docx,batch03,abstract-ART000894147,P3b,qwen3-8b,ai,461
D12744.docx,batch03,abstract-ART001606082,P3b,qwen3-8b,ai,785
D12745.docx,batch03,abstract-ART000902256,P3b,qwen3-8b,ai,479
D12746.docx,batch03,abstract-ART000862023,P3b,qwen3-8b,ai,964
D12747.docx,batch03,abstract-ART002147932,P3b,qwen3-8b,ai,1072
D12748.docx,batch03,abstract-ART000861675,P3b,qwen3-8b,ai,574
D12749.docx,batch03,abstract-ART000868522,P3b,qwen3-8b,ai,729
D12750.docx,batch03,abstract-ART000860444,P3b,qwen3-8b,ai,1056
D12751.docx,batch03,abstract-ART000862174,P3b,qwen3-8b,ai,422
D12752.docx,batch03,abstract-ART000877100,P3b,qwen3-8b,ai,468
D12753.docx,batch03,abstract-ART000896633,P3b,qwen3-8b,ai,385
D12754.docx,batch03,abstract-ART000899186,P3b,qwen3-8b,ai,349
D12755.docx,batch03,abstract-ART000852345,P3b,qwen3-8b,ai,947
D12756.docx,batch03,abstract-ART000860992,P3b,qwen3-8b,ai,775
D12757.docx,batch03,abstract-ART000884223,P3b,qwen3-8b,ai,884
D12758.docx,batch03,abstract-ART000873015,P3b,qwen3-8b,ai,478
D12759.docx,batch03,abstract-ART000852903,P3b,qwen3-8b,ai,534
D12760.docx,batch03,abstract-ART000852638,P3b,qwen3-8b,ai,562
D12761.docx,batch03,abstract-ART000900930,P3b,qwen3-8b,ai,349
D12762.docx,batch03,abstract-ART000906350,P3b,qwen3-8b,ai,808
D12763.docx,batch03,abstract-ART000861847,P3b,qwen3-8b,ai,374
D12764.docx,batch03,abstract-ART000900875,P3b,qwen3-8b,ai,435
D12765.docx,batch03,abstract-ART000864677,P3b,qwen3-8b,ai,766
D12766.docx,batch03,abstract-ART000898056,P3b,qwen3-8b,ai,542
D12767.docx,batch03,abstract-ART000907289,P3b,qwen3-8b,ai,369
D12768.docx,batch03,abstract-ART002320052,P3b,qwen3-8b,ai,725
D12769.docx,batch03,abstract-ART000901589,P3b,qwen3-8b,ai,532
D12770.docx,batch03,abstract-ART000899725,P3b,qwen3-8b,ai,772
D12771.docx,batch03,abstract-ART000895398,P3b,qwen3-8b,ai,381
D12772.docx,batch03,abstract-ART000902812,P3b,qwen3-8b,ai,497
D12773.docx,batch03,abstract-ART000904554,P3b,qwen3-8b,ai,512
D12774.docx,batch03,abstract-ART000904972,P3b,qwen3-8b,ai,344
D12775.docx,batch03,abstract-ART000865967,P3b,qwen3-8b,ai,445
D12776.docx,batch03,abstract-ART000856027,P3b,qwen3-8b,ai,732
D12777.docx,batch03,abstract-ART000864185,P3b,qwen3-8b,ai,982
D12778.docx,batch03,abstract-ART000852165,P3b,qwen3-8b,ai,492
D12779.docx,batch03,abstract-ART000902723,P3b,qwen3-8b,ai,452
D12780.docx,batch03,abstract-ART000876410,P3b,qwen3-8b,ai,695
D12781.docx,batch03,abstract-ART000881793,P3b,qwen3-8b,ai,391
D12782.docx,batch03,abstract-ART000873617,P3b,qwen3-8b,ai,545
D12783.docx,batch03,abstract-ART000864585,P3b,qwen3-8b,ai,523
D12784.docx,batch03,abstract-ART000902257,P3b,qwen3-8b,ai,758
D12785.docx,batch03,abstract-ART000889858,P3b,qwen3-8b,ai,377
D12786.docx,batch03,abstract-ART000902159,P3b,qwen3-8b,ai,583
D12787.docx,batch03,abstract-ART000880227,P3b,qwen3-8b,ai,341
D12788.docx,batch03,abstract-ART000904412,P3b,qwen3-8b,ai,438
D12789.docx,batch03,abstract-ART000900336,P3b,qwen3-8b,ai,541
D12790.docx,batch03,abstract-ART000902160,P3b,qwen3-8b,ai,483
D12791.docx,batch03,abstract-ART000875771,P3b,qwen3-8b,ai,368
D12792.docx,batch03,abstract-ART000852416,P3b,qwen3-8b,ai,814
D12793.docx,batch03,abstract-ART002073449,P3b,qwen3-8b,ai,321
D12794.docx,batch03,abstract-ART000856067,P3b,qwen3-8b,ai,724
D12795.docx,batch03,abstract-ART000905304,P3b,qwen3-8b,ai,485
D12796.docx,batch03,abstract-ART000868127,P3b,qwen3-8b,ai,668
D12797.docx,batch03,abstract-ART001714144,P3b,qwen3-8b,ai,924
D12798.docx,batch03,abstract-ART000905686,P3b,qwen3-8b,ai,597
D12799.docx,batch03,abstract-ART000852291,P3b,qwen3-8b,ai,460
D12800.docx,batch03,abstract-ART000885493,P3b,qwen3-8b,ai,454
D12801.docx,batch03,abstract-ART000874477,P3b,qwen3-8b,ai,706
D12802.docx,batch03,abstract-ART000854076,P3b,qwen3-8b,ai,652
D12803.docx,batch03,abstract-ART000902584,P3b,qwen3-8b,ai,405
D12804.docx,batch03,abstract-ART000890153,P3b,qwen3-8b,ai,401
D12805.docx,batch03,abstract-ART000880221,P3b,qwen3-8b,ai,688
D12806.docx,batch03,abstract-ART000850896,P3b,qwen3-8b,ai,675
D12807.docx,batch03,abstract-ART000897799,P3b,qwen3-8b,ai,724
D12808.docx,batch03,abstract-ART001642160,P3b,qwen3-8b,ai,666
D12809.docx,batch03,abstract-ART000852502,P3b,qwen3-8b,ai,795
D12810.docx,batch03,abstract-ART000866109,P3b,qwen3-8b,ai,403
D12811.docx,batch03,abstract-ART000864904,P3b,qwen3-8b,ai,707
D12812.docx,batch03,abstract-ART000874422,P3b,qwen3-8b,ai,700
D12813.docx,batch03,abstract-ART000896283,P3b,qwen3-8b,ai,531
D12814.docx,batch03,abstract-ART000860991,P3b,qwen3-8b,ai,324
D12815.docx,batch03,abstract-ART000868273,P3b,qwen3-8b,ai,556
D12816.docx,batch03,abstract-ART001304079,P3b,qwen3-8b,ai,604
D12817.docx,batch03,abstract-ART000893254,P3b,qwen3-8b,ai,455
D12818.docx,batch03,abstract-ART000896130,P3b,qwen3-8b,ai,446
D12819.docx,batch03,abstract-ART001886993,P3b,qwen3-8b,ai,748
D12820.docx,batch03,abstract-ART000905960,P3b,qwen3-8b,ai,596
D12821.docx,batch03,abstract-ART000858483,P3b,qwen3-8b,ai,571
D12822.docx,batch03,abstract-ART000905563,P3b,qwen3-8b,ai,749
D12823.docx,batch03,abstract-ART001834284,P3b,qwen3-8b,ai,526
D12824.docx,batch03,abstract-ART001620415,P3b,qwen3-8b,ai,594
D12825.docx,batch03,abstract-ART000863216,P3b,qwen3-8b,ai,803
D12826.docx,batch03,abstract-ART001529604,P3b,qwen3-8b,ai,421
D12827.docx,batch03,abstract-ART000854654,P3b,qwen3-8b,ai,624
D12828.docx,batch03,abstract-ART001950601,P3b,qwen3-8b,ai,424
D12829.docx,batch03,abstract-ART000862177,P3b,qwen3-8b,ai,398
D12830.docx,batch03,abstract-ART002133320,P3b,qwen3-8b,ai,557
D12831.docx,batch03,abstract-ART000882832,P3b,qwen3-8b,ai,359
D12832.docx,batch03,abstract-ART000868516,P3b,qwen3-8b,ai,483
D12833.docx,batch03,abstract-ART000903378,P3b,qwen3-8b,ai,474
D12834.docx,batch03,abstract-ART000901321,P3b,qwen3-8b,ai,698
D12835.docx,batch03,abstract-ART000905249,P3b,qwen3-8b,ai,443
D12836.docx,batch03,abstract-ART000898650,P3b,qwen3-8b,ai,550
D12837.docx,batch03,abstract-ART000861210,P3b,qwen3-8b,ai,792
D12838.docx,batch03,abstract-ART000891966,P3b,qwen3-8b,ai,456
D12839.docx,batch03,abstract-ART000899957,P3b,qwen3-8b,ai,404
D12840.docx,batch03,abstract-ART000877095,P3b,qwen3-8b,ai,697
D12841.docx,batch03,abstract-ART001304293,P3b,qwen3-8b,ai,583
D12842.docx,batch03,abstract-ART000863213,P3b,qwen3-8b,ai,446
D12843.docx,batch03,abstract-ART000859818,P3b,qwen3-8b,ai,505
D12844.docx,batch03,abstract-ART000850918,P3b,qwen3-8b,ai,648
D12845.docx,batch03,abstract-ART000897665,P3b,qwen3-8b,ai,609
D12846.docx,batch03,abstract-ART000893759,P3b,qwen3-8b,ai,366
D12847.docx,batch03,abstract-ART000874137,P3b,qwen3-8b,ai,588
D12848.docx,batch03,abstract-ART000875320,P3b,qwen3-8b,ai,405
D12849.docx,batch03,abstract-ART000883805,P3b,qwen3-8b,ai,639
D12850.docx,batch03,abstract-ART001863104,P3b,qwen3-8b,ai,434
D12851.docx,batch03,abstract-ART000902765,P3b,qwen3-8b,ai,660
D12852.docx,batch03,abstract-ART000888909,P3b,qwen3-8b,ai,315
D12853.docx,batch03,abstract-ART000857761,P3b,qwen3-8b,ai,508
D12854.docx,batch03,abstract-ART002566457,P3b,qwen3-8b,ai,637
D12855.docx,batch03,abstract-ART000903504,P3b,qwen3-8b,ai,364
D12856.docx,batch03,abstract-ART000900613,P3b,qwen3-8b,ai,298
D12857.docx,batch03,abstract-ART001974715,P3b,qwen3-8b,ai,399
D12858.docx,batch03,abstract-ART000852648,P3b,qwen3-8b,ai,414
D12859.docx,batch03,abstract-ART001889078,P3b,qwen3-8b,ai,771
D12860.docx,batch03,abstract-ART000875780,P3b,qwen3-8b,ai,506
D12861.docx,batch03,abstract-ART000865799,P3b,qwen3-8b,ai,447
D12862.docx,batch03,abstract-ART000877333,P3b,qwen3-8b,ai,347
D12863.docx,batch03,abstract-ART000905419,P3b,qwen3-8b,ai,279
D12864.docx,batch03,abstract-ART000889312,P3b,qwen3-8b,ai,722
D12865.docx,batch03,abstract-ART001789407,P3b,qwen3-8b,ai,747
D12866.docx,batch03,abstract-ART000904856,P3b,qwen3-8b,ai,687
D12867.docx,batch03,abstract-ART000857764,P3b,qwen3-8b,ai,637
D12868.docx,batch03,abstract-ART000868188,P3b,qwen3-8b,ai,775
D12869.docx,batch03,abstract-ART000884320,P3b,qwen3-8b,ai,1013
D12870.docx,batch03,abstract-ART000883229,P3b,qwen3-8b,ai,501
D12871.docx,batch03,abstract-ART000874257,P3b,qwen3-8b,ai,672
D12872.docx,batch03,abstract-ART001887055,P3b,qwen3-8b,ai,344
D12873.docx,batch03,abstract-ART000888455,P3b,qwen3-8b,ai,363
D12874.docx,batch03,abstract-ART000866034,P3b,qwen3-8b,ai,359
D12875.docx,batch03,abstract-ART000850844,P3b,qwen3-8b,ai,521
D12876.docx,batch03,abstract-ART002069274,P3b,qwen3-8b,ai,486
D12877.docx,batch03,abstract-ART000897563,P3b,qwen3-8b,ai,667
D12878.docx,batch03,abstract-ART000868182,P3b,qwen3-8b,ai,791
D12879.docx,batch03,abstract-ART000892689,P3b,qwen3-8b,ai,549
D12880.docx,batch03,abstract-ART000906151,P3b,qwen3-8b,ai,556
D12881.docx,batch03,abstract-ART000897565,P3b,qwen3-8b,ai,1136
D12882.docx,batch03,abstract-ART000877593,P3b,qwen3-8b,ai,535
D12883.docx,batch03,abstract-ART001621270,P3b,qwen3-8b,ai,350
D12884.docx,batch03,abstract-ART000863295,P3b,qwen3-8b,ai,861
D12885.docx,batch03,abstract-ART000895833,P3b,qwen3-8b,ai,691
D12886.docx,batch03,abstract-ART002002347,P3b,qwen3-8b,ai,850
D12887.docx,batch03,abstract-ART000901455,P3b,qwen3-8b,ai,927
D12888.docx,batch03,abstract-ART000903563,P3b,qwen3-8b,ai,562
D12889.docx,batch03,abstract-ART000903393,P3b,qwen3-8b,ai,616
D12890.docx,batch03,abstract-ART002176109,P3b,qwen3-8b,ai,624
D12891.docx,batch03,abstract-ART000858571,P3b,qwen3-8b,ai,792
D12892.docx,batch03,abstract-ART002367709,P3b,qwen3-8b,ai,580
D12893.docx,batch03,abstract-ART000900962,P3b,qwen3-8b,ai,940
D12894.docx,batch03,abstract-ART000903228,P3b,qwen3-8b,ai,690
D12895.docx,batch03,abstract-ART002487260,P3b,qwen3-8b,ai,912
D12896.docx,batch03,abstract-ART000858720,P3b,qwen3-8b,ai,1110
D12897.docx,batch03,abstract-ART000899254,P3b,qwen3-8b,ai,487
D12898.docx,batch03,abstract-ART000874759,P3b,qwen3-8b,ai,832
D12899.docx,batch03,abstract-ART000856095,P3b,qwen3-8b,ai,477
D12900.docx,batch03,abstract-ART000884784,P3b,qwen3-8b,ai,741
D12901.docx,batch03,abstract-ART000889386,P3b,qwen3-8b,ai,617
D12902.docx,batch03,abstract-ART000901930,P3b,qwen3-8b,ai,327
D12903.docx,batch03,abstract-ART000874253,P3b,qwen3-8b,ai,526
D12904.docx,batch03,abstract-ART002050441,P3b,qwen3-8b,ai,553
D12905.docx,batch03,abstract-ART000860815,P3b,qwen3-8b,ai,614
D12906.docx,batch03,abstract-ART000903030,P3b,qwen3-8b,ai,494
D12907.docx,batch03,abstract-ART000852245,P3b,qwen3-8b,ai,597
D12908.docx,batch03,abstract-ART000873436,P3b,qwen3-8b,ai,867
D12909.docx,batch03,abstract-ART000873543,P3b,qwen3-8b,ai,577
D12910.docx,batch03,abstract-ART000881792,P3b,qwen3-8b,ai,587
D12911.docx,batch03,abstract-ART000880282,P3b,qwen3-8b,ai,769
D12912.docx,batch03,abstract-ART000866862,P3b,qwen3-8b,ai,418
D12913.docx,batch03,abstract-ART000904970,P3b,qwen3-8b,ai,448
D12914.docx,batch03,abstract-ART000879098,P3b,qwen3-8b,ai,745
D12915.docx,batch03,abstract-ART000905067,P3b,qwen3-8b,ai,428
D12916.docx,batch03,abstract-ART000883376,P3b,qwen3-8b,ai,779
D12917.docx,batch03,abstract-ART000904791,P3b,qwen3-8b,ai,479
D12918.docx,batch03,abstract-ART002482790,P3b,qwen3-8b,ai,589
D12919.docx,batch03,abstract-ART000878552,P3b,qwen3-8b,ai,461
D12920.docx,batch03,abstract-ART000895989,P3b,qwen3-8b,ai,432
D12921.docx,batch03,abstract-ART000905718,P3b,qwen3-8b,ai,576
D12922.docx,batch03,abstract-ART000863894,P3b,qwen3-8b,ai,552
D12923.docx,batch03,abstract-ART000877102,P3b,qwen3-8b,ai,450
D12924.docx,batch03,abstract-ART000869395,P3b,qwen3-8b,ai,824
D12925.docx,batch03,abstract-ART002121411,P3b,qwen3-8b,ai,534
D12926.docx,batch03,abstract-ART000881116,P3b,qwen3-8b,ai,651
D12927.docx,batch03,abstract-ART002147697,P3b,qwen3-8b,ai,786
D12928.docx,batch03,abstract-ART000869072,P3b,qwen3-8b,ai,772
D12929.docx,batch03,abstract-ART000885411,P3b,qwen3-8b,ai,480
D12930.docx,batch03,abstract-ART000888917,P3b,qwen3-8b,ai,347
D12931.docx,batch03,abstract-ART000887086,P3b,qwen3-8b,ai,337
D12932.docx,batch03,abstract-ART000874694,P3b,qwen3-8b,ai,472
D12933.docx,batch03,abstract-ART000883943,P3b,qwen3-8b,ai,487
D12934.docx,batch03,abstract-ART000874609,P3b,qwen3-8b,ai,339
D12935.docx,batch03,abstract-ART000877002,P3b,qwen3-8b,ai,464
D12936.docx,batch03,abstract-ART000869497,P3b,qwen3-8b,ai,487
D12937.docx,batch03,abstract-ART000868517,P3b,qwen3-8b,ai,621
D12938.docx,batch03,abstract-ART001754998,P3b,qwen3-8b,ai,624
D12939.docx,batch03,abstract-ART000874558,P3b,qwen3-8b,ai,738
D12940.docx,batch03,abstract-ART000903064,P3b,qwen3-8b,ai,527
D12941.docx,batch03,abstract-ART000853124,P3b,qwen3-8b,ai,511
D12942.docx,batch03,abstract-ART000868107,P3b,qwen3-8b,ai,775
D12943.docx,batch03,abstract-ART000872262,P3b,qwen3-8b,ai,231
D12944.docx,batch03,abstract-ART000898988,P3b,qwen3-8b,ai,764
D12945.docx,batch03,abstract-ART000901789,P3b,qwen3-8b,ai,777
D12946.docx,batch03,abstract-ART000867072,P3b,qwen3-8b,ai,831
D12947.docx,batch03,abstract-ART000903565,P3b,qwen3-8b,ai,349
D12948.docx,batch03,abstract-ART000861671,P3b,qwen3-8b,ai,569
D12949.docx,batch03,abstract-ART000899454,P3b,qwen3-8b,ai,604
D12950.docx,batch03,abstract-ART000868458,P3b,qwen3-8b,ai,458
D12951.docx,batch03,abstract-ART000889451,P3b,qwen3-8b,ai,889
D12952.docx,batch03,abstract-ART000890254,P3b,qwen3-8b,ai,295
D12953.docx,batch03,abstract-ART000861672,P3b,qwen3-8b,ai,384
D12954.docx,batch03,abstract-ART000881405,P3b,qwen3-8b,ai,808
D12955.docx,batch03,abstract-ART000903785,P3b,qwen3-8b,ai,397
D12956.docx,batch03,abstract-ART000895475,P3b,qwen3-8b,ai,829
D12957.docx,batch03,abstract-ART000901790,P3b,qwen3-8b,ai,997
D12958.docx,batch03,abstract-ART000869407,P3b,qwen3-8b,ai,690
D12959.docx,batch03,abstract-ART000903356,P3b,qwen3-8b,ai,486
D12960.docx,batch03,abstract-ART000851219,P3b,qwen3-8b,ai,720
D12961.docx,batch03,abstract-ART001755008,P3b,qwen3-8b,ai,752
D12962.docx,batch03,abstract-ART000873625,P3b,qwen3-8b,ai,527
D12963.docx,batch03,abstract-ART000871792,P3b,qwen3-8b,ai,584
D12964.docx,batch03,abstract-ART000890250,P3b,qwen3-8b,ai,584
D12965.docx,batch03,abstract-ART001872524,P3b,qwen3-8b,ai,515
D12966.docx,batch03,abstract-ART000896202,P3b,qwen3-8b,ai,524
D12967.docx,batch03,abstract-ART000887112,P3b,qwen3-8b,ai,433
D12968.docx,batch03,abstract-ART000901574,P3b,qwen3-8b,ai,768
D12969.docx,batch03,abstract-ART002118253,P3b,qwen3-8b,ai,633
D12970.docx,batch03,abstract-ART000868194,P3b,qwen3-8b,ai,929
D12971.docx,batch03,abstract-ART000857691,P3b,qwen3-8b,ai,936
D12972.docx,batch03,abstract-ART002378002,P3b,qwen3-8b,ai,595
D12973.docx,batch03,abstract-ART000897800,P3b,qwen3-8b,ai,835
D12974.docx,batch03,abstract-ART000857765,P3b,qwen3-8b,ai,448
D12975.docx,batch03,abstract-ART002063748,P3b,qwen3-8b,ai,601
D12976.docx,batch03,abstract-ART000861078,P3b,qwen3-8b,ai,531
D12977.docx,batch03,abstract-ART000875862,P3b,qwen3-8b,ai,536
D12978.docx,batch03,abstract-ART000880945,P3b,qwen3-8b,ai,518
D12979.docx,batch03,abstract-ART000905415,P3b,qwen3-8b,ai,377
D12980.docx,batch03,abstract-ART000888682,P3b,qwen3-8b,ai,521
D12981.docx,batch03,abstract-ART002093473,P3b,qwen3-8b,ai,560
D12982.docx,batch03,abstract-ART000861020,P3b,qwen3-8b,ai,405
D12983.docx,batch03,abstract-ART000861191,P3b,qwen3-8b,ai,620
D12984.docx,batch03,abstract-ART000895760,P3b,qwen3-8b,ai,594
D12985.docx,batch03,abstract-ART000861035,P3b,qwen3-8b,ai,550
D12986.docx,batch03,abstract-ART000875411,P3b,qwen3-8b,ai,527
D12987.docx,batch03,abstract-ART000905501,P3b,qwen3-8b,ai,430
D12988.docx,batch03,abstract-ART000860995,P3b,qwen3-8b,ai,522
D12989.docx,batch03,abstract-ART000884968,P3b,qwen3-8b,ai,906
D12990.docx,batch03,abstract-ART000906082,P3b,qwen3-8b,ai,558
D12991.docx,batch03,abstract-ART001256762,P3b,qwen3-8b,ai,577
D12992.docx,batch03,abstract-ART001371732,P3b,qwen3-8b,ai,682
D12993.docx,batch03,abstract-ART000901314,P3b,qwen3-8b,ai,811
D12994.docx,batch03,abstract-ART001804377,P3b,qwen3-8b,ai,653
D12995.docx,batch03,abstract-ART000863620,P3b,qwen3-8b,ai,377
D12996.docx,batch03,abstract-ART000852031,P3b,qwen3-8b,ai,802
D12997.docx,batch03,abstract-ART000869085,P3b,qwen3-8b,ai,318
D12998.docx,batch03,abstract-ART000864028,P3b,qwen3-8b,ai,897
D12999.docx,batch03,abstract-ART000861906,P3b,qwen3-8b,ai,317
D13000.docx,batch03,abstract-ART000887417,P3b,qwen3-8b,ai,820
D13001.docx,batch03,abstract-ART001863082,P3b,qwen3-8b,ai,638
D13002.docx,batch03,abstract-ART002032741,P3b,qwen3-8b,ai,543
D13003.docx,batch03,abstract-ART001673550,P3b,qwen3-8b,ai,362
D13004.docx,batch03,abstract-ART002525695,P3b,qwen3-8b,ai,578
D13005.docx,batch03,abstract-ART000872905,P3b,qwen3-8b,ai,606
D13006.docx,batch03,abstract-ART000864664,P3b,qwen3-8b,ai,677
D13007.docx,batch03,abstract-ART000893673,P3b,qwen3-8b,ai,459
D13008.docx,batch03,abstract-ART002495336,P3b,qwen3-8b,ai,864
D13009.docx,batch03,abstract-ART000851951,P3b,qwen3-8b,ai,456
D13010.docx,batch03,abstract-ART000861991,P3b,qwen3-8b,ai,359
D13011.docx,batch03,abstract-ART000903582,P3b,qwen3-8b,ai,479
D13012.docx,batch03,abstract-ART000877432,P3b,qwen3-8b,ai,491
D13013.docx,batch03,abstract-ART000900327,P3b,qwen3-8b,ai,494
D13014.docx,batch03,abstract-ART000857307,P3b,qwen3-8b,ai,476
D13015.docx,batch03,abstract-ART000866043,P3b,qwen3-8b,ai,437
D13016.docx,batch03,abstract-ART000884231,P3b,qwen3-8b,ai,1089
D13017.docx,batch03,abstract-ART000865985,P3b,qwen3-8b,ai,640
D13018.docx,batch03,abstract-ART000864962,P3b,qwen3-8b,ai,416
D13019.docx,batch03,abstract-ART000889936,P3b,qwen3-8b,ai,395
D13020.docx,batch03,abstract-ART000878858,P3b,qwen3-8b,ai,815
D13021.docx,batch03,abstract-ART000877511,P3b,qwen3-8b,ai,388
D13022.docx,batch03,abstract-ART000868098,P3b,qwen3-8b,ai,422
D13023.docx,batch03,abstract-ART000858029,P3b,qwen3-8b,ai,1063
D13024.docx,batch03,abstract-ART000877338,P3b,qwen3-8b,ai,334
D13025.docx,batch03,abstract-ART000852177,P3b,qwen3-8b,ai,755
D13026.docx,batch03,abstract-ART000858495,P3b,qwen3-8b,ai,889
D13027.docx,batch03,abstract-ART000875922,P3b,qwen3-8b,ai,422
D13028.docx,batch03,abstract-ART000903312,P3b,qwen3-8b,ai,347
D13029.docx,batch03,abstract-ART000881251,P3b,qwen3-8b,ai,542
D13030.docx,batch03,abstract-ART001414231,P3b,qwen3-8b,ai,460
D13031.docx,batch03,abstract-ART002197220,P3b,qwen3-8b,ai,1028
D13032.docx,batch03,abstract-ART001336834,P3b,qwen3-8b,ai,528
D13033.docx,batch03,abstract-ART000902115,P3b,qwen3-8b,ai,434
D13034.docx,batch03,abstract-ART000891796,P3b,qwen3-8b,ai,337
D13035.docx,batch03,abstract-ART000859367,P3b,qwen3-8b,ai,777
D13036.docx,batch03,abstract-ART000892909,P3b,qwen3-8b,ai,855
D13037.docx,batch03,abstract-ART000864966,P3b,qwen3-8b,ai,375
D13038.docx,batch03,abstract-ART000905346,P3b,qwen3-8b,ai,474
D13039.docx,batch03,abstract-ART002453108,P3b,qwen3-8b,ai,351
D13040.docx,batch03,abstract-ART000874913,P3b,qwen3-8b,ai,528
D13041.docx,batch03,abstract-ART000880657,P3b,qwen3-8b,ai,681
D13042.docx,batch03,abstract-ART001804568,P3b,qwen3-8b,ai,807
D13043.docx,batch03,abstract-ART000893853,P3b,qwen3-8b,ai,326
D13044.docx,batch03,abstract-ART000908148,P3b,qwen3-8b,ai,976
D13045.docx,batch03,abstract-ART000892814,P3b,qwen3-8b,ai,445
D13046.docx,batch03,abstract-ART002298935,P3b,qwen3-8b,ai,662
D13047.docx,batch03,abstract-ART002226278,P3b,qwen3-8b,ai,622
D13048.docx,batch03,abstract-ART000881236,P3b,qwen3-8b,ai,1016
D13049.docx,batch03,abstract-ART000872104,P3b,qwen3-8b,ai,1048
D13050.docx,batch03,abstract-ART000890259,P3b,qwen3-8b,ai,742
D13051.docx,batch03,abstract-ART000905931,P3b,qwen3-8b,ai,463
D13052.docx,batch03,abstract-ART000881948,P3b,qwen3-8b,ai,422
D13053.docx,batch03,abstract-ART000856324,P3b,qwen3-8b,ai,374
D13054.docx,batch03,abstract-ART000887035,P3b,qwen3-8b,ai,447
D13055.docx,batch03,abstract-ART000858811,P3b,qwen3-8b,ai,696
D13056.docx,batch03,abstract-ART000907074,P3b,qwen3-8b,ai,526
D13057.docx,batch03,abstract-ART000878981,P3b,qwen3-8b,ai,435
D13058.docx,batch03,abstract-ART000905576,P3b,qwen3-8b,ai,614
D13059.docx,batch03,abstract-ART000864905,P3b,qwen3-8b,ai,476
D13060.docx,batch03,abstract-ART000872055,P3b,qwen3-8b,ai,651
D13061.docx,batch03,abstract-ART000902946,P3b,qwen3-8b,ai,412
D13062.docx,batch03,abstract-ART000884970,P3b,qwen3-8b,ai,474
D13063.docx,batch03,abstract-ART000868102,P3b,qwen3-8b,ai,380
D13064.docx,batch03,abstract-ART000891365,P3b,qwen3-8b,ai,907
D13065.docx,batch03,abstract-ART000884859,P3b,qwen3-8b,ai,442
D13066.docx,batch03,abstract-ART000903558,P3b,qwen3-8b,ai,788
D13067.docx,batch03,abstract-ART000861185,P3b,qwen3-8b,ai,820
D13068.docx,batch03,abstract-ART000896862,P3b,qwen3-8b,ai,350
D13069.docx,batch03,abstract-ART000892097,P3b,qwen3-8b,ai,758
D13070.docx,batch03,abstract-ART000902803,P3b,qwen3-8b,ai,373
D13071.docx,batch03,abstract-ART000904251,P3b,qwen3-8b,ai,394
D13072.docx,batch03,abstract-ART000875321,P3b,qwen3-8b,ai,343
D13073.docx,batch03,abstract-ART000902889,P3b,qwen3-8b,ai,242
D13074.docx,batch03,abstract-ART000864517,P3b,qwen3-8b,ai,726
D13075.docx,batch03,abstract-ART000896158,P3b,qwen3-8b,ai,464
D13076.docx,batch03,abstract-ART002525683,P3b,qwen3-8b,ai,599
D13077.docx,batch03,abstract-ART000901044,P3b,qwen3-8b,ai,774
D13078.docx,batch03,abstract-ART001029976,P3b,qwen3-8b,ai,565
D13079.docx,batch03,abstract-ART000861670,P3b,qwen3-8b,ai,489
D13080.docx,batch03,abstract-ART000892088,P3b,qwen3-8b,ai,440
D13081.docx,batch03,abstract-ART000881398,P3b,qwen3-8b,ai,810
D13082.docx,batch03,abstract-ART000896193,P3b,qwen3-8b,ai,613
D13083.docx,batch03,abstract-ART000859329,P3b,qwen3-8b,ai,717
D13084.docx,batch03,abstract-ART001985860,P3b,qwen3-8b,ai,500
D13085.docx,batch03,abstract-ART000905080,P3b,qwen3-8b,ai,652
D13086.docx,batch03,abstract-ART000901611,P3b,qwen3-8b,ai,439
D13087.docx,batch03,abstract-ART000881241,P3b,qwen3-8b,ai,660
D13088.docx,batch03,abstract-ART000898553,P3b,qwen3-8b,ai,338
D13089.docx,batch03,abstract-ART002459561,P3b,qwen3-8b,ai,616
D13090.docx,batch03,abstract-ART000862374,P3b,qwen3-8b,ai,377
D13091.docx,batch03,abstract-ART000898140,P3b,qwen3-8b,ai,783
D13092.docx,batch03,abstract-ART000896172,P3b,qwen3-8b,ai,1197
D13093.docx,batch03,abstract-ART000898036,P3b,qwen3-8b,ai,355
D13094.docx,batch03,abstract-ART000891934,P3b,qwen3-8b,ai,434
D13095.docx,batch03,abstract-ART000864484,P3b,qwen3-8b,ai,679
D13096.docx,batch03,abstract-ART000850898,P3b,qwen3-8b,ai,575
D13097.docx,batch03,abstract-ART000865601,P3b,qwen3-8b,ai,348
D13098.docx,batch03,abstract-ART000897664,P3b,qwen3-8b,ai,643
D13099.docx,batch03,abstract-ART002408144,P3b,qwen3-8b,ai,721
D13100.docx,batch03,abstract-ART002350217,P3b,qwen3-8b,ai,490
D13101.docx,batch03,abstract-ART000862372,P3b,qwen3-8b,ai,527
D13102.docx,batch03,abstract-ART001920477,P3b,qwen3-8b,ai,428
D13103.docx,batch03,abstract-ART000900699,P3b,qwen3-8b,ai,359
D13104.docx,batch03,abstract-ART000905567,P3b,qwen3-8b,ai,489
D13105.docx,batch03,abstract-ART000854109,P3b,qwen3-8b,ai,666
D13106.docx,batch03,abstract-ART000893154,P3b,qwen3-8b,ai,1165
D13107.docx,batch03,abstract-ART000862021,P3b,qwen3-8b,ai,742
D13108.docx,batch03,abstract-ART000869496,P3b,qwen3-8b,ai,557
D13109.docx,batch03,abstract-ART000886273,P3b,qwen3-8b,ai,467
D13110.docx,batch03,abstract-ART000879094,P3b,qwen3-8b,ai,349
D13111.docx,batch03,abstract-ART000891936,P3b,qwen3-8b,ai,381
D13112.docx,batch03,abstract-ART000861248,P3b,qwen3-8b,ai,985
D13113.docx,batch03,abstract-ART000855230,P3b,qwen3-8b,ai,565
D13114.docx,batch03,abstract-ART000858228,P3b,qwen3-8b,ai,447
D13115.docx,batch03,abstract-ART000902641,P3b,qwen3-8b,ai,439
D13116.docx,batch03,abstract-ART000907507,P3b,qwen3-8b,ai,487
D13117.docx,batch03,abstract-ART000884183,P3b,qwen3-8b,ai,388
D13118.docx,batch03,abstract-ART002408159,P3b,qwen3-8b,ai,634
D13119.docx,batch03,abstract-ART000881224,P3b,qwen3-8b,ai,591
D13120.docx,batch03,abstract-ART000863058,P3b,qwen3-8b,ai,686
D13121.docx,batch03,abstract-ART000905894,P3b,qwen3-8b,ai,548
D13122.docx,batch03,abstract-ART000902986,P3b,qwen3-8b,ai,370
D13123.docx,batch03,abstract-ART000860333,P3b,qwen3-8b,ai,502
D13124.docx,batch03,abstract-ART000905639,P3b,qwen3-8b,ai,407
D13125.docx,batch03,abstract-ART000901458,P3b,qwen3-8b,ai,901
D13126.docx,batch03,abstract-ART000873430,P3b,qwen3-8b,ai,835
D13127.docx,batch03,abstract-ART000876541,P3b,qwen3-8b,ai,642
D13128.docx,batch03,abstract-ART000900070,P3b,qwen3-8b,ai,379
D13129.docx,batch03,abstract-ART000881252,P3b,qwen3-8b,ai,1025
D13130.docx,batch03,abstract-ART002378689,P3b,qwen3-8b,ai,548
D13131.docx,batch03,abstract-ART000864887,P3b,qwen3-8b,ai,376
D13132.docx,batch03,abstract-ART000895576,P3b,qwen3-8b,ai,322
D13133.docx,batch03,abstract-ART000903217,P3b,qwen3-8b,ai,389
D13134.docx,batch03,abstract-ART000873155,P3b,qwen3-8b,ai,412
D13135.docx,batch03,abstract-ART000857380,P3b,qwen3-8b,ai,490
D13136.docx,batch03,abstract-ART000852168,P3b,qwen3-8b,ai,471
D13137.docx,batch03,abstract-ART001876058,P3b,qwen3-8b,ai,441
D13138.docx,batch03,abstract-ART000852343,P3b,qwen3-8b,ai,895
D13139.docx,batch03,abstract-ART000906328,P3b,qwen3-8b,ai,388
D13140.docx,batch03,abstract-ART000903229,P3b,qwen3-8b,ai,402
D13141.docx,batch03,abstract-ART000895529,P3b,qwen3-8b,ai,542
D13142.docx,batch03,abstract-ART000869537,P3b,qwen3-8b,ai,445
D13143.docx,batch03,abstract-ART001771859,P3b,qwen3-8b,ai,789
D13144.docx,batch03,abstract-ART000861677,P3b,qwen3-8b,ai,467
D13145.docx,batch03,abstract-ART000860963,P3b,qwen3-8b,ai,536
D13146.docx,batch03,abstract-ART000880361,P3b,qwen3-8b,ai,962
D13147.docx,batch03,abstract-ART000895527,P3b,qwen3-8b,ai,642
D13148.docx,batch03,abstract-ART002551609,P3b,qwen3-8b,ai,580
D13149.docx,batch03,abstract-ART000878925,P3b,qwen3-8b,ai,447
D13150.docx,batch03,abstract-ART000872197,P3b,qwen3-8b,ai,406
D13151.docx,batch03,abstract-ART000904881,P3b,qwen3-8b,ai,418
D13152.docx,batch03,abstract-ART000904709,P3b,qwen3-8b,ai,708
D13153.docx,batch03,abstract-ART000871720,P3b,qwen3-8b,ai,616
D13154.docx,batch03,abstract-ART000898210,P3b,qwen3-8b,ai,914
D13155.docx,batch03,abstract-ART002080047,P3b,qwen3-8b,ai,426
D13156.docx,batch03,abstract-ART000898896,P3b,qwen3-8b,ai,381
D13157.docx,batch03,abstract-ART000861127,P3b,qwen3-8b,ai,532
D13158.docx,batch03,abstract-ART000879072,P3b,qwen3-8b,ai,732
D13159.docx,batch03,abstract-ART000864894,P3b,qwen3-8b,ai,637
D13160.docx,batch03,abstract-ART000869332,P3b,qwen3-8b,ai,420
D13161.docx,batch03,abstract-ART002408115,P3b,qwen3-8b,ai,726
D13162.docx,batch03,abstract-ART000885416,P3b,qwen3-8b,ai,428
D13163.docx,batch03,abstract-ART000856025,P3b,qwen3-8b,ai,774
D13164.docx,batch03,abstract-ART000903353,P3b,qwen3-8b,ai,336
D13165.docx,batch03,abstract-ART000891085,P3b,qwen3-8b,ai,919
D13166.docx,batch03,abstract-ART000901043,P3b,qwen3-8b,ai,364
D13167.docx,batch03,abstract-ART002477385,P3b,qwen3-8b,ai,517
D13168.docx,batch03,abstract-ART000871903,P3b,qwen3-8b,ai,351
D13169.docx,batch03,abstract-ART002446578,P3b,qwen3-8b,ai,987
D13170.docx,batch03,abstract-ART000856550,P3b,qwen3-8b,ai,446
D13171.docx,batch03,abstract-ART000901258,P3b,qwen3-8b,ai,687
D13172.docx,batch03,abstract-ART000863453,P3b,qwen3-8b,ai,458
D13173.docx,batch03,abstract-ART000888813,P3b,qwen3-8b,ai,451
D13174.docx,batch03,abstract-ART000872851,P3b,qwen3-8b,ai,446
D13175.docx,batch03,abstract-ART000875863,P3b,qwen3-8b,ai,792
D13176.docx,batch03,abstract-ART000898625,P3b,qwen3-8b,ai,328
D13177.docx,batch03,abstract-ART000872791,P3b,qwen3-8b,ai,368
D13178.docx,batch03,abstract-ART002541269,P3b,qwen3-8b,ai,533
D13179.docx,batch03,abstract-ART000861224,P3b,qwen3-8b,ai,400
D13180.docx,batch03,abstract-ART000857386,P3b,qwen3-8b,ai,670
D13181.docx,batch03,abstract-ART000856065,P3b,qwen3-8b,ai,555
D13182.docx,batch03,abstract-ART000852035,P3b,qwen3-8b,ai,920
D13183.docx,batch03,abstract-ART000898045,P3b,qwen3-8b,ai,832
D13184.docx,batch03,abstract-ART000885745,P3b,qwen3-8b,ai,670
D13185.docx,batch03,abstract-ART000902664,P3b,qwen3-8b,ai,423
D13186.docx,batch03,abstract-ART000904621,P3b,qwen3-8b,ai,775
D13187.docx,batch03,abstract-ART000851558,P3b,qwen3-8b,ai,543
D13188.docx,batch03,abstract-ART001833893,P3b,qwen3-8b,ai,397
D13189.docx,batch03,abstract-ART000854648,P3b,qwen3-8b,ai,688
D13190.docx,batch03,abstract-ART000900168,P3b,qwen3-8b,ai,451
D13191.docx,batch03,abstract-ART000903626,P3b,qwen3-8b,ai,435
D13192.docx,batch03,abstract-ART000868281,P3b,qwen3-8b,ai,668
D13193.docx,batch03,abstract-ART000875681,P3b,qwen3-8b,ai,617
D13194.docx,batch03,abstract-ART000884847,P3b,qwen3-8b,ai,346
D13195.docx,batch03,abstract-ART000902992,P3b,qwen3-8b,ai,369
D13196.docx,batch03,abstract-ART000872624,P3b,qwen3-8b,ai,988
D13197.docx,batch03,abstract-ART000896542,P3b,qwen3-8b,ai,317
D13198.docx,batch03,abstract-ART000871095,P3b,qwen3-8b,ai,707
D13199.docx,batch03,abstract-ART000882373,P3b,qwen3-8b,ai,713
D13200.docx,batch03,abstract-ART000874283,P3b,qwen3-8b,ai,1065
D13201.docx,batch03,abstract-ART000855627,P3b,qwen3-8b,ai,490
D13202.docx,batch03,abstract-ART000881700,P3b,qwen3-8b,ai,484
D13203.docx,batch03,abstract-ART000894155,P3b,qwen3-8b,ai,755
D13204.docx,batch03,abstract-ART000861844,P3b,qwen3-8b,ai,383
D13205.docx,batch03,abstract-ART001950572,P3b,qwen3-8b,ai,569
D13206.docx,batch03,abstract-ART000899447,P3b,qwen3-8b,ai,354
D13207.docx,batch03,abstract-ART001917103,P3b,qwen3-8b,ai,521
D13208.docx,batch03,abstract-ART000881229,P3b,qwen3-8b,ai,892
D13209.docx,batch03,abstract-ART000895441,P3b,qwen3-8b,ai,601
D13210.docx,batch03,abstract-ART000876487,P3b,qwen3-8b,ai,612
D13211.docx,batch03,abstract-ART000853089,P3b,qwen3-8b,ai,652
D13212.docx,batch03,abstract-ART000863636,P3b,qwen3-8b,ai,410
D13213.docx,batch03,abstract-ART000902773,P3b,qwen3-8b,ai,383
D13214.docx,batch03,abstract-ART000901201,P3b,qwen3-8b,ai,663
D13215.docx,batch03,abstract-ART000897042,P3b,qwen3-8b,ai,450
D13216.docx,batch03,abstract-ART000902209,P3b,qwen3-8b,ai,547
D13217.docx,batch03,abstract-ART000903410,P3b,qwen3-8b,ai,374
D13218.docx,batch03,abstract-ART000862997,P3b,qwen3-8b,ai,973
D13219.docx,batch03,abstract-ART000902210,P3b,qwen3-8b,ai,549
D13220.docx,batch03,abstract-ART001795685,P3b,qwen3-8b,ai,432
D13221.docx,batch03,abstract-ART000857937,P3b,qwen3-8b,ai,360
D13222.docx,batch03,abstract-ART002446583,P3b,qwen3-8b,ai,748
D13223.docx,batch03,abstract-ART001994262,P3b,qwen3-8b,ai,602
D13224.docx,batch03,abstract-ART000868106,P3b,qwen3-8b,ai,308
D13225.docx,batch03,abstract-ART000866112,P3b,qwen3-8b,ai,758
D13226.docx,batch03,abstract-ART000894058,P3b,qwen3-8b,ai,465
D13227.docx,batch03,abstract-ART000852091,P3b,qwen3-8b,ai,362
D13228.docx,batch03,abstract-ART000867332,P3b,qwen3-8b,ai,889
D13229.docx,batch03,abstract-ART000865047,P3b,qwen3-8b,ai,488
D13230.docx,batch03,abstract-ART000861863,P3b,qwen3-8b,ai,779
D13231.docx,batch03,abstract-ART001975545,P3b,qwen3-8b,ai,797
D13232.docx,batch03,abstract-ART000895401,P3b,qwen3-8b,ai,436
D13233.docx,batch03,abstract-ART000875769,P3b,qwen3-8b,ai,647
D13234.docx,batch03,abstract-ART000904788,P3b,qwen3-8b,ai,507
D13235.docx,batch03,abstract-ART000857911,P3b,qwen3-8b,ai,468
D13236.docx,batch03,abstract-ART000900523,P3b,qwen3-8b,ai,582
D13237.docx,batch03,abstract-ART001782363,P3b,qwen3-8b,ai,749
D13238.docx,batch03,abstract-ART000881812,P3b,qwen3-8b,ai,325
D13239.docx,batch03,abstract-ART000905777,P3b,qwen3-8b,ai,508
D13240.docx,batch03,abstract-ART000895837,P3b,qwen3-8b,ai,530
D13241.docx,batch03,abstract-ART000905066,P3b,qwen3-8b,ai,430
D13242.docx,batch03,abstract-ART002542192,P3b,qwen3-8b,ai,525
D13243.docx,batch03,abstract-ART000904410,P3b,qwen3-8b,ai,310
D13244.docx,batch03,abstract-ART000903034,P3b,qwen3-8b,ai,424
D13245.docx,batch03,abstract-ART002495761,P3b,qwen3-8b,ai,536
D13246.docx,batch03,abstract-ART000861120,P3b,qwen3-8b,ai,647
D13247.docx,batch03,abstract-ART001550995,P3b,qwen3-8b,ai,946
D13248.docx,batch03,abstract-ART000863535,P3b,qwen3-8b,ai,343
D13249.docx,batch03,abstract-ART000880366,P3b,qwen3-8b,ai,500
D13250.docx,batch03,abstract-ART000900684,P3b,qwen3-8b,ai,447
D13251.docx,batch03,abstract-ART000901419,P3b,qwen3-8b,ai,767
D13252.docx,batch03,abstract-ART001503277,P3b,qwen3-8b,ai,406
D13253.docx,batch03,abstract-ART000873443,P3b,qwen3-8b,ai,661
D13254.docx,batch03,abstract-ART001844882,P3b,qwen3-8b,ai,453
D13255.docx,batch03,abstract-ART000865042,P3b,qwen3-8b,ai,349
D13256.docx,batch03,abstract-ART000863626,P3b,qwen3-8b,ai,343
D13257.docx,batch03,abstract-ART000877101,P3b,qwen3-8b,ai,475
D13258.docx,batch03,abstract-ART000851243,P3b,qwen3-8b,ai,949
D13259.docx,batch03,abstract-ART001368793,P3b,qwen3-8b,ai,621
D13260.docx,batch03,abstract-ART000899507,P3b,qwen3-8b,ai,638
D13261.docx,batch03,abstract-ART000888453,P3b,qwen3-8b,ai,563
D13262.docx,batch03,abstract-ART000900184,P3b,qwen3-8b,ai,497
D13263.docx,batch03,abstract-ART000878990,P3b,qwen3-8b,ai,365
D13264.docx,batch03,abstract-ART000864467,P3b,qwen3-8b,ai,658
D13265.docx,batch03,abstract-ART000861846,P3b,qwen3-8b,ai,474
D13266.docx,batch03,abstract-ART000885045,P3b,qwen3-8b,ai,948
D13267.docx,batch03,abstract-ART002285943,P3b,qwen3-8b,ai,719
D13268.docx,batch03,abstract-ART000851707,P3b,qwen3-8b,ai,658
D13269.docx,batch03,abstract-ART000878303,P3b,qwen3-8b,ai,522
D13270.docx,batch03,abstract-ART000904615,P3b,qwen3-8b,ai,652
D13271.docx,batch03,abstract-ART000905408,P3b,qwen3-8b,ai,307
D13272.docx,batch03,abstract-ART001955658,P3b,qwen3-8b,ai,665
D13273.docx,batch03,abstract-ART000905314,P3b,qwen3-8b,ai,513
D13274.docx,batch03,abstract-ART001714126,P3b,qwen3-8b,ai,527
D13275.docx,batch03,abstract-ART000903303,P3b,qwen3-8b,ai,370
D13276.docx,batch03,abstract-ART000851493,P3b,qwen3-8b,ai,418
D13277.docx,batch03,abstract-ART000902808,P3b,qwen3-8b,ai,445
D13278.docx,batch03,abstract-ART002461682,P3b,qwen3-8b,ai,1154
D13279.docx,batch03,abstract-ART000867240,P3b,qwen3-8b,ai,645
D13280.docx,batch03,abstract-ART000861921,P3b,qwen3-8b,ai,392
D13281.docx,batch03,abstract-ART001939122,P3b,qwen3-8b,ai,705
D13282.docx,batch03,abstract-ART000852316,P3b,qwen3-8b,ai,450
D13283.docx,batch03,abstract-ART000869534,P3b,qwen3-8b,ai,363
D13284.docx,batch03,abstract-ART000873580,P3b,qwen3-8b,ai,925
D13285.docx,batch03,abstract-ART000852087,P3b,qwen3-8b,ai,462
D13286.docx,batch03,abstract-ART000856481,P3b,qwen3-8b,ai,502
D13287.docx,batch03,abstract-ART000906520,P3b,qwen3-8b,ai,525
D13288.docx,batch03,abstract-ART000899432,P3b,qwen3-8b,ai,742
D13289.docx,batch03,abstract-ART000902666,P3b,qwen3-8b,ai,643
D13290.docx,batch03,abstract-ART000893683,P3b,qwen3-8b,ai,477
D13291.docx,batch03,abstract-ART000902725,P3b,qwen3-8b,ai,530
D13292.docx,batch03,abstract-ART000854713,P3b,qwen3-8b,ai,531
D13293.docx,batch03,abstract-ART001550990,P3b,qwen3-8b,ai,626
D13294.docx,batch03,abstract-ART000853384,P3b,qwen3-8b,ai,626
D13295.docx,batch03,abstract-ART000893952,P3b,qwen3-8b,ai,312
D13296.docx,batch03,abstract-ART000860879,P3b,qwen3-8b,ai,500
D13297.docx,batch03,abstract-ART000869566,P3b,qwen3-8b,ai,770
D13298.docx,batch03,abstract-ART000898055,P3b,qwen3-8b,ai,427
D13299.docx,batch03,abstract-ART000878921,P3b,qwen3-8b,ai,340
D13300.docx,batch03,abstract-ART000862026,P3b,qwen3-8b,ai,689
D13301.docx,batch03,abstract-ART000900175,P3b,qwen3-8b,ai,524
D13302.docx,batch03,abstract-ART000874412,P3b,qwen3-8b,ai,471
D13303.docx,batch03,abstract-ART000889378,P3b,qwen3-8b,ai,476
D13304.docx,batch03,abstract-ART000883832,P3b,qwen3-8b,ai,502
D13305.docx,batch03,abstract-ART000866037,P3b,qwen3-8b,ai,512
D13306.docx,batch03,abstract-ART000867651,P3b,qwen3-8b,ai,429
D13307.docx,batch03,abstract-ART000890103,P3b,qwen3-8b,ai,448
D13308.docx,batch03,abstract-ART000889273,P3b,qwen3-8b,ai,504
D13309.docx,batch03,abstract-ART001548205,P3b,qwen3-8b,ai,722
D13310.docx,batch03,abstract-ART000892897,P3b,qwen3-8b,ai,553
D13311.docx,batch03,abstract-ART000899181,P3b,qwen3-8b,ai,437
D13312.docx,batch03,abstract-ART000885606,P3b,qwen3-8b,ai,570
D13313.docx,batch03,abstract-ART000893119,P3b,qwen3-8b,ai,346
D13314.docx,batch03,abstract-ART000873616,P3b,qwen3-8b,ai,692
D13315.docx,batch03,abstract-ART001318496,P3b,qwen3-8b,ai,488
D13316.docx,batch03,abstract-ART000861225,P3b,qwen3-8b,ai,512
D13317.docx,batch03,abstract-ART000905672,P3b,qwen3-8b,ai,576
D13318.docx,batch03,abstract-ART000864669,P3b,qwen3-8b,ai,631
D13319.docx,batch03,abstract-ART000863134,P3b,qwen3-8b,ai,587
D13320.docx,batch03,abstract-ART002066357,P3b,qwen3-8b,ai,609
D13321.docx,batch03,abstract-ART000883929,P3b,qwen3-8b,ai,293
D13322.docx,batch03,abstract-ART000905857,P3b,qwen3-8b,ai,937
D13323.docx,batch03,abstract-ART001833894,P3b,qwen3-8b,ai,659
D13324.docx,batch03,abstract-ART001903732,P3b,qwen3-8b,ai,771
D13325.docx,batch03,abstract-ART002021388,P3b,qwen3-8b,ai,466
D13326.docx,batch03,abstract-ART000852539,P3b,qwen3-8b,ai,500
D13327.docx,batch03,abstract-ART000907171,P3b,qwen3-8b,ai,659
D13328.docx,batch03,abstract-ART000896233,P3b,qwen3-8b,ai,404
D13329.docx,batch03,abstract-ART000876543,P3b,qwen3-8b,ai,567
D13330.docx,batch03,abstract-ART000880299,P3b,qwen3-8b,ai,293
D13331.docx,batch03,abstract-ART000898032,P3b,qwen3-8b,ai,566
D13332.docx,batch03,abstract-ART000903736,P3b,qwen3-8b,ai,458
D13333.docx,batch03,abstract-ART000906063,P3b,qwen3-8b,ai,411
D13334.docx,batch03,abstract-ART000852675,P3b,qwen3-8b,ai,433
D13335.docx,batch03,abstract-ART000857778,P3b,qwen3-8b,ai,510
D13336.docx,batch03,abstract-ART000863115,P3b,qwen3-8b,ai,375
D13337.docx,batch03,abstract-ART000868268,P3b,qwen3-8b,ai,578
D13338.docx,batch03,abstract-ART000897666,P3b,qwen3-8b,ai,714
D13339.docx,batch03,abstract-ART000881315,P3b,qwen3-8b,ai,940
D13340.docx,batch03,abstract-ART000868930,P3b,qwen3-8b,ai,368
D13341.docx,batch03,abstract-ART000875755,P3b,qwen3-8b,ai,653
D13342.docx,batch03,abstract-ART000886190,P3b,qwen3-8b,ai,411
D13343.docx,batch03,abstract-ART002525694,P3b,qwen3-8b,ai,916
D13344.docx,batch03,abstract-ART000905171,P3b,qwen3-8b,ai,699
D13345.docx,batch03,abstract-ART001876057,P3b,qwen3-8b,ai,553
D13346.docx,batch03,abstract-ART000888413,P3b,qwen3-8b,ai,582
D13347.docx,batch03,abstract-ART001791210,P3b,qwen3-8b,ai,652
D13348.docx,batch03,abstract-ART000874065,P3b,qwen3-8b,ai,342
D13349.docx,batch03,abstract-ART000878965,P3b,qwen3-8b,ai,619
D13350.docx,batch03,abstract-ART000906445,P3b,qwen3-8b,ai,807
D13351.docx,batch03,abstract-ART000875394,P3b,qwen3-8b,ai,523
D13352.docx,batch03,abstract-ART000901246,P3b,qwen3-8b,ai,949
D13353.docx,batch03,abstract-ART000903073,P3b,qwen3-8b,ai,385
D13354.docx,batch03,abstract-ART000861843,P3b,qwen3-8b,ai,387
D13355.docx,batch03,abstract-ART001887195,P3b,qwen3-8b,ai,402
D13356.docx,batch03,abstract-ART000873020,P3b,qwen3-8b,ai,427
D13357.docx,batch03,abstract-ART000906046,P3b,qwen3-8b,ai,498
D13358.docx,batch03,abstract-ART000894529,P3b,qwen3-8b,ai,441
D13359.docx,batch03,abstract-ART001570038,P3b,qwen3-8b,ai,1001
D13360.docx,batch03,abstract-ART000856081,P3b,qwen3-8b,ai,529
D13361.docx,batch03,abstract-ART000890257,P3b,qwen3-8b,ai,615
D13362.docx,batch03,abstract-ART000903379,P3b,qwen3-8b,ai,379
D13363.docx,batch03,abstract-ART000852249,P3b,qwen3-8b,ai,606
D13364.docx,batch03,abstract-ART001209715,P3b,qwen3-8b,ai,783
D13365.docx,batch03,abstract-ART000906033,P3b,qwen3-8b,ai,584
D13366.docx,batch03,abstract-ART000893214,P3b,qwen3-8b,ai,348
D13367.docx,batch03,abstract-ART000855983,P3b,qwen3-8b,ai,905
D13368.docx,batch03,abstract-ART002516317,P3b,qwen3-8b,ai,543
D13369.docx,batch03,abstract-ART000853029,P3b,qwen3-8b,ai,868
D13370.docx,batch03,abstract-ART000883019,P3b,qwen3-8b,ai,389
D13371.docx,batch03,abstract-ART000858237,P3b,qwen3-8b,ai,1073
D13372.docx,batch03,abstract-ART000863629,P3b,qwen3-8b,ai,395
D13373.docx,batch03,abstract-ART000851871,P3b,qwen3-8b,ai,649
D13374.docx,batch03,abstract-ART001158909,P3b,qwen3-8b,ai,504
D13375.docx,batch03,abstract-ART000888977,P3b,qwen3-8b,ai,452
D13376.docx,batch03,abstract-ART000889932,P3b,qwen3-8b,ai,438
D13377.docx,batch03,abstract-ART001837954,P3b,qwen3-8b,ai,555
D13378.docx,batch03,abstract-ART002002452,P3b,qwen3-8b,ai,553
D13379.docx,batch03,abstract-ART000881936,P3b,qwen3-8b,ai,928
D13380.docx,batch03,abstract-ART000875850,P3b,qwen3-8b,ai,550
D13381.docx,batch03,abstract-ART000892544,P3b,qwen3-8b,ai,531
D13382.docx,batch03,abstract-ART000906516,P3b,qwen3-8b,ai,500
D13383.docx,batch03,abstract-ART000851132,P3b,qwen3-8b,ai,478
D13384.docx,batch03,abstract-ART000864358,P3b,qwen3-8b,ai,518
D13385.docx,batch03,abstract-ART000860718,P3b,qwen3-8b,ai,862
D13386.docx,batch03,abstract-ART000865125,P3b,qwen3-8b,ai,474
D13387.docx,batch03,abstract-ART000862163,P3b,qwen3-8b,ai,372
D13388.docx,batch03,abstract-ART002073854,P3b,qwen3-8b,ai,794
D13389.docx,batch03,abstract-ART000890023,P3b,qwen3-8b,ai,646
D13390.docx,batch03,abstract-ART000869494,P3b,qwen3-8b,ai,629
D13391.docx,batch03,abstract-ART000881038,P3b,qwen3-8b,ai,338
D13392.docx,batch03,abstract-ART000885363,P3b,qwen3-8b,ai,838
D13393.docx,batch03,abstract-ART000901331,P3b,qwen3-8b,ai,980
D13394.docx,batch03,abstract-ART000863358,P3b,qwen3-8b,ai,322
D13395.docx,batch03,abstract-ART000880386,P3b,qwen3-8b,ai,571
D13396.docx,batch03,abstract-ART000899176,P3b,qwen3-8b,ai,459
D13397.docx,batch03,abstract-ART000903644,P3b,qwen3-8b,ai,618
D13398.docx,batch03,abstract-ART000878874,P3b,qwen3-8b,ai,566
D13399.docx,batch03,abstract-ART000899511,P3b,qwen3-8b,ai,667
D13400.docx,batch03,abstract-ART000873502,P3b,qwen3-8b,ai,708
D13401.docx,batch03,abstract-ART000905164,P3b,qwen3-8b,ai,621
D13402.docx,batch03,abstract-ART000903107,P3b,qwen3-8b,ai,420
D13403.docx,batch03,abstract-ART000861413,P3b,qwen3-8b,ai,878
D13404.docx,batch03,abstract-ART001975365,P3b,qwen3-8b,ai,661
D13405.docx,batch03,abstract-ART000852426,P3b,qwen3-8b,ai,496
D13406.docx,batch03,abstract-ART000905306,P3b,qwen3-8b,ai,657
D13407.docx,batch03,abstract-ART000904242,P3b,qwen3-8b,ai,466
D13408.docx,batch03,abstract-ART000906054,P3b,qwen3-8b,ai,361
D13409.docx,batch03,abstract-ART000864523,P3b,qwen3-8b,ai,490
D13410.docx,batch03,abstract-ART000892633,P3b,qwen3-8b,ai,753
D13411.docx,batch03,abstract-ART000861019,P3b,qwen3-8b,ai,451
D13412.docx,batch03,abstract-ART000880942,P3b,qwen3-8b,ai,1045
D13413.docx,batch03,abstract-ART000868278,P3b,qwen3-8b,ai,451
D13414.docx,batch03,abstract-ART000855222,P3b,qwen3-8b,ai,840
D13415.docx,batch03,abstract-ART000880143,P3b,qwen3-8b,ai,473
D13416.docx,batch03,abstract-ART000861080,P3b,qwen3-8b,ai,580
D13417.docx,batch03,abstract-ART000898556,P3b,qwen3-8b,ai,390
D13418.docx,batch03,abstract-ART000869474,P3b,qwen3-8b,ai,597
D13419.docx,batch03,abstract-ART000864444,P3b,qwen3-8b,ai,438
D13420.docx,batch03,abstract-ART000864519,P3b,qwen3-8b,ai,562
D13421.docx,batch03,abstract-ART001786177,P3b,qwen3-8b,ai,543
D13422.docx,batch03,abstract-ART000851549,P3b,qwen3-8b,ai,759
D13423.docx,batch03,abstract-ART001297645,P3b,qwen3-8b,ai,572
D13424.docx,batch03,abstract-ART000900746,P3b,qwen3-8b,ai,334
D13425.docx,batch03,abstract-ART001713845,P3b,qwen3-8b,ai,772
D13426.docx,batch03,abstract-ART000903480,P3b,qwen3-8b,ai,547
D13427.docx,batch03,abstract-ART002032641,P3b,qwen3-8b,ai,589
D13428.docx,batch03,abstract-ART000863208,P3b,qwen3-8b,ai,907
D13429.docx,batch03,abstract-ART001456322,P3b,qwen3-8b,ai,789
D13430.docx,batch03,abstract-ART000901245,P3b,qwen3-8b,ai,348
D13431.docx,batch03,abstract-ART000884463,P3b,qwen3-8b,ai,898
D13432.docx,batch03,abstract-ART000864374,P3b,qwen3-8b,ai,350
D13433.docx,batch03,abstract-ART000903075,P3b,qwen3-8b,ai,633
D13434.docx,batch03,abstract-ART000867073,P3b,qwen3-8b,ai,382
D13435.docx,batch03,abstract-ART000864451,P3b,qwen3-8b,ai,426
D13436.docx,batch03,abstract-ART000880729,P3b,qwen3-8b,ai,770
D13437.docx,batch03,abstract-ART000892390,P3b,qwen3-8b,ai,731
D13438.docx,batch03,abstract-ART000864766,P3b,qwen3-8b,ai,710
D13439.docx,batch03,abstract-ART000905609,P3b,qwen3-8b,ai,460
D13440.docx,batch03,abstract-ART002007285,P3b,qwen3-8b,ai,354
D13441.docx,batch03,abstract-ART000874641,P3b,qwen3-8b,ai,661
D13442.docx,batch03,abstract-ART000868777,P3b,qwen3-8b,ai,703
D13443.docx,batch03,abstract-ART000891914,P3b,qwen3-8b,ai,669
D13444.docx,batch03,abstract-ART000874690,P3b,qwen3-8b,ai,574
D13445.docx,batch03,abstract-ART000856396,P3b,qwen3-8b,ai,496
D13446.docx,batch03,abstract-ART000888562,P3b,qwen3-8b,ai,638
D13447.docx,batch03,abstract-ART000852314,P3b,qwen3-8b,ai,682
D13448.docx,batch03,abstract-ART000904628,P3b,qwen3-8b,ai,444
D13449.docx,batch03,abstract-ART000889007,P3b,qwen3-8b,ai,362
D13450.docx,batch03,abstract-ART000869469,P3b,qwen3-8b,ai,994
D13451.docx,batch03,abstract-ART000856331,P3b,qwen3-8b,ai,1073
D13452.docx,batch03,abstract-ART000908153,P3b,qwen3-8b,ai,562
D13453.docx,batch03,abstract-ART000891933,P3b,qwen3-8b,ai,367
D13454.docx,batch03,abstract-ART000877428,P3b,qwen3-8b,ai,433
D13455.docx,batch03,abstract-ART000896377,P3b,qwen3-8b,ai,605
D13456.docx,batch03,abstract-ART000861130,P3b,qwen3-8b,ai,1136
D13457.docx,batch03,abstract-ART000875893,P3b,qwen3-8b,ai,417
D13458.docx,batch03,abstract-ART000904870,P3b,qwen3-8b,ai,501
D13459.docx,batch03,abstract-ART000898412,P3b,qwen3-8b,ai,334
D13460.docx,batch03,abstract-ART000868475,P3b,qwen3-8b,ai,594
D13461.docx,batch03,abstract-ART000861500,P3b,qwen3-8b,ai,1153
D13462.docx,batch03,abstract-ART000875927,P3b,qwen3-8b,ai,400
D13463.docx,batch03,abstract-ART000880448,P3b,qwen3-8b,ai,488
D13464.docx,batch03,abstract-ART000882996,P3b,qwen3-8b,ai,843
D13465.docx,batch03,abstract-ART000896511,P3b,qwen3-8b,ai,431
D13466.docx,batch03,abstract-ART000902221,P3b,qwen3-8b,ai,546
D13467.docx,batch03,abstract-ART000879621,P3b,qwen3-8b,ai,441
D13468.docx,batch03,abstract-ART000863993,P3b,qwen3-8b,ai,406
D13469.docx,batch03,abstract-ART000893194,P3b,qwen3-8b,ai,622
D13470.docx,batch03,abstract-ART001445719,P3b,qwen3-8b,ai,493
D13471.docx,batch03,abstract-ART000862391,P3b,qwen3-8b,ai,381
D13472.docx,batch03,abstract-ART000885119,P3b,qwen3-8b,ai,608
D13473.docx,batch03,abstract-ART000895586,P3b,qwen3-8b,ai,868
D13474.docx,batch03,abstract-ART000867336,P3b,qwen3-8b,ai,468
D13475.docx,batch03,abstract-ART000855463,P3b,qwen3-8b,ai,1032
D13476.docx,batch03,abstract-ART000861987,P3b,qwen3-8b,ai,393
D13477.docx,batch03,abstract-ART000893257,P3b,qwen3-8b,ai,480
D13478.docx,batch03,abstract-ART002541346,P3b,qwen3-8b,ai,605
D13479.docx,batch03,abstract-ART000861209,P3b,qwen3-8b,ai,801
D13480.docx,batch03,abstract-ART000857769,P3b,qwen3-8b,ai,499
D13481.docx,batch03,abstract-ART000861764,P3b,qwen3-8b,ai,437
D13482.docx,batch03,abstract-ART000861193,P3b,qwen3-8b,ai,1023
D13483.docx,batch03,abstract-ART000862253,P3b,qwen3-8b,ai,281
D13484.docx,batch03,abstract-ART001975343,P3b,qwen3-8b,ai,889
D13485.docx,batch03,abstract-ART000905252,P3b,qwen3-8b,ai,442
D13486.docx,batch03,abstract-ART000874617,P3b,qwen3-8b,ai,418
D13487.docx,batch03,abstract-ART000902328,P3b,qwen3-8b,ai,463
D13488.docx,batch03,abstract-ART000874912,P3b,qwen3-8b,ai,876
D13489.docx,batch03,abstract-ART001903712,P3b,qwen3-8b,ai,754
D13490.docx,batch03,abstract-ART000902142,P3b,qwen3-8b,ai,474
D13491.docx,batch03,abstract-ART000892586,P3b,qwen3-8b,ai,311
D13492.docx,batch03,abstract-ART000875849,P3b,qwen3-8b,ai,1031
D13493.docx,batch03,abstract-ART000891962,P3b,qwen3-8b,ai,484
D13494.docx,batch03,abstract-ART000900137,P3b,qwen3-8b,ai,702
D13495.docx,batch03,abstract-ART000868115,P3b,qwen3-8b,ai,682
D13496.docx,batch03,abstract-ART000904712,P3b,qwen3-8b,ai,386
D13497.docx,batch03,abstract-ART000888785,P3b,qwen3-8b,ai,864
D13498.docx,batch03,abstract-ART000903057,P3b,qwen3-8b,ai,389
D13499.docx,batch03,abstract-ART000905927,P3b,qwen3-8b,ai,574
D13500.docx,batch03,abstract-ART000875043,P3b,qwen3-8b,ai,697
D13501.docx,batch03,abstract-ART000900932,P3b,qwen3-8b,ai,427
D13502.docx,batch03,abstract-ART000896296,P3b,qwen3-8b,ai,452
D13503.docx,batch03,abstract-ART000888592,P3b,qwen3-8b,ai,729
D13504.docx,batch03,abstract-ART000858305,P3b,qwen3-8b,ai,463
D13505.docx,batch03,abstract-ART000908155,P3b,qwen3-8b,ai,374
D13506.docx,batch03,abstract-ART000897500,P3b,qwen3-8b,ai,440
D13507.docx,batch03,abstract-ART000862252,P3b,qwen3-8b,ai,329
D13508.docx,batch03,abstract-ART000903554,P3b,qwen3-8b,ai,791
D13509.docx,batch03,abstract-ART000902051,P3b,qwen3-8b,ai,552
D13510.docx,batch03,abstract-ART000875646,P3b,qwen3-8b,ai,602
D13511.docx,batch03,abstract-ART000906002,P3b,qwen3-8b,ai,372
D13512.docx,batch03,abstract-ART000889319,P3b,qwen3-8b,ai,608
D13513.docx,batch03,abstract-ART002121439,P3b,qwen3-8b,ai,619
D13514.docx,batch03,abstract-ART000852144,P3b,qwen3-8b,ai,381
D13515.docx,batch03,abstract-ART000852601,P3b,qwen3-8b,ai,782
D13516.docx,batch03,abstract-ART002475416,P3b,qwen3-8b,ai,670
D13517.docx,batch03,abstract-ART000850960,P3b,qwen3-8b,ai,583
D13518.docx,batch03,abstract-ART000857689,P3b,qwen3-8b,ai,970
D13519.docx,batch03,abstract-ART000906220,P3b,qwen3-8b,ai,525
D13520.docx,batch03,abstract-ART000858863,P3b,qwen3-8b,ai,343
D13521.docx,batch03,abstract-ART000874757,P3b,qwen3-8b,ai,597
D13522.docx,batch03,abstract-ART000864271,P3b,qwen3-8b,ai,501
D13523.docx,batch03,abstract-ART000895550,P3b,qwen3-8b,ai,477
D13524.docx,batch03,abstract-ART000875776,P3b,qwen3-8b,ai,373
D13525.docx,batch03,abstract-ART000873586,P3b,qwen3-8b,ai,636
D13526.docx,batch03,abstract-ART000853130,P3b,qwen3-8b,ai,788
D13527.docx,batch03,abstract-ART000894624,P3b,qwen3-8b,ai,814
D13528.docx,batch03,abstract-ART000906235,P3b,qwen3-8b,ai,764
D13529.docx,batch03,abstract-ART000867334,P3b,qwen3-8b,ai,628
D13530.docx,batch03,abstract-ART000903219,P3b,qwen3-8b,ai,527
D13531.docx,batch03,abstract-ART000889553,P3b,qwen3-8b,ai,812
D13532.docx,batch03,abstract-ART000875530,P3b,qwen3-8b,ai,374
D13533.docx,batch03,abstract-ART000895763,P3b,qwen3-8b,ai,374
D13534.docx,batch03,abstract-ART000902756,P3b,qwen3-8b,ai,327
D13535.docx,batch03,abstract-ART000905239,P3b,qwen3-8b,ai,564
D13536.docx,batch03,abstract-ART000903888,P3b,qwen3-8b,ai,755
D13537.docx,batch03,abstract-ART000979468,P3b,qwen3-8b,ai,609
D13538.docx,batch03,abstract-ART000878894,P3b,qwen3-8b,ai,727
D13539.docx,batch03,abstract-ART002542196,P3b,qwen3-8b,ai,573
D13540.docx,batch03,abstract-ART000881733,P3b,qwen3-8b,ai,372
D13541.docx,batch03,abstract-ART000880125,P3b,qwen3-8b,ai,316
D13542.docx,batch03,abstract-ART000869723,P3b,qwen3-8b,ai,1019
D13543.docx,batch03,abstract-ART000857617,P3b,qwen3-8b,ai,540
D13544.docx,batch03,abstract-ART000874409,P3b,qwen3-8b,ai,528
D13545.docx,batch03,abstract-ART002065248,P3b,qwen3-8b,ai,804
D13546.docx,batch03,abstract-ART000869874,P3b,qwen3-8b,ai,694
D13547.docx,batch03,abstract-ART001804399,P3b,qwen3-8b,ai,494
D13548.docx,batch03,abstract-ART000892187,P3b,qwen3-8b,ai,484
D13549.docx,batch03,abstract-ART001697732,P3b,qwen3-8b,ai,920
D13550.docx,batch03,abstract-ART002066358,P3b,qwen3-8b,ai,473
D13551.docx,batch03,abstract-ART000852510,P3b,qwen3-8b,ai,1013
D13552.docx,batch03,abstract-ART000877183,P3b,qwen3-8b,ai,543
D13553.docx,batch03,abstract-ART001445711,P3b,qwen3-8b,ai,531
D13554.docx,batch03,abstract-ART000887275,P3b,qwen3-8b,ai,590
D13555.docx,batch03,abstract-ART000862584,P3b,qwen3-8b,ai,340
D13556.docx,batch03,abstract-ART000904799,P3b,qwen3-8b,ai,509
D13557.docx,batch03,abstract-ART000888616,P3b,qwen3-8b,ai,659
D13558.docx,batch03,abstract-ART000872897,P3b,qwen3-8b,ai,844
D13559.docx,batch03,abstract-ART000860961,P3b,qwen3-8b,ai,551
D13560.docx,batch03,abstract-ART000867654,P3b,qwen3-8b,ai,446
D13561.docx,batch03,abstract-ART000861071,P3b,qwen3-8b,ai,632
D13562.docx,batch03,abstract-ART000864290,P3b,qwen3-8b,ai,768
D13563.docx,batch03,abstract-ART000893217,P3b,qwen3-8b,ai,543
D13564.docx,batch03,abstract-ART000893349,P3b,qwen3-8b,ai,361
D13565.docx,batch03,abstract-ART000867302,P3b,qwen3-8b,ai,385
D13566.docx,batch03,abstract-ART000874256,P3b,qwen3-8b,ai,338
D13567.docx,batch03,abstract-ART000869643,P3b,qwen3-8b,ai,996
D13568.docx,batch03,abstract-ART000890333,P3b,qwen3-8b,ai,702
D13569.docx,batch03,abstract-ART001368795,P3b,qwen3-8b,ai,850
D13570.docx,batch03,abstract-ART000905169,P3b,qwen3-8b,ai,379
D13571.docx,batch03,abstract-ART000901809,P3b,qwen3-8b,ai,564
D13572.docx,batch03,abstract-ART000899276,P3b,qwen3-8b,ai,429
D13573.docx,batch03,abstract-ART000899452,P3b,qwen3-8b,ai,348
D13574.docx,batch03,abstract-ART000874613,P3b,qwen3-8b,ai,388
D13575.docx,batch03,abstract-ART000854650,P3b,qwen3-8b,ai,470
D13576.docx,batch03,abstract-ART000881232,P3b,qwen3-8b,ai,505
D13577.docx,batch03,abstract-ART000900924,P3b,qwen3-8b,ai,524
D13578.docx,batch03,abstract-ART000885211,P3b,qwen3-8b,ai,706
D13579.docx,batch03,abstract-ART000864902,P3b,qwen3-8b,ai,713
D13580.docx,batch03,abstract-ART001872342,P3b,qwen3-8b,ai,653
D13581.docx,batch03,abstract-ART000860966,P3b,qwen3-8b,ai,819
D13582.docx,batch03,abstract-ART002254814,P3b,qwen3-8b,ai,580
D13583.docx,batch03,abstract-ART001681483,P3b,qwen3-8b,ai,324
D13584.docx,batch03,abstract-ART000893274,P3b,qwen3-8b,ai,333
D13585.docx,batch03,abstract-ART000889474,P3b,qwen3-8b,ai,950
D13586.docx,batch03,abstract-ART000852628,P3b,qwen3-8b,ai,530
D13587.docx,batch03,abstract-ART000877756,P3b,qwen3-8b,ai,548
D13588.docx,batch03,abstract-ART000879486,P3b,qwen3-8b,ai,445
D13589.docx,batch03,abstract-ART000868181,P3b,qwen3-8b,ai,742
D13590.docx,batch03,abstract-ART002254556,P3b,qwen3-8b,ai,535
D13591.docx,batch03,abstract-ART000903360,P3b,qwen3-8b,ai,626
D13592.docx,batch03,abstract-ART001713864,P3b,qwen3-8b,ai,653
D13593.docx,batch03,abstract-ART002318015,P3b,qwen3-8b,ai,693
D13594.docx,batch03,abstract-ART000861073,P3b,qwen3-8b,ai,478
D13595.docx,batch03,abstract-ART001653293,P3b,qwen3-8b,ai,606
D13596.docx,batch03,abstract-ART001509883,P3b,qwen3-8b,ai,547
D13597.docx,batch03,abstract-ART002220976,P3b,qwen3-8b,ai,446
D13598.docx,batch03,abstract-ART000861695,P3b,qwen3-8b,ai,654
D13599.docx,batch03,abstract-ART001621282,P3b,qwen3-8b,ai,340
D13600.docx,batch03,abstract-ART000901865,P3b,qwen3-8b,ai,804
D13601.docx,batch03,abstract-ART000905573,P3b,qwen3-8b,ai,467
D13602.docx,batch03,abstract-ART000905237,P3b,qwen3-8b,ai,488
D13603.docx,batch03,abstract-ART000893256,P3b,qwen3-8b,ai,495
D13604.docx,batch03,abstract-ART000895403,P3b,qwen3-8b,ai,633
D13605.docx,batch03,abstract-ART000876986,P3b,qwen3-8b,ai,501
D13606.docx,batch03,abstract-ART000900142,P3b,qwen3-8b,ai,570
D13607.docx,batch03,abstract-ART000861947,P3b,qwen3-8b,ai,811
D13608.docx,batch03,abstract-ART000867378,P3b,qwen3-8b,ai,465
D13609.docx,batch03,abstract-ART000899434,P3b,qwen3-8b,ai,414
D13610.docx,batch03,abstract-ART000856082,P3b,qwen3-8b,ai,363
D13611.docx,batch03,abstract-ART000861920,P3b,qwen3-8b,ai,353
D13612.docx,batch03,abstract-ART000867196,P3b,qwen3-8b,ai,397
D13613.docx,batch03,abstract-ART001532680,P3b,qwen3-8b,ai,524
D13614.docx,batch03,abstract-ART000892840,P3b,qwen3-8b,ai,660
D13615.docx,batch03,abstract-ART000867628,P3b,qwen3-8b,ai,587
D13616.docx,batch03,abstract-ART000869554,P3b,qwen3-8b,ai,549
D13617.docx,batch03,abstract-ART000902757,P3b,qwen3-8b,ai,467
D13618.docx,batch03,abstract-ART002507149,P3b,qwen3-8b,ai,702
D13619.docx,batch03,abstract-ART000905302,P3b,qwen3-8b,ai,785
D13620.docx,batch03,abstract-ART000873228,P3b,qwen3-8b,ai,389
D13621.docx,batch03,abstract-ART000896586,P3b,qwen3-8b,ai,709
D13622.docx,batch03,abstract-ART002118864,P3b,qwen3-8b,ai,562
D13623.docx,batch03,abstract-ART001716280,P3b,qwen3-8b,ai,444
D13624.docx,batch03,abstract-ART000864391,P3b,qwen3-8b,ai,555
D13625.docx,batch03,abstract-ART000898893,P3b,qwen3-8b,ai,840
D13626.docx,batch03,abstract-ART000861162,P3b,qwen3-8b,ai,453
D13627.docx,batch03,abstract-ART002551613,P3b,qwen3-8b,ai,959
D13628.docx,batch03,abstract-ART000902318,P3b,qwen3-8b,ai,587
D13629.docx,batch03,abstract-ART000889387,P3b,qwen3-8b,ai,441
D13630.docx,batch03,abstract-ART001474408,P3b,qwen3-8b,ai,808
D13631.docx,batch03,abstract-ART000868514,P3b,qwen3-8b,ai,460
D13632.docx,batch03,abstract-ART000890643,P3b,qwen3-8b,ai,517
D13633.docx,batch03,abstract-ART000905045,P3b,qwen3-8b,ai,546
D13634.docx,batch03,abstract-ART000852909,P3b,qwen3-8b,ai,752
D13635.docx,batch03,abstract-ART000873611,P3b,qwen3-8b,ai,687
D13636.docx,batch03,abstract-ART000861131,P3b,qwen3-8b,ai,634
D13637.docx,batch03,abstract-ART000860715,P3b,qwen3-8b,ai,626
D13638.docx,batch03,abstract-ART000896140,P3b,qwen3-8b,ai,764
D13639.docx,batch03,abstract-ART000904710,P3b,qwen3-8b,ai,405
D13640.docx,batch03,abstract-ART000879183,P3b,qwen3-8b,ai,868
D13641.docx,batch03,abstract-ART000904790,P3b,qwen3-8b,ai,586
D13642.docx,batch03,abstract-ART000879086,P3b,qwen3-8b,ai,705
D13643.docx,batch03,abstract-ART000879195,P3b,qwen3-8b,ai,598
D13644.docx,batch03,abstract-ART001744343,P3b,qwen3-8b,ai,425
D13645.docx,batch03,abstract-ART000856306,P3b,qwen3-8b,ai,623
D13646.docx,batch03,abstract-ART002126605,P3b,qwen3-8b,ai,781
D13647.docx,batch03,abstract-ART000905309,P3b,qwen3-8b,ai,501
D13648.docx,batch03,abstract-ART000896384,P3b,qwen3-8b,ai,387
D13649.docx,batch03,abstract-ART000889182,P3b,qwen3-8b,ai,328
D13650.docx,batch03,abstract-ART000889088,P3b,qwen3-8b,ai,477
D13651.docx,batch03,abstract-ART000899777,P3b,qwen3-8b,ai,894
D13652.docx,batch03,abstract-ART000864287,P3b,qwen3-8b,ai,598
D13653.docx,batch03,abstract-ART000899892,P3b,qwen3-8b,ai,348
D13654.docx,batch03,abstract-ART000899837,P3b,qwen3-8b,ai,1078
D13655.docx,batch03,abstract-ART000864363,P3b,qwen3-8b,ai,401
D13656.docx,batch03,abstract-ART000872746,P3b,qwen3-8b,ai,560
D13657.docx,batch03,abstract-ART000895596,P3b,qwen3-8b,ai,346
D13658.docx,batch03,abstract-ART000876262,P3b,qwen3-8b,ai,389
D13659.docx,batch03,abstract-ART000904620,P3b,qwen3-8b,ai,837
D13660.docx,batch03,abstract-ART000893267,P3b,qwen3-8b,ai,586
D13661.docx,batch03,abstract-ART000853136,P3b,qwen3-8b,ai,364
D13662.docx,batch03,abstract-ART000852418,P3b,qwen3-8b,ai,1040
D13663.docx,batch03,abstract-ART002147822,P3b,qwen3-8b,ai,559
D13664.docx,batch03,abstract-ART000903647,P3b,qwen3-8b,ai,330
D13665.docx,batch03,abstract-ART000876985,P3b,qwen3-8b,ai,587
D13666.docx,batch03,abstract-ART000904717,P3b,qwen3-8b,ai,434
D13667.docx,batch03,abstract-ART000902097,P3b,qwen3-8b,ai,825
D13668.docx,batch03,abstract-ART000897454,P3b,qwen3-8b,ai,627
D13669.docx,batch03,abstract-ART000900922,P3b,qwen3-8b,ai,385
D13670.docx,batch03,abstract-ART000897956,P3b,qwen3-8b,ai,625
D13671.docx,batch03,abstract-ART000856410,P3b,qwen3-8b,ai,1094
D13672.docx,batch03,abstract-ART000907099,P3b,qwen3-8b,ai,380
D13673.docx,batch03,abstract-ART000874557,P3b,qwen3-8b,ai,822
D13674.docx,batch03,abstract-ART000867535,P3b,qwen3-8b,ai,785
D13675.docx,batch03,abstract-ART000884613,P3b,qwen3-8b,ai,562
D13676.docx,batch03,abstract-ART000908144,P3b,qwen3-8b,ai,321
D13677.docx,batch03,abstract-ART002378097,P3b,qwen3-8b,ai,469
D13678.docx,batch03,abstract-ART000905661,P3b,qwen3-8b,ai,362
D13679.docx,batch03,abstract-ART000896018,P3b,qwen3-8b,ai,507
D13680.docx,batch03,abstract-ART001464003,P3b,qwen3-8b,ai,418
D13681.docx,batch03,abstract-ART000901472,P3b,qwen3-8b,ai,501
D13682.docx,batch03,abstract-ART000899362,P3b,qwen3-8b,ai,595
D13683.docx,batch03,abstract-ART000900153,P3b,qwen3-8b,ai,566
D13684.docx,batch03,abstract-ART000864449,P3b,qwen3-8b,ai,406
D13685.docx,batch03,abstract-ART002453098,P3b,qwen3-8b,ai,455
D13686.docx,batch03,abstract-ART000870363,P3b,qwen3-8b,ai,388
D13687.docx,batch03,abstract-ART000885215,P3b,qwen3-8b,ai,795
D13688.docx,batch03,abstract-ART000875923,P3b,qwen3-8b,ai,607
D13689.docx,batch03,abstract-ART000861192,P3b,qwen3-8b,ai,885
D13690.docx,batch03,abstract-ART000942901,P3b,qwen3-8b,ai,639
D13691.docx,batch03,abstract-ART000868073,P3b,qwen3-8b,ai,678
D13692.docx,batch03,abstract-ART000905420,P3b,qwen3-8b,ai,489
D13693.docx,batch03,abstract-ART000864753,P3b,qwen3-8b,ai,1218
D13694.docx,batch03,abstract-ART001735936,P3b,qwen3-8b,ai,574
D13695.docx,batch03,abstract-ART000893850,P3b,qwen3-8b,ai,492
D13696.docx,batch03,abstract-ART000869976,P3b,qwen3-8b,ai,411
D13697.docx,batch03,abstract-ART001795386,P3b,qwen3-8b,ai,499
D13698.docx,batch03,abstract-ART000875792,P3b,qwen3-8b,ai,381
D13699.docx,batch03,abstract-ART001626688,P3b,qwen3-8b,ai,581
D13700.docx,batch03,abstract-ART000905909,P3b,qwen3-8b,ai,670
D13701.docx,batch03,abstract-ART000869805,P3b,qwen3-8b,ai,415
D13702.docx,batch03,abstract-ART000852626,P3b,qwen3-8b,ai,568
D13703.docx,batch03,abstract-ART000863622,P3b,qwen3-8b,ai,369
D13704.docx,batch03,abstract-ART000885301,P3b,qwen3-8b,ai,498
D13705.docx,batch03,abstract-ART000851775,P3b,qwen3-8b,ai,563
D13706.docx,batch03,abstract-ART000902989,P3b,qwen3-8b,ai,493
D13707.docx,batch03,abstract-ART000880549,P3b,qwen3-8b,ai,587
D13708.docx,batch03,abstract-ART001994245,P3b,qwen3-8b,ai,698
D13709.docx,batch03,abstract-ART000854098,P3b,qwen3-8b,ai,805
D13710.docx,batch03,abstract-ART002137253,P3b,qwen3-8b,ai,810
D13711.docx,batch03,abstract-ART001833887,P3b,qwen3-8b,ai,585
D13712.docx,batch03,abstract-ART001359611,P3b,qwen3-8b,ai,662
D13713.docx,batch03,abstract-ART000878239,P3b,qwen3-8b,ai,573
D13714.docx,batch03,abstract-ART002032732,P3b,qwen3-8b,ai,779
D13715.docx,batch03,abstract-ART002378649,P3b,qwen3-8b,ai,471
D13716.docx,batch03,abstract-ART000905165,P3b,qwen3-8b,ai,428
D13717.docx,batch03,abstract-ART002118060,P3b,qwen3-8b,ai,506
D13718.docx,batch03,abstract-ART000905324,P3b,qwen3-8b,ai,886
D13719.docx,batch03,abstract-ART000881789,P3b,qwen3-8b,ai,669
D13720.docx,batch03,abstract-ART000898552,P3b,qwen3-8b,ai,351
D13721.docx,batch03,abstract-ART000896456,P3b,qwen3-8b,ai,320
D13722.docx,batch03,abstract-ART000897658,P3b,qwen3-8b,ai,712
D13723.docx,batch03,abstract-ART000869557,P3b,qwen3-8b,ai,420
D13724.docx,batch03,abstract-ART002232909,P3b,qwen3-8b,ai,806
D13725.docx,batch03,abstract-ART000887611,P3b,qwen3-8b,ai,899
D13726.docx,batch03,abstract-ART001563612,P3b,qwen3-8b,ai,926
D13727.docx,batch03,abstract-ART001886996,P3b,qwen3-8b,ai,654
D13728.docx,batch03,abstract-ART001461080,P3b,qwen3-8b,ai,470
D13729.docx,batch03,abstract-ART000868416,P3b,qwen3-8b,ai,635
D13730.docx,batch03,abstract-ART000892972,P3b,qwen3-8b,ai,505
D13731.docx,batch03,abstract-ART000885608,P3b,qwen3-8b,ai,920
D13732.docx,batch03,abstract-ART000872412,P3b,qwen3-8b,ai,1020
D13733.docx,batch03,abstract-ART000904498,P3b,qwen3-8b,ai,530
D13734.docx,batch03,abstract-ART000900367,P3b,qwen3-8b,ai,355
D13735.docx,batch03,abstract-ART000863138,P3b,qwen3-8b,ai,345
D13736.docx,batch03,abstract-ART000870220,P3b,qwen3-8b,ai,942
D13737.docx,batch03,abstract-ART000880660,P3b,qwen3-8b,ai,482
D13738.docx,batch03,abstract-ART000890641,P3b,qwen3-8b,ai,459
D13739.docx,batch03,abstract-ART000861070,P3b,qwen3-8b,ai,519
D13740.docx,batch03,abstract-ART000872195,P3b,qwen3-8b,ai,751
D13741.docx,batch03,abstract-ART000876912,P3b,qwen3-8b,ai,414
D13742.docx,batch03,abstract-ART000864386,P3b,qwen3-8b,ai,1086
D13743.docx,batch03,abstract-ART001974489,P3b,qwen3-8b,ai,408
D13744.docx,batch03,abstract-ART000885412,P3b,qwen3-8b,ai,578
D13745.docx,batch03,abstract-ART000880062,P3b,qwen3-8b,ai,563
D13746.docx,batch03,abstract-ART000870371,P3b,qwen3-8b,ai,497
D13747.docx,batch03,abstract-ART000891799,P3b,qwen3-8b,ai,526
D13748.docx,batch03,abstract-ART000908186,P3b,qwen3-8b,ai,603
D13749.docx,batch03,abstract-ART000869159,P3b,qwen3-8b,ai,553
D13750.docx,batch03,abstract-ART000853218,P3b,qwen3-8b,ai,381
D13751.docx,batch03,abstract-ART000905682,P3b,qwen3-8b,ai,431
D13752.docx,batch03,abstract-ART000867236,P3b,qwen3-8b,ai,836
D13753.docx,batch03,abstract-ART001621073,P3b,qwen3-8b,ai,426
D13754.docx,batch03,abstract-ART000896315,P3b,qwen3-8b,ai,395
D13755.docx,batch03,abstract-ART001400194,P3b,qwen3-8b,ai,732
D13756.docx,batch03,abstract-ART000869470,P3b,qwen3-8b,ai,769
D13757.docx,batch03,abstract-ART000881463,P3b,qwen3-8b,ai,1063
D13758.docx,batch03,abstract-ART000854744,P3b,qwen3-8b,ai,419
D13759.docx,batch03,abstract-ART000883402,P3b,qwen3-8b,ai,321
D13760.docx,batch03,abstract-ART001928701,P3b,qwen3-8b,ai,490
D13761.docx,batch03,abstract-ART002361693,P3b,qwen3-8b,ai,378
D13762.docx,batch03,abstract-ART000861766,P3b,qwen3-8b,ai,379
D13763.docx,batch03,abstract-ART000871726,P3b,qwen3-8b,ai,487
D13764.docx,batch03,abstract-ART000905153,P3b,qwen3-8b,ai,602
D13765.docx,batch03,abstract-ART000895463,P3b,qwen3-8b,ai,938
D13766.docx,batch03,abstract-ART000902880,P3b,qwen3-8b,ai,541
D13767.docx,batch03,abstract-ART001517040,P3b,qwen3-8b,ai,454
D13768.docx,batch03,abstract-ART000857912,P3b,qwen3-8b,ai,453
D13769.docx,batch03,abstract-ART000882787,P3b,qwen3-8b,ai,558
D13770.docx,batch03,abstract-ART000860454,P3b,qwen3-8b,ai,584
D13771.docx,batch03,abstract-ART000875546,P3b,qwen3-8b,ai,540
D13772.docx,batch03,abstract-ART000899446,P3b,qwen3-8b,ai,424
D13773.docx,batch03,abstract-ART000888460,P3b,qwen3-8b,ai,513
D13774.docx,batch03,abstract-ART000853216,P3b,qwen3-8b,ai,436
D13775.docx,batch03,abstract-ART000896163,P3b,qwen3-8b,ai,409
D13776.docx,batch03,abstract-ART000898047,P3b,qwen3-8b,ai,649
D13777.docx,batch03,abstract-ART000905875,P3b,qwen3-8b,ai,356
D13778.docx,batch03,abstract-ART000872347,P3b,qwen3-8b,ai,344
D13779.docx,batch03,abstract-ART000906433,P3b,qwen3-8b,ai,557
D13780.docx,batch03,abstract-ART000905882,P3b,qwen3-8b,ai,612
D13781.docx,batch03,abstract-ART000866108,P3b,qwen3-8b,ai,443
D13782.docx,batch03,abstract-ART000891696,P3b,qwen3-8b,ai,566
D13783.docx,batch03,abstract-ART000885604,P3b,qwen3-8b,ai,692
D13784.docx,batch03,abstract-ART000857819,P3b,qwen3-8b,ai,536
D13785.docx,batch03,abstract-ART000850963,P3b,qwen3-8b,ai,658
D13786.docx,batch03,abstract-ART001655345,P3b,qwen3-8b,ai,554
D13787.docx,batch03,abstract-ART000876582,P3b,qwen3-8b,ai,494
D13788.docx,batch03,abstract-ART000879624,P3b,qwen3-8b,ai,377
D13789.docx,batch03,abstract-ART000874573,P3b,qwen3-8b,ai,767
D13790.docx,batch03,abstract-ART000893666,P3b,qwen3-8b,ai,591
D13791.docx,batch03,abstract-ART000889859,P3b,qwen3-8b,ai,374
D13792.docx,batch03,abstract-ART000888621,P3b,qwen3-8b,ai,831
D13793.docx,batch03,abstract-ART000884466,P3b,qwen3-8b,ai,880
D13794.docx,batch03,abstract-ART000876883,P3b,qwen3-8b,ai,544
D13795.docx,batch03,abstract-ART000874638,P3b,qwen3-8b,ai,746
D13796.docx,batch03,abstract-ART000885079,P3b,qwen3-8b,ai,516
D13797.docx,batch03,abstract-ART000905065,P3b,qwen3-8b,ai,345
D13798.docx,batch03,abstract-ART000854671,P3b,qwen3-8b,ai,677
D13799.docx,batch03,abstract-ART000907448,P3b,qwen3-8b,ai,297
D13800.docx,batch03,abstract-ART000901078,P3b,qwen3-8b,ai,417
D13801.docx,batch03,abstract-ART001917096,P3b,qwen3-8b,ai,647
D13802.docx,batch03,abstract-ART000901942,P3b,qwen3-8b,ai,306
D13803.docx,batch03,abstract-ART000899450,P3b,qwen3-8b,ai,363
D13804.docx,batch03,abstract-ART000873618,P3b,qwen3-8b,ai,761
D13805.docx,batch03,abstract-ART000875841,P3b,qwen3-8b,ai,595
D13806.docx,batch03,abstract-ART000861342,P3b,qwen3-8b,ai,785
D13807.docx,batch03,abstract-ART000875941,P3b,qwen3-8b,ai,600
D13808.docx,batch03,abstract-ART000903387,P3b,qwen3-8b,ai,819
D13809.docx,batch03,abstract-ART000881754,P3b,qwen3-8b,ai,339
D13810.docx,batch03,abstract-ART000883819,P3b,qwen3-8b,ai,738
D13811.docx,batch03,abstract-ART000861102,P3b,qwen3-8b,ai,439
D13812.docx,batch03,abstract-ART000852083,P3b,qwen3-8b,ai,404
D13813.docx,batch03,abstract-ART000875934,P3b,qwen3-8b,ai,585
D13814.docx,batch03,abstract-ART000904246,P3b,qwen3-8b,ai,517
D13815.docx,batch03,abstract-ART000902818,P3b,qwen3-8b,ai,526
D13816.docx,batch03,abstract-ART000862079,P3b,qwen3-8b,ai,660
D13817.docx,batch03,abstract-ART000904943,P3b,qwen3-8b,ai,601
D13818.docx,batch03,abstract-ART000872206,P3b,qwen3-8b,ai,1031
D13819.docx,batch03,abstract-ART000888576,P3b,qwen3-8b,ai,613
D13820.docx,batch03,abstract-ART000902714,P3b,qwen3-8b,ai,334
D13821.docx,batch03,abstract-ART000852543,P3b,qwen3-8b,ai,410
D13822.docx,batch03,abstract-ART000851865,P3b,qwen3-8b,ai,618
D13823.docx,batch03,abstract-ART002063677,P3b,qwen3-8b,ai,557
D13824.docx,batch03,abstract-ART000897953,P3b,qwen3-8b,ai,472
D13825.docx,batch03,abstract-ART000907287,P3b,qwen3-8b,ai,466
D13826.docx,batch03,abstract-ART000889529,P3b,qwen3-8b,ai,942
D13827.docx,batch03,abstract-ART000905821,P3b,qwen3-8b,ai,551
D13828.docx,batch03,abstract-ART000879003,P3b,qwen3-8b,ai,557
D13829.docx,batch03,abstract-ART000861501,P3b,qwen3-8b,ai,546
D13830.docx,batch03,abstract-ART000885872,P3b,qwen3-8b,ai,596
D13831.docx,batch03,abstract-ART000888295,P3b,qwen3-8b,ai,674
D13832.docx,batch03,abstract-ART002002267,P3b,qwen3-8b,ai,818
D13833.docx,batch03,abstract-ART000889765,P3b,qwen3-8b,ai,852
D13834.docx,batch03,abstract-ART000905605,P3b,qwen3-8b,ai,445
D13835.docx,batch03,abstract-ART000858896,P3b,qwen3-8b,ai,726
D13836.docx,batch03,abstract-ART000867980,P3b,qwen3-8b,ai,979
D13837.docx,batch03,abstract-ART000866958,P3b,qwen3-8b,ai,628
D13838.docx,batch03,abstract-ART000851307,P3b,qwen3-8b,ai,888
D13839.docx,batch03,abstract-ART000904973,P3b,qwen3-8b,ai,411
D13840.docx,batch03,abstract-ART000861922,P3b,qwen3-8b,ai,421
D13841.docx,batch03,abstract-ART000860380,P3b,qwen3-8b,ai,894
D13842.docx,batch03,abstract-ART000888597,P3b,qwen3-8b,ai,1040
D13843.docx,batch03,abstract-ART000891968,P3b,qwen3-8b,ai,653
D13844.docx,batch03,abstract-ART002254611,P3b,qwen3-8b,ai,559
D13845.docx,batch03,abstract-ART000866905,P3b,qwen3-8b,ai,370
D13846.docx,batch03,abstract-ART000894177,P3b,qwen3-8b,ai,555
D13847.docx,batch03,abstract-ART000887416,P3b,qwen3-8b,ai,835
D13848.docx,batch03,abstract-ART000893684,P3b,qwen3-8b,ai,529
D13849.docx,batch03,abstract-ART000864963,P3b,qwen3-8b,ai,759
D13850.docx,batch03,abstract-ART000868180,P3b,qwen3-8b,ai,521
D13851.docx,batch03,abstract-ART000893942,P3b,qwen3-8b,ai,418
D13852.docx,batch03,abstract-ART000880293,P3b,qwen3-8b,ai,345
D13853.docx,batch03,abstract-ART000876909,P3b,qwen3-8b,ai,664
D13854.docx,batch03,abstract-ART001955642,P3b,qwen3-8b,ai,741
D13855.docx,batch03,abstract-ART000901426,P3b,qwen3-8b,ai,927
D13856.docx,batch03,abstract-ART000905386,P3b,qwen3-8b,ai,518
D13857.docx,batch03,abstract-ART000860371,P3b,qwen3-8b,ai,624
D13858.docx,batch03,abstract-ART000872790,P3b,qwen3-8b,ai,540
D13859.docx,batch03,abstract-ART000879199,P3b,qwen3-8b,ai,681
D13860.docx,batch03,abstract-ART000854119,P3b,qwen3-8b,ai,642
D13861.docx,batch03,abstract-ART000864749,P3b,qwen3-8b,ai,545
D13862.docx,batch03,abstract-ART000864376,P3b,qwen3-8b,ai,837
D13863.docx,batch03,abstract-ART000854746,P3b,qwen3-8b,ai,472
D13864.docx,batch03,abstract-ART002434055,P3b,qwen3-8b,ai,404
D13865.docx,batch03,abstract-ART000857377,P3b,qwen3-8b,ai,998
D13866.docx,batch03,abstract-ART000863981,P3b,qwen3-8b,ai,354
D13867.docx,batch03,abstract-ART001545718,P3b,qwen3-8b,ai,532
D13868.docx,batch03,abstract-ART000860864,P3b,qwen3-8b,ai,792
D13869.docx,batch03,abstract-ART000901008,P3b,qwen3-8b,ai,377
D13870.docx,batch03,abstract-ART000900139,P3b,qwen3-8b,ai,659
D13871.docx,batch03,abstract-ART000863917,P3b,qwen3-8b,ai,910
D13872.docx,batch03,abstract-ART000873969,P3b,qwen3-8b,ai,441
D13873.docx,batch03,abstract-ART001886980,P3b,qwen3-8b,ai,771
D13874.docx,batch03,abstract-ART001662906,P3b,qwen3-8b,ai,670
D13875.docx,batch03,abstract-ART000874468,P3b,qwen3-8b,ai,1136
D13876.docx,batch03,abstract-ART000889463,P3b,qwen3-8b,ai,704
D13877.docx,batch03,abstract-ART002000390,P3b,qwen3-8b,ai,712
D13878.docx,batch03,abstract-ART000885364,P3b,qwen3-8b,ai,676
D13879.docx,batch03,abstract-ART000858570,P3b,qwen3-8b,ai,688
D13880.docx,batch03,abstract-ART000865245,P3b,qwen3-8b,ai,457
D13881.docx,batch03,abstract-ART000905081,P3b,qwen3-8b,ai,391
D13882.docx,batch03,abstract-ART000862292,P3b,qwen3-8b,ai,577
D13883.docx,batch03,abstract-ART002209600,P3b,qwen3-8b,ai,728
D13884.docx,batch03,abstract-ART001890466,P3b,qwen3-8b,ai,491
D13885.docx,batch03,abstract-ART000906066,P3b,qwen3-8b,ai,401
D13886.docx,batch03,abstract-ART000904690,P3b,qwen3-8b,ai,578
D13887.docx,batch03,abstract-ART000868490,P3b,qwen3-8b,ai,362
D13888.docx,batch03,abstract-ART000858481,P3b,qwen3-8b,ai,604
D13889.docx,batch03,abstract-ART000863196,P3b,qwen3-8b,ai,582
D13890.docx,batch03,abstract-ART000861660,P3b,qwen3-8b,ai,385
D13891.docx,batch03,abstract-ART000904979,P3b,qwen3-8b,ai,429
D13892.docx,batch03,abstract-ART000857824,P3b,qwen3-8b,ai,375
D13893.docx,batch03,abstract-ART000900107,P3b,qwen3-8b,ai,731
D13894.docx,batch03,abstract-ART001400158,P3b,qwen3-8b,ai,539
D13895.docx,batch03,abstract-ART000854099,P3b,qwen3-8b,ai,773
D13896.docx,batch03,abstract-ART000883833,P3b,qwen3-8b,ai,412
D13897.docx,batch03,abstract-ART001849798,P3b,qwen3-8b,ai,393
D13898.docx,batch03,abstract-ART000857951,P3b,qwen3-8b,ai,804
D13899.docx,batch03,abstract-ART000875011,P3b,qwen3-8b,ai,532
D13900.docx,batch03,abstract-ART000904851,P3b,qwen3-8b,ai,421
D13901.docx,batch03,abstract-ART000873381,P3b,qwen3-8b,ai,550
D13902.docx,batch03,abstract-ART001255715,P3b,qwen3-8b,ai,582
D13903.docx,batch03,abstract-ART001753033,P3b,qwen3-8b,ai,627
D13904.docx,batch03,abstract-ART000902865,P3b,qwen3-8b,ai,394
D13905.docx,batch03,abstract-ART000858402,P3b,qwen3-8b,ai,570
D13906.docx,batch03,abstract-ART000864295,P3b,qwen3-8b,ai,793
D13907.docx,batch03,abstract-ART001844912,P3b,qwen3-8b,ai,629
D13908.docx,batch03,abstract-ART000875315,P3b,qwen3-8b,ai,465
D13909.docx,batch03,abstract-ART002507622,P3b,qwen3-8b,ai,528
D13910.docx,batch03,abstract-ART000902391,P3b,qwen3-8b,ai,488
D13911.docx,batch03,abstract-ART000895754,P3b,qwen3-8b,ai,507
D13912.docx,batch03,abstract-ART002529256,P3b,qwen3-8b,ai,883
D13913.docx,batch03,abstract-ART000896192,P3b,qwen3-8b,ai,315
D13914.docx,batch03,abstract-ART000858723,P3b,qwen3-8b,ai,988
D13915.docx,batch03,abstract-ART000898626,P3b,qwen3-8b,ai,314
D13916.docx,batch03,abstract-ART000858404,P3b,qwen3-8b,ai,538
D13917.docx,batch03,abstract-ART001529494,P3b,qwen3-8b,ai,595
D13918.docx,batch03,abstract-ART000889313,P3b,qwen3-8b,ai,471
D13919.docx,batch03,abstract-ART002208078,P3b,qwen3-8b,ai,623
D13920.docx,batch03,abstract-ART000873010,P3b,qwen3-8b,ai,727
D13921.docx,batch03,abstract-ART000872785,P3b,qwen3-8b,ai,482
D13922.docx,batch03,abstract-ART000863791,P3b,qwen3-8b,ai,431
D13923.docx,batch03,abstract-ART000905223,P3b,qwen3-8b,ai,559
D13924.docx,batch03,abstract-ART000903061,P3b,qwen3-8b,ai,390
D13925.docx,batch03,abstract-ART000851939,P3b,qwen3-8b,ai,859
D13926.docx,batch03,abstract-ART000851171,P3b,qwen3-8b,ai,797
D13927.docx,batch03,abstract-ART000868082,P3b,qwen3-8b,ai,814
D13928.docx,batch03,abstract-ART002226336,P3b,qwen3-8b,ai,458
D13929.docx,batch03,abstract-ART001473369,P3b,qwen3-8b,ai,764
D13930.docx,batch03,abstract-ART000873154,P3b,qwen3-8b,ai,465
D13931.docx,batch03,abstract-ART000881868,P3b,qwen3-8b,ai,1112
D13932.docx,batch03,abstract-ART001688326,P3b,qwen3-8b,ai,649
D13933.docx,batch03,abstract-ART000888224,P3b,qwen3-8b,ai,965
D13934.docx,batch03,abstract-ART000893296,P3b,qwen3-8b,ai,541
D13935.docx,batch03,abstract-ART000895590,P3b,qwen3-8b,ai,571
D13936.docx,batch03,abstract-ART000881862,P3b,qwen3-8b,ai,722
D13937.docx,batch03,abstract-ART000884060,P3b,qwen3-8b,ai,527
D13938.docx,batch03,abstract-ART000875545,P3b,qwen3-8b,ai,795
D13939.docx,batch03,abstract-ART001821352,P3b,qwen3-8b,ai,834
D13940.docx,batch03,abstract-ART001753037,P3b,qwen3-8b,ai,488
D13941.docx,batch03,abstract-ART000899506,P3b,qwen3-8b,ai,924
D13942.docx,batch03,abstract-ART000867132,P3b,qwen3-8b,ai,1078
D13943.docx,batch03,abstract-ART002378857,P3b,qwen3-8b,ai,534
D13944.docx,batch03,abstract-ART000905885,P3b,qwen3-8b,ai,462
D13945.docx,batch03,abstract-ART000906540,P3b,qwen3-8b,ai,620
D13946.docx,batch03,abstract-ART000896466,P3b,qwen3-8b,ai,391
D13947.docx,batch03,abstract-ART000865968,P3b,qwen3-8b,ai,434
D13948.docx,batch03,abstract-ART000892916,P3b,qwen3-8b,ai,754
D13949.docx,batch03,abstract-ART000899286,P3b,qwen3-8b,ai,325
D13950.docx,batch03,abstract-ART001464709,P3b,qwen3-8b,ai,555
D13951.docx,batch03,abstract-ART000863207,P3b,qwen3-8b,ai,796
D13952.docx,batch03,abstract-ART000858225,P3b,qwen3-8b,ai,446
D13953.docx,batch03,abstract-ART000875033,P3b,qwen3-8b,ai,502
D13954.docx,batch03,abstract-ART002118069,P3b,qwen3-8b,ai,852
D13955.docx,batch03,abstract-ART000877506,P3b,qwen3-8b,ai,497
D13956.docx,batch03,abstract-ART000868527,P3b,qwen3-8b,ai,364
D13957.docx,batch03,abstract-ART000876900,P3b,qwen3-8b,ai,604
D13958.docx,batch03,abstract-ART000876378,P3b,qwen3-8b,ai,983
D13959.docx,batch03,abstract-ART000868108,P3b,qwen3-8b,ai,416
D13960.docx,batch03,abstract-ART000906214,P3b,qwen3-8b,ai,686
D13961.docx,batch03,abstract-ART000856061,P3b,qwen3-8b,ai,569
D13962.docx,batch03,abstract-ART000881956,P3b,qwen3-8b,ai,695
D13963.docx,batch03,abstract-ART000884991,P3b,qwen3-8b,ai,444
D13964.docx,batch03,abstract-ART000861404,P3b,qwen3-8b,ai,574
D13965.docx,batch03,abstract-ART000852068,P3b,qwen3-8b,ai,836
D13966.docx,batch03,abstract-ART000881756,P3b,qwen3-8b,ai,316
D13967.docx,batch03,abstract-ART000875754,P3b,qwen3-8b,ai,527
D13968.docx,batch03,abstract-ART000864372,P3b,qwen3-8b,ai,562
D13969.docx,batch03,abstract-ART000893181,P3b,qwen3-8b,ai,752
D13970.docx,batch03,abstract-ART000899436,P3b,qwen3-8b,ai,870
D13971.docx,batch03,abstract-ART000900849,P3b,qwen3-8b,ai,415
D13972.docx,batch03,abstract-ART000863073,P3b,qwen3-8b,ai,441
D13973.docx,batch03,abstract-ART000874487,P3b,qwen3-8b,ai,1019
D13974.docx,batch03,abstract-ART000880457,P3b,qwen3-8b,ai,518
D13975.docx,batch03,abstract-ART002320053,P3b,qwen3-8b,ai,821
D13976.docx,batch03,abstract-ART000895462,P3b,qwen3-8b,ai,720
D13977.docx,batch03,abstract-ART001155326,P3b,qwen3-8b,ai,532
D13978.docx,batch03,abstract-ART000892662,P3b,qwen3-8b,ai,452
D13979.docx,batch03,abstract-ART000894057,P3b,qwen3-8b,ai,447
D13980.docx,batch03,abstract-ART000895383,P3b,qwen3-8b,ai,501
D13981.docx,batch03,abstract-ART000863306,P3b,qwen3-8b,ai,853
D13982.docx,batch03,abstract-ART000875789,P3b,qwen3-8b,ai,820
D13983.docx,batch03,abstract-ART000906439,P3b,qwen3-8b,ai,362
D13984.docx,batch03,abstract-ART000904429,P3b,qwen3-8b,ai,529
D13985.docx,batch03,abstract-ART000924404,P3b,qwen3-8b,ai,583
D13986.docx,batch03,abstract-ART000883818,P3b,qwen3-8b,ai,916
D13987.docx,batch03,abstract-ART002349012,P3b,qwen3-8b,ai,533
D13988.docx,batch03,abstract-ART000875040,P3b,qwen3-8b,ai,827
D13989.docx,batch03,abstract-ART000905608,P3b,qwen3-8b,ai,438
D13990.docx,batch03,abstract-ART000902057,P3b,qwen3-8b,ai,546
D13991.docx,batch03,abstract-ART000900745,P3b,qwen3-8b,ai,433
D13992.docx,batch03,abstract-ART000857727,P3b,qwen3-8b,ai,615
D13993.docx,batch03,abstract-ART000862110,P3b,qwen3-8b,ai,577
D13994.docx,batch03,abstract-ART002040602,P3b,qwen3-8b,ai,471
D13995.docx,batch03,abstract-ART000902032,P3b,qwen3-8b,ai,429
D13996.docx,batch03,abstract-ART001741486,P3b,qwen3-8b,ai,683
D13997.docx,batch03,abstract-ART000902356,P3b,qwen3-8b,ai,431
D13998.docx,batch03,abstract-ART000893696,P3b,qwen3-8b,ai,875
D13999.docx,batch03,abstract-ART000884329,P3b,qwen3-8b,ai,680
D14000.docx,batch03,abstract-ART000865240,P3b,qwen3-8b,ai,936
D14001.docx,batch03,abstract-ART000856075,P3b,qwen3-8b,ai,461
D14002.docx,batch03,abstract-ART000851551,P3b,qwen3-8b,ai,594
D14003.docx,batch03,abstract-ART000852164,P3b,qwen3-8b,ai,737
D14004.docx,batch03,abstract-ART000892596,P3b,qwen3-8b,ai,587
D14005.docx,batch03,abstract-ART001954287,P3b,qwen3-8b,ai,351
D14006.docx,batch03,abstract-ART000850839,P3b,qwen3-8b,ai,527
D14007.docx,batch03,abstract-ART000869535,P3b,qwen3-8b,ai,437
D14008.docx,batch03,abstract-ART002439384,P3b,qwen3-8b,ai,514
D14009.docx,batch03,abstract-ART000895518,P3b,qwen3-8b,ai,659
D14010.docx,batch03,abstract-ART000900751,P3b,qwen3-8b,ai,502
D14011.docx,batch03,abstract-ART000858800,P3b,qwen3-8b,ai,458
D14012.docx,batch03,abstract-ART000897450,P3b,qwen3-8b,ai,687
D14013.docx,batch03,abstract-ART000901399,P3b,qwen3-8b,ai,501
D14014.docx,batch03,abstract-ART000875645,P3b,qwen3-8b,ai,531
D14015.docx,batch03,abstract-ART000900295,P3b,qwen3-8b,ai,368
D14016.docx,batch03,abstract-ART000868196,P3b,qwen3-8b,ai,711
D14017.docx,batch03,abstract-ART000852182,P3b,qwen3-8b,ai,655
D14018.docx,batch03,abstract-ART000864223,P3b,qwen3-8b,ai,530
D14019.docx,batch03,abstract-ART000881807,P3b,qwen3-8b,ai,526
D14020.docx,batch03,abstract-ART000880130,P3b,qwen3-8b,ai,387
D14021.docx,batch03,abstract-ART000871907,P3b,qwen3-8b,ai,470
D14022.docx,batch03,abstract-ART000907359,P3b,qwen3-8b,ai,454
D14023.docx,batch03,abstract-ART002502703,P3b,qwen3-8b,ai,850
D14024.docx,batch03,abstract-ART000861358,P3b,qwen3-8b,ai,546
D14025.docx,batch03,abstract-ART001548210,P3b,qwen3-8b,ai,764
D14026.docx,batch03,abstract-ART000879691,P3b,qwen3-8b,ai,492
D14027.docx,batch03,abstract-ART000895620,P3b,qwen3-8b,ai,496
D14028.docx,batch03,abstract-ART001598634,P3b,qwen3-8b,ai,954
D14029.docx,batch03,abstract-ART000879068,P3b,qwen3-8b,ai,891
D14030.docx,batch03,abstract-ART000906341,P3b,qwen3-8b,ai,329
D14031.docx,batch03,abstract-ART000874060,P3b,qwen3-8b,ai,422
D14032.docx,batch03,abstract-ART000901192,P3b,qwen3-8b,ai,490
D14033.docx,batch03,abstract-ART000901251,P3b,qwen3-8b,ai,1052
D14034.docx,batch03,abstract-ART000895767,P3b,qwen3-8b,ai,296
D14035.docx,batch03,abstract-ART000896544,P3b,qwen3-8b,ai,446
D14036.docx,batch03,abstract-ART000905498,P3b,qwen3-8b,ai,804
D14037.docx,batch03,abstract-ART001914088,P3b,qwen3-8b,ai,841
D14038.docx,batch03,abstract-ART002494885,P3b,qwen3-8b,ai,708
D14039.docx,batch03,abstract-ART000861946,P3b,qwen3-8b,ai,689
D14040.docx,batch03,abstract-ART000880653,P3b,qwen3-8b,ai,885
D14041.docx,batch03,abstract-ART000858853,P3b,qwen3-8b,ai,334
D14042.docx,batch03,abstract-ART000906035,P3b,qwen3-8b,ai,364
D14043.docx,batch03,abstract-ART000863727,P3b,qwen3-8b,ai,441
D14044.docx,batch03,abstract-ART000898026,P3b,qwen3-8b,ai,367
D14045.docx,batch03,abstract-ART000903245,P3b,qwen3-8b,ai,262
D14046.docx,batch03,abstract-ART001621292,P3b,qwen3-8b,ai,647
D14047.docx,batch03,abstract-ART000864198,P3b,qwen3-8b,ai,378
D14048.docx,batch03,abstract-ART000864589,P3b,qwen3-8b,ai,372
D14049.docx,batch03,abstract-ART000865241,P3b,qwen3-8b,ai,565
D14050.docx,batch03,abstract-ART000883406,P3b,qwen3-8b,ai,560
D14051.docx,batch03,abstract-ART000879684,P3b,qwen3-8b,ai,460
D14052.docx,batch03,abstract-ART002408156,P3b,qwen3-8b,ai,376
D14053.docx,batch03,abstract-ART000865050,P3b,qwen3-8b,ai,532
D14054.docx,batch03,abstract-ART000861208,P3b,qwen3-8b,ai,504
D14055.docx,batch03,abstract-ART000893121,P3b,qwen3-8b,ai,430
D14056.docx,batch03,abstract-ART000904497,P3b,qwen3-8b,ai,412
D14057.docx,batch03,abstract-ART000869330,P3b,qwen3-8b,ai,462
D14058.docx,batch03,abstract-ART000864013,P3b,qwen3-8b,ai,858
D14059.docx,batch03,abstract-ART001474385,P3b,qwen3-8b,ai,595
D14060.docx,batch03,abstract-ART000851701,P3b,qwen3-8b,ai,738
D14061.docx,batch03,abstract-ART002459560,P3b,qwen3-8b,ai,412
D14062.docx,batch03,abstract-ART000908062,P3b,qwen3-8b,ai,893
D14063.docx,batch03,abstract-ART000896181,P3b,qwen3-8b,ai,572
D14064.docx,batch03,abstract-ART000891793,P3b,qwen3-8b,ai,570
D14065.docx,batch03,abstract-ART000900023,P3b,qwen3-8b,ai,891
D14066.docx,batch03,abstract-ART000908022,P3b,qwen3-8b,ai,466
D14067.docx,batch03,abstract-ART000861063,P3b,qwen3-8b,ai,443
D14068.docx,batch03,abstract-ART002351987,P3b,qwen3-8b,ai,537
D14069.docx,batch03,abstract-ART000897347,P3b,qwen3-8b,ai,740
D14070.docx,batch03,abstract-ART000902188,P3b,qwen3-8b,ai,840
D14071.docx,batch03,abstract-ART000881323,P3b,qwen3-8b,ai,513
D14072.docx,batch03,abstract-ART000857587,P3b,qwen3-8b,ai,709
D14073.docx,batch03,abstract-ART000885511,P3b,qwen3-8b,ai,682
D14074.docx,batch03,abstract-ART000888924,P3b,qwen3-8b,ai,516
D14075.docx,batch03,abstract-ART000905064,P3b,qwen3-8b,ai,363
D14076.docx,batch03,abstract-ART000892597,P3b,qwen3-8b,ai,659
D14077.docx,batch03,abstract-ART000873581,P3b,qwen3-8b,ai,952
D14078.docx,batch03,abstract-ART000907348,P3b,qwen3-8b,ai,540
D14079.docx,batch03,abstract-ART000902255,P3b,qwen3-8b,ai,348
D14080.docx,batch03,abstract-ART000867239,P3b,qwen3-8b,ai,992
D14081.docx,batch03,abstract-ART000904860,P3b,qwen3-8b,ai,663
D14082.docx,batch03,abstract-ART000854097,P3b,qwen3-8b,ai,472
D14083.docx,batch03,abstract-ART000879085,P3b,qwen3-8b,ai,498
D14084.docx,batch03,abstract-ART000862485,P3b,qwen3-8b,ai,511
D14085.docx,batch03,abstract-ART002093503,P3b,qwen3-8b,ai,720
D14086.docx,batch03,abstract-ART000851706,P3b,qwen3-8b,ai,640
D14087.docx,batch03,abstract-ART000882821,P3b,qwen3-8b,ai,589
D14088.docx,batch03,abstract-ART001800194,P3b,qwen3-8b,ai,371
D14089.docx,batch03,abstract-ART000902984,P3b,qwen3-8b,ai,416
D14090.docx,batch03,abstract-ART000872362,P3b,qwen3-8b,ai,466
D14091.docx,batch03,abstract-ART000880194,P3b,qwen3-8b,ai,695
D14092.docx,batch03,abstract-ART000880718,P3b,qwen3-8b,ai,726
D14093.docx,batch03,abstract-ART000892556,P3b,qwen3-8b,ai,838
D14094.docx,batch03,abstract-ART000852086,P3b,qwen3-8b,ai,480
D14095.docx,batch03,abstract-ART000856305,P3b,qwen3-8b,ai,434
D14096.docx,batch03,abstract-ART002502704,P3b,qwen3-8b,ai,631
D14097.docx,batch03,abstract-ART000854192,P3b,qwen3-8b,ai,484
D14098.docx,batch03,abstract-ART000874640,P3b,qwen3-8b,ai,760
D14099.docx,batch03,abstract-ART000885042,P3b,qwen3-8b,ai,1036
D14100.docx,batch03,abstract-ART000873153,P3b,qwen3-8b,ai,499
D14101.docx,batch03,abstract-ART000889551,P3b,qwen3-8b,ai,690
D14102.docx,batch03,abstract-ART000869569,P3b,qwen3-8b,ai,812
D14103.docx,batch03,abstract-ART000868506,P3b,qwen3-8b,ai,919
D14104.docx,batch03,abstract-ART000863071,P3b,qwen3-8b,ai,422
D14105.docx,batch03,abstract-ART000861081,P3b,qwen3-8b,ai,508
D14106.docx,batch03,abstract-ART000863127,P3b,qwen3-8b,ai,496
D14107.docx,batch03,abstract-ART000857938,P3b,qwen3-8b,ai,641
D14108.docx,batch03,abstract-ART000902266,P3b,qwen3-8b,ai,540
D14109.docx,batch03,abstract-ART000872849,P3b,qwen3-8b,ai,313
D14110.docx,batch03,abstract-ART000881226,P3b,qwen3-8b,ai,1092
D14111.docx,batch03,abstract-ART000881949,P3b,qwen3-8b,ai,303
D14112.docx,batch03,abstract-ART000852077,P3b,qwen3-8b,ai,502
D14113.docx,batch03,abstract-ART000900068,P3b,qwen3-8b,ai,521
D14114.docx,batch03,abstract-ART000879690,P3b,qwen3-8b,ai,507
D14115.docx,batch03,abstract-ART000901117,P3b,qwen3-8b,ai,806
D14116.docx,batch03,abstract-ART000863194,P3b,qwen3-8b,ai,354
D14117.docx,batch03,abstract-ART000899518,P3b,qwen3-8b,ai,658
D14118.docx,batch03,abstract-ART000874906,P3b,qwen3-8b,ai,776
D14119.docx,batch03,abstract-ART000904884,P3b,qwen3-8b,ai,716
D14120.docx,batch03,abstract-ART000871981,P3b,qwen3-8b,ai,677
D14121.docx,batch03,abstract-ART000884961,P3b,qwen3-8b,ai,806
D14122.docx,batch03,abstract-ART000882993,P3b,qwen3-8b,ai,546
D14123.docx,batch03,abstract-ART000867244,P3b,qwen3-8b,ai,646
D14124.docx,batch03,abstract-ART000884221,P3b,qwen3-8b,ai,1004
D14125.docx,batch03,abstract-ART000900331,P3b,qwen3-8b,ai,383
D14126.docx,batch03,abstract-ART000857584,P3b,qwen3-8b,ai,333
D14127.docx,batch03,abstract-ART000857876,P3b,qwen3-8b,ai,433
D14128.docx,batch03,abstract-ART000898037,P3b,qwen3-8b,ai,264
D14129.docx,batch03,abstract-ART000882818,P3b,qwen3-8b,ai,410
D14130.docx,batch03,abstract-ART000852105,P3b,qwen3-8b,ai,319
D14131.docx,batch03,abstract-ART000901248,P3b,qwen3-8b,ai,641
D14132.docx,batch03,abstract-ART000903016,P3b,qwen3-8b,ai,301
D14133.docx,batch03,abstract-ART001928698,P3b,qwen3-8b,ai,472
D14134.docx,batch03,abstract-ART000905547,P3b,qwen3-8b,ai,599
D14135.docx,batch03,abstract-ART000889448,P3b,qwen3-8b,ai,598
D14136.docx,batch03,abstract-ART000888222,P3b,qwen3-8b,ai,808
D14137.docx,batch03,abstract-ART002541358,P3b,qwen3-8b,ai,662
D14138.docx,batch03,abstract-ART000891630,P3b,qwen3-8b,ai,416
D14139.docx,batch03,abstract-ART000872606,P3b,qwen3-8b,ai,506
D14140.docx,batch03,abstract-ART000905493,P3b,qwen3-8b,ai,489
D14141.docx,batch03,abstract-ART000888532,P3b,qwen3-8b,ai,787
D14142.docx,batch03,abstract-ART000875985,P3b,qwen3-8b,ai,431
D14143.docx,batch03,abstract-ART000873552,P3b,qwen3-8b,ai,453
D14144.docx,batch03,abstract-ART000899726,P3b,qwen3-8b,ai,644
D14145.docx,batch03,abstract-ART000872360,P3b,qwen3-8b,ai,370
D14146.docx,batch03,abstract-ART000907177,P3b,qwen3-8b,ai,465
D14147.docx,batch03,abstract-ART000877415,P3b,qwen3-8b,ai,395
D14148.docx,batch03,abstract-ART000889180,P3b,qwen3-8b,ai,391
D14149.docx,batch03,abstract-ART000904424,P3b,qwen3-8b,ai,337
D14150.docx,batch03,abstract-ART000891942,P3b,qwen3-8b,ai,406
D14151.docx,batch03,abstract-ART000901402,P3b,qwen3-8b,ai,545
D14152.docx,batch03,abstract-ART000888300,P3b,qwen3-8b,ai,302
D14153.docx,batch03,abstract-ART000863057,P3b,qwen3-8b,ai,589
D14154.docx,batch03,abstract-ART000878890,P3b,qwen3-8b,ai,479
D14155.docx,batch03,abstract-ART000868179,P3b,qwen3-8b,ai,432
D14156.docx,batch03,abstract-ART000863555,P3b,qwen3-8b,ai,333
D14157.docx,batch03,abstract-ART000868091,P3b,qwen3-8b,ai,450
D14158.docx,batch03,abstract-ART000860712,P3b,qwen3-8b,ai,467
D14159.docx,batch03,abstract-ART000852098,P3b,qwen3-8b,ai,807
D14160.docx,batch03,abstract-ART000896383,P3b,qwen3-8b,ai,278
D14161.docx,batch03,abstract-ART000865218,P3b,qwen3-8b,ai,443
D14162.docx,batch03,abstract-ART000875005,P3b,qwen3-8b,ai,493
D14163.docx,batch03,abstract-ART000900250,P3b,qwen3-8b,ai,360
D14164.docx,batch03,abstract-ART000876530,P3b,qwen3-8b,ai,832
D14165.docx,batch03,abstract-ART000902543,P3b,qwen3-8b,ai,357
D14166.docx,batch03,abstract-ART000863139,P3b,qwen3-8b,ai,815
D14167.docx,batch03,abstract-ART000863630,P3b,qwen3-8b,ai,392
D14168.docx,batch03,abstract-ART000905828,P3b,qwen3-8b,ai,346
D14169.docx,batch03,abstract-ART000875845,P3b,qwen3-8b,ai,486
D14170.docx,batch03,abstract-ART002541338,P3b,qwen3-8b,ai,518
D14171.docx,batch03,abstract-ART000872279,P3b,qwen3-8b,ai,665
D14172.docx,batch03,abstract-ART002494524,P3b,qwen3-8b,ai,674
D14173.docx,batch03,abstract-ART000868280,P3b,qwen3-8b,ai,649
D14174.docx,batch03,abstract-ART002002291,P3b,qwen3-8b,ai,682
D14175.docx,batch03,abstract-ART001540191,P3b,qwen3-8b,ai,482
D14176.docx,batch03,abstract-ART000872300,P3b,qwen3-8b,ai,380
D14177.docx,batch03,abstract-ART000880410,P3b,qwen3-8b,ai,471
D14178.docx,batch03,abstract-ART002525645,P3b,qwen3-8b,ai,702
D14179.docx,batch03,abstract-ART001771646,P3b,qwen3-8b,ai,814
D14180.docx,batch03,abstract-ART000879708,P3b,qwen3-8b,ai,472
D14181.docx,batch03,abstract-ART002147929,P3b,qwen3-8b,ai,470
D14182.docx,batch03,abstract-ART000903028,P3b,qwen3-8b,ai,464
D14183.docx,batch03,abstract-ART000861017,P3b,qwen3-8b,ai,580
D14184.docx,batch03,abstract-ART000852081,P3b,qwen3-8b,ai,541
D14185.docx,batch03,abstract-ART000900908,P3b,qwen3-8b,ai,467
D14186.docx,batch03,abstract-ART000865963,P3b,qwen3-8b,ai,415
D14187.docx,batch03,abstract-ART000884237,P3b,qwen3-8b,ai,589
D14188.docx,batch03,abstract-ART000851564,P3b,qwen3-8b,ai,362
D14189.docx,batch03,abstract-ART000903587,P3b,qwen3-8b,ai,461
D14190.docx,batch03,abstract-ART000906418,P3b,qwen3-8b,ai,569
D14191.docx,batch03,abstract-ART000880806,P3b,qwen3-8b,ai,489
D14192.docx,batch03,abstract-ART000904420,P3b,qwen3-8b,ai,419
D14193.docx,batch03,abstract-ART000889761,P3b,qwen3-8b,ai,435
D14194.docx,batch03,abstract-ART000902966,P3b,qwen3-8b,ai,448
D14195.docx,batch03,abstract-ART000902325,P3b,qwen3-8b,ai,318
D14196.docx,batch03,abstract-ART000897391,P3b,qwen3-8b,ai,604
D14197.docx,batch03,abstract-ART002160293,P3b,qwen3-8b,ai,373
D14198.docx,batch03,abstract-ART000875846,P3b,qwen3-8b,ai,818
D14199.docx,batch03,abstract-ART002440938,P3b,qwen3-8b,ai,570
D14200.docx,batch03,abstract-ART000852908,P3b,qwen3-8b,ai,493
D14201.docx,batch03,abstract-ART000869340,P3b,qwen3-8b,ai,418
D14202.docx,batch03,abstract-ART000896374,P3b,qwen3-8b,ai,465
D14203.docx,batch03,abstract-ART000883343,P3b,qwen3-8b,ai,891
D14204.docx,batch03,abstract-ART000904624,P3b,qwen3-8b,ai,351
D14205.docx,batch03,abstract-ART000869216,P3b,qwen3-8b,ai,900
D14206.docx,batch03,abstract-ART000903175,P3b,qwen3-8b,ai,390
D14207.docx,batch03,abstract-ART000856379,P3b,qwen3-8b,ai,536
D14208.docx,batch03,abstract-ART000899191,P3b,qwen3-8b,ai,343
D14209.docx,batch03,abstract-ART001849795,P3b,qwen3-8b,ai,491
D14210.docx,batch03,abstract-ART000892678,P3b,qwen3-8b,ai,610
D14211.docx,batch03,abstract-ART000853497,P3b,qwen3-8b,ai,904
D14212.docx,batch03,abstract-ART000868274,P3b,qwen3-8b,ai,710
D14213.docx,batch03,abstract-ART000890735,P3b,qwen3-8b,ai,414
D14214.docx,batch03,abstract-ART000895503,P3b,qwen3-8b,ai,469
D14215.docx,batch03,abstract-ART000886280,P3b,qwen3-8b,ai,797
D14216.docx,batch03,abstract-ART000852911,P3b,qwen3-8b,ai,305
D14217.docx,batch03,abstract-ART000877064,P3b,qwen3-8b,ai,677
D14218.docx,batch03,abstract-ART000903560,P3b,qwen3-8b,ai,482
D14219.docx,batch03,abstract-ART002452010,P3b,qwen3-8b,ai,519
D14220.docx,batch03,abstract-ART000893943,P3b,qwen3-8b,ai,398
D14221.docx,batch03,abstract-ART000906421,P3b,qwen3-8b,ai,556
D14222.docx,batch03,abstract-ART000861759,P3b,qwen3-8b,ai,454
D14223.docx,batch03,abstract-ART000871181,P3b,qwen3-8b,ai,673
D14224.docx,batch03,abstract-ART000851938,P3b,qwen3-8b,ai,477
D14225.docx,batch03,abstract-ART000892108,P3b,qwen3-8b,ai,521
D14226.docx,batch03,abstract-ART000896382,P3b,qwen3-8b,ai,438
D14227.docx,batch03,abstract-ART000857770,P3b,qwen3-8b,ai,519
D14228.docx,batch03,abstract-ART002379788,P3b,qwen3-8b,ai,960
D14229.docx,batch03,abstract-ART000904771,P3b,qwen3-8b,ai,557
D14230.docx,batch03,abstract-ART001920479,P3b,qwen3-8b,ai,613
D14231.docx,batch03,abstract-ART000890181,P3b,qwen3-8b,ai,432
D14232.docx,batch03,abstract-ART000872274,P3b,qwen3-8b,ai,885
D14233.docx,batch03,abstract-ART000861052,P3b,qwen3-8b,ai,461
D14234.docx,batch03,abstract-ART000892395,P3b,qwen3-8b,ai,595
D14235.docx,batch03,abstract-ART002290153,P3b,qwen3-8b,ai,1080
D14236.docx,batch03,abstract-ART000869473,P3b,qwen3-8b,ai,639
D14237.docx,batch03,abstract-ART000905488,P3b,qwen3-8b,ai,363
D14238.docx,batch03,abstract-ART000890253,P3b,qwen3-8b,ai,415
D14239.docx,batch03,abstract-ART000890644,P3b,qwen3-8b,ai,534
D14240.docx,batch03,abstract-ART000864965,P3b,qwen3-8b,ai,676
D14241.docx,batch03,abstract-ART000902540,P3b,qwen3-8b,ai,324
D14242.docx,batch03,abstract-ART000858484,P3b,qwen3-8b,ai,845
D14243.docx,batch03,abstract-ART000867533,P3b,qwen3-8b,ai,351
D14244.docx,batch03,abstract-ART000900854,P3b,qwen3-8b,ai,555
D14245.docx,batch03,abstract-ART002546423,P3b,qwen3-8b,ai,765
D14246.docx,batch03,abstract-ART000861089,P3b,qwen3-8b,ai,504
D14247.docx,batch03,abstract-ART000880370,P3b,qwen3-8b,ai,303
D14248.docx,batch03,abstract-ART000869488,P3b,qwen3-8b,ai,376
D14249.docx,batch03,abstract-ART000897804,P3b,qwen3-8b,ai,848
D14250.docx,batch03,abstract-ART000888378,P3b,qwen3-8b,ai,582
D14251.docx,batch03,abstract-ART000906524,P3b,qwen3-8b,ai,326
D14252.docx,batch03,abstract-ART000892683,P3b,qwen3-8b,ai,630
D14253.docx,batch03,abstract-ART000867755,P3b,qwen3-8b,ai,678
D14254.docx,batch03,abstract-ART000883811,P3b,qwen3-8b,ai,526
D14255.docx,batch03,abstract-ART000858706,P3b,qwen3-8b,ai,485
D14256.docx,batch03,abstract-ART002197222,P3b,qwen3-8b,ai,525
D14257.docx,batch03,abstract-ART000902729,P3b,qwen3-8b,ai,447
D14258.docx,batch03,abstract-ART000904968,P3b,qwen3-8b,ai,511
D14259.docx,batch03,abstract-ART000863121,P3b,qwen3-8b,ai,339
D14260.docx,batch03,abstract-ART000880142,P3b,qwen3-8b,ai,386
D14261.docx,batch03,abstract-ART000875763,P3b,qwen3-8b,ai,465
D14262.docx,batch03,abstract-ART000904875,P3b,qwen3-8b,ai,777
D14263.docx,batch03,abstract-ART000866947,P3b,qwen3-8b,ai,776
D14264.docx,batch03,abstract-ART000903420,P3b,qwen3-8b,ai,344
D14265.docx,batch03,abstract-ART000868199,P3b,qwen3-8b,ai,841
D14266.docx,batch03,abstract-ART000858585,P3b,qwen3-8b,ai,699
D14267.docx,batch03,abstract-ART000902806,P3b,qwen3-8b,ai,580
D14268.docx,batch03,abstract-ART000889447,P3b,qwen3-8b,ai,544
D14269.docx,batch03,abstract-ART000903000,P3b,qwen3-8b,ai,314
D14270.docx,batch03,abstract-ART000902259,P3b,qwen3-8b,ai,476
D14271.docx,batch03,abstract-ART000873426,P3b,qwen3-8b,ai,665
D14272.docx,batch03,abstract-ART000899439,P3b,qwen3-8b,ai,435
D14273.docx,batch03,abstract-ART000881128,P3b,qwen3-8b,ai,613
D14274.docx,batch03,abstract-ART000899190,P3b,qwen3-8b,ai,365
D14275.docx,batch03,abstract-ART000900074,P3b,qwen3-8b,ai,645
D14276.docx,batch03,abstract-ART000851942,P3b,qwen3-8b,ai,600
D14277.docx,batch03,abstract-ART002378030,P3b,qwen3-8b,ai,577
D14278.docx,batch03,abstract-ART000872428,P3b,qwen3-8b,ai,342
D14279.docx,batch03,abstract-ART000861087,P3b,qwen3-8b,ai,644
D14280.docx,batch03,abstract-ART000864382,P3b,qwen3-8b,ai,508
D14281.docx,batch03,abstract-ART000894745,P3b,qwen3-8b,ai,337
D14282.docx,batch03,abstract-ART000893204,P3b,qwen3-8b,ai,508
D14283.docx,batch03,abstract-ART000855308,P3b,qwen3-8b,ai,605
D14284.docx,batch03,abstract-ART000900141,P3b,qwen3-8b,ai,667
D14285.docx,batch03,abstract-ART000901736,P3b,qwen3-8b,ai,686
D14286.docx,batch03,abstract-ART001305189,P3b,qwen3-8b,ai,855
D14287.docx,batch03,abstract-ART000874602,P3b,qwen3-8b,ai,498
D14288.docx,batch03,abstract-ART000893260,P3b,qwen3-8b,ai,633
D14289.docx,batch03,abstract-ART000885853,P3b,qwen3-8b,ai,771
D14290.docx,batch03,abstract-ART000868503,P3b,qwen3-8b,ai,528
D14291.docx,batch03,abstract-ART000880668,P3b,qwen3-8b,ai,633
D14292.docx,batch03,abstract-ART000905867,P3b,qwen3-8b,ai,768
D14293.docx,batch03,abstract-ART002032639,P3b,qwen3-8b,ai,636
D14294.docx,batch03,abstract-ART000904974,P3b,qwen3-8b,ai,373
D14295.docx,batch03,abstract-ART000896019,P3b,qwen3-8b,ai,479
D14296.docx,batch03,abstract-ART000863618,P3b,qwen3-8b,ai,712
D14297.docx,batch03,abstract-ART000900069,P3b,qwen3-8b,ai,415
D14298.docx,batch03,abstract-ART000876627,P3b,qwen3-8b,ai,428
D14299.docx,batch03,abstract-ART000888582,P3b,qwen3-8b,ai,407
D14300.docx,batch03,abstract-ART000884699,P3b,qwen3-8b,ai,853
D14301.docx,batch03,abstract-ART000890728,P3b,qwen3-8b,ai,336
D14302.docx,batch03,abstract-ART000863529,P3b,qwen3-8b,ai,412
D14303.docx,batch03,abstract-ART000898663,P3b,qwen3-8b,ai,786
D14304.docx,batch03,abstract-ART000871985,P3b,qwen3-8b,ai,468
D14305.docx,batch03,abstract-ART000900970,P3b,qwen3-8b,ai,832
D14306.docx,batch03,abstract-ART000858574,P3b,qwen3-8b,ai,829
D14307.docx,batch03,abstract-ART000905599,P3b,qwen3-8b,ai,391
D14308.docx,batch03,abstract-ART000861187,P3b,qwen3-8b,ai,440
D14309.docx,batch03,abstract-ART001786220,P3b,qwen3-8b,ai,724
D14310.docx,batch03,abstract-ART000863633,P3b,qwen3-8b,ai,598
D14311.docx,batch03,abstract-ART000905938,P3b,qwen3-8b,ai,436
D14312.docx,batch03,abstract-ART000851873,P3b,qwen3-8b,ai,406
D14313.docx,batch03,abstract-ART000898534,P3b,qwen3-8b,ai,519
D14314.docx,batch03,abstract-ART001863068,P3b,qwen3-8b,ai,533
D14315.docx,batch03,abstract-ART001666393,P3b,qwen3-8b,ai,665
D14316.docx,batch03,abstract-ART000884167,P3b,qwen3-8b,ai,751
D14317.docx,batch03,abstract-ART000896281,P3b,qwen3-8b,ai,462
D14318.docx,batch03,abstract-ART000875761,P3b,qwen3-8b,ai,663
D14319.docx,batch03,abstract-ART000868101,P3b,qwen3-8b,ai,894
D14320.docx,batch03,abstract-ART000903294,P3b,qwen3-8b,ai,288
D14321.docx,batch03,abstract-ART000880066,P3b,qwen3-8b,ai,353
D14322.docx,batch03,abstract-ART000900617,P3b,qwen3-8b,ai,454
D14323.docx,batch03,abstract-ART000903321,P3b,qwen3-8b,ai,391
D14324.docx,batch03,abstract-ART000899834,P3b,qwen3-8b,ai,906
D14325.docx,batch03,abstract-ART000861507,P3b,qwen3-8b,ai,444
D14326.docx,batch03,abstract-ART000903408,P3b,qwen3-8b,ai,557
D14327.docx,batch03,abstract-ART000887680,P3b,qwen3-8b,ai,411
D14328.docx,batch03,abstract-ART002542193,P3b,qwen3-8b,ai,413
D14329.docx,batch03,abstract-ART000852078,P3b,qwen3-8b,ai,274
D14330.docx,batch03,abstract-ART001763001,P3b,qwen3-8b,ai,700
D14331.docx,batch03,abstract-ART000856397,P3b,qwen3-8b,ai,514
D14332.docx,batch03,abstract-ART000882370,P3b,qwen3-8b,ai,716
D14333.docx,batch03,abstract-ART000902813,P3b,qwen3-8b,ai,378
D14334.docx,batch03,abstract-ART000858719,P3b,qwen3-8b,ai,370
D14335.docx,batch03,abstract-ART000860330,P3b,qwen3-8b,ai,312
D14336.docx,batch03,abstract-ART000889385,P3b,qwen3-8b,ai,335
D14337.docx,batch03,abstract-ART000875004,P3b,qwen3-8b,ai,558
D14338.docx,batch03,abstract-ART000860858,P3b,qwen3-8b,ai,349
D14339.docx,batch03,abstract-ART000860361,P3b,qwen3-8b,ai,464
D14340.docx,batch03,abstract-ART000861117,P3b,qwen3-8b,ai,687
D14341.docx,batch03,abstract-ART000906325,P3b,qwen3-8b,ai,435
D14342.docx,batch03,abstract-ART000904721,P3b,qwen3-8b,ai,425
D14343.docx,batch03,abstract-ART000896317,P3b,qwen3-8b,ai,331
D14344.docx,batch03,abstract-ART000884634,P3b,qwen3-8b,ai,319
D14345.docx,batch03,abstract-ART000896152,P3b,qwen3-8b,ai,450
D14346.docx,batch03,abstract-ART000874575,P3b,qwen3-8b,ai,957
D14347.docx,batch03,abstract-ART000857825,P3b,qwen3-8b,ai,541
D14348.docx,batch03,abstract-ART000889309,P3b,qwen3-8b,ai,411
D14349.docx,batch03,abstract-ART000869329,P3b,qwen3-8b,ai,328
D14350.docx,batch03,abstract-ART000875006,P3b,qwen3-8b,ai,476
D14351.docx,batch03,abstract-ART000852420,P3b,qwen3-8b,ai,949
D14352.docx,batch03,abstract-ART000852632,P3b,qwen3-8b,ai,609
D14353.docx,batch03,abstract-ART000885512,P3b,qwen3-8b,ai,504
D14354.docx,batch03,abstract-ART000900873,P3b,qwen3-8b,ai,752
D14355.docx,batch03,abstract-ART000858894,P3b,qwen3-8b,ai,588
D14356.docx,batch03,abstract-ART000894046,P3b,qwen3-8b,ai,400
D14357.docx,batch03,abstract-ART000905269,P3b,qwen3-8b,ai,426
D14358.docx,batch03,abstract-ART000852811,P3b,qwen3-8b,ai,462
D14359.docx,batch03,abstract-ART000903656,P3b,qwen3-8b,ai,415
D14360.docx,batch03,abstract-ART000900170,P3b,qwen3-8b,ai,600
D14361.docx,batch03,abstract-ART000905912,P3b,qwen3-8b,ai,436
D14362.docx,batch03,abstract-ART000906164,P3b,qwen3-8b,ai,420
D14363.docx,batch03,abstract-ART000881400,P3b,qwen3-8b,ai,530
D14364.docx,batch03,abstract-ART002226225,P3b,qwen3-8b,ai,399
D14365.docx,batch03,abstract-ART000888577,P3b,qwen3-8b,ai,724
D14366.docx,batch03,abstract-ART002080050,P3b,qwen3-8b,ai,564
D14367.docx,batch03,abstract-ART000901118,P3b,qwen3-8b,ai,559
D14368.docx,batch03,abstract-ART000893212,P3b,qwen3-8b,ai,375
D14369.docx,batch03,abstract-ART000902110,P3b,qwen3-8b,ai,439
D14370.docx,batch03,abstract-ART001753042,P3b,qwen3-8b,ai,416
D14371.docx,batch03,abstract-ART000861085,P3b,qwen3-8b,ai,423
D14372.docx,batch03,abstract-ART000880455,P3b,qwen3-8b,ai,518
D14373.docx,batch03,abstract-ART000905166,P3b,qwen3-8b,ai,440
D14374.docx,batch03,abstract-ART000906167,P3b,qwen3-8b,ai,488
D14375.docx,batch03,abstract-ART000869228,P3b,qwen3-8b,ai,752
D14376.docx,batch03,abstract-ART000895761,P3b,qwen3-8b,ai,956
D14377.docx,batch03,abstract-ART000854665,P3b,qwen3-8b,ai,447
D14378.docx,batch03,abstract-ART000890331,P3b,qwen3-8b,ai,635
D14379.docx,batch03,abstract-ART002348991,P3b,qwen3-8b,ai,846
D14380.docx,batch03,abstract-ART000895443,P3b,qwen3-8b,ai,494
D14381.docx,batch03,abstract-ART000878983,P3b,qwen3-8b,ai,578
D14382.docx,batch03,abstract-ART000888992,P3b,qwen3-8b,ai,582
D14383.docx,batch03,abstract-ART000894224,P3b,qwen3-8b,ai,529
D14384.docx,batch03,abstract-ART000902213,P3b,qwen3-8b,ai,634
D14385.docx,batch03,abstract-ART000863215,P3b,qwen3-8b,ai,471
D14386.docx,batch03,abstract-ART000896232,P3b,qwen3-8b,ai,346
D14387.docx,batch03,abstract-ART000905416,P3b,qwen3-8b,ai,270
D14388.docx,batch03,abstract-ART002541363,P3b,qwen3-8b,ai,545
D14389.docx,batch03,abstract-ART000880713,P3b,qwen3-8b,ai,1021
D14390.docx,batch03,abstract-ART000883494,P3b,qwen3-8b,ai,439
D14391.docx,batch03,abstract-ART000889094,P3b,qwen3-8b,ai,448
D14392.docx,batch03,abstract-ART000888536,P3b,qwen3-8b,ai,878
D14393.docx,batch03,abstract-ART000894056,P3b,qwen3-8b,ai,370
D14394.docx,batch03,abstract-ART000893294,P3b,qwen3-8b,ai,903
D14395.docx,batch03,abstract-ART000902843,P3b,qwen3-8b,ai,429
D14396.docx,batch03,abstract-ART000871419,P3b,qwen3-8b,ai,526
D14397.docx,batch03,abstract-ART000900852,P3b,qwen3-8b,ai,337
D14398.docx,batch03,abstract-ART000903223,P3b,qwen3-8b,ai,435
D14399.docx,batch03,abstract-ART002050411,P3b,qwen3-8b,ai,821
D14400.docx,batch03,abstract-ART002093435,P3b,qwen3-8b,ai,806
D14401.docx,batch03,abstract-ART001584897,P3b,qwen3-8b,ai,962
D14402.docx,batch03,abstract-ART000858944,P3b,qwen3-8b,ai,419
D14403.docx,batch03,abstract-ART000871711,P3b,qwen3-8b,ai,570
D14404.docx,batch03,abstract-ART000895469,P3b,qwen3-8b,ai,657
D14405.docx,batch03,abstract-ART000870370,P3b,qwen3-8b,ai,905
D14406.docx,batch03,abstract-ART000906431,P3b,qwen3-8b,ai,375
D14407.docx,batch03,abstract-ART000874614,P3b,qwen3-8b,ai,599
D14408.docx,batch03,abstract-ART000852256,P3b,qwen3-8b,ai,473
D14409.docx,batch03,abstract-ART000895623,P3b,qwen3-8b,ai,458
D14410.docx,batch03,abstract-ART000862083,P3b,qwen3-8b,ai,371
D14411.docx,batch03,abstract-ART000879704,P3b,qwen3-8b,ai,578
D14412.docx,batch03,abstract-ART000858394,P3b,qwen3-8b,ai,736
D14413.docx,batch03,abstract-ART000903039,P3b,qwen3-8b,ai,345
D14414.docx,batch03,abstract-ART000904698,P3b,qwen3-8b,ai,781
D14415.docx,batch03,abstract-ART000872346,P3b,qwen3-8b,ai,362
D14416.docx,batch03,abstract-ART001585889,P3b,qwen3-8b,ai,669
D14417.docx,batch03,abstract-ART000870023,P3b,qwen3-8b,ai,400
D14418.docx,batch03,abstract-ART000893187,P3b,qwen3-8b,ai,495
D14419.docx,batch03,abstract-ART002551560,P3b,qwen3-8b,ai,646
D14420.docx,batch03,abstract-ART000896380,P3b,qwen3-8b,ai,339
D14421.docx,batch03,abstract-ART000905862,P3b,qwen3-8b,ai,837
D14422.docx,batch03,abstract-ART000888515,P3b,qwen3-8b,ai,368
D14423.docx,batch03,abstract-ART000883487,P3b,qwen3-8b,ai,503
D14424.docx,batch03,abstract-ART000868192,P3b,qwen3-8b,ai,653
D14425.docx,batch03,abstract-ART000898451,P3b,qwen3-8b,ai,610
D14426.docx,batch03,abstract-ART000895304,P3b,qwen3-8b,ai,516
D14427.docx,batch03,abstract-ART002439336,P3b,qwen3-8b,ai,548
D14428.docx,batch03,abstract-ART000898123,P3b,qwen3-8b,ai,804
D14429.docx,batch03,abstract-ART000877082,P3b,qwen3-8b,ai,531
D14430.docx,batch03,abstract-ART000860334,P3b,qwen3-8b,ai,517
D14431.docx,batch03,abstract-ART000880474,P3b,qwen3-8b,ai,349
D14432.docx,batch03,abstract-ART000879965,P3b,qwen3-8b,ai,351
D14433.docx,batch03,abstract-ART000873421,P3b,qwen3-8b,ai,1033
D14434.docx,batch03,abstract-ART000888297,P3b,qwen3-8b,ai,351
D14435.docx,batch03,abstract-ART000854363,P3b,qwen3-8b,ai,339
D14436.docx,batch03,abstract-ART000899890,P3b,qwen3-8b,ai,465
D14437.docx,batch03,abstract-ART000904865,P3b,qwen3-8b,ai,381
D14438.docx,batch03,abstract-ART000876887,P3b,qwen3-8b,ai,707
D14439.docx,batch03,abstract-ART000852639,P3b,qwen3-8b,ai,795
D14440.docx,batch03,abstract-ART000902727,P3b,qwen3-8b,ai,525
D14441.docx,batch03,abstract-ART000858262,P3b,qwen3-8b,ai,694
D14442.docx,batch03,abstract-ART000900330,P3b,qwen3-8b,ai,456
D14443.docx,batch03,abstract-ART000885406,P3b,qwen3-8b,ai,366
D14444.docx,batch03,abstract-ART000858414,P3b,qwen3-8b,ai,383
D14445.docx,batch03,abstract-ART000897552,P3b,qwen3-8b,ai,622
D14446.docx,batch03,abstract-ART000865279,P3b,qwen3-8b,ai,641
D14447.docx,batch03,abstract-ART000857317,P3b,qwen3-8b,ai,544
D14448.docx,batch03,abstract-ART000878875,P3b,qwen3-8b,ai,720
D14449.docx,batch03,abstract-ART002336427,P3b,qwen3-8b,ai,527
D14450.docx,batch03,abstract-ART000901401,P3b,qwen3-8b,ai,810
D14451.docx,batch03,abstract-ART000884051,P3b,qwen3-8b,ai,980
D14452.docx,batch03,abstract-ART000861912,P3b,qwen3-8b,ai,511
D14453.docx,batch03,abstract-ART000895517,P3b,qwen3-8b,ai,525
D14454.docx,batch03,abstract-ART000902098,P3b,qwen3-8b,ai,645
D14455.docx,batch03,abstract-ART000902258,P3b,qwen3-8b,ai,508
D14456.docx,batch03,abstract-ART000906505,P3b,qwen3-8b,ai,507
D14457.docx,batch03,abstract-ART000880800,P3b,qwen3-8b,ai,313
D14458.docx,batch03,abstract-ART002254789,P3b,qwen3-8b,ai,436
D14459.docx,batch03,abstract-ART000876894,P3b,qwen3-8b,ai,545
D14460.docx,batch03,abstract-ART000902036,P3b,qwen3-8b,ai,775
D14461.docx,batch03,abstract-ART000863647,P3b,qwen3-8b,ai,431
D14462.docx,batch03,abstract-ART001532661,P3b,qwen3-8b,ai,628
D14463.docx,batch03,abstract-ART000900755,P3b,qwen3-8b,ai,532
D14464.docx,batch03,abstract-ART000864515,P3b,qwen3-8b,ai,900
D14465.docx,batch03,abstract-ART000868053,P3b,qwen3-8b,ai,616
D14466.docx,batch03,abstract-ART000866953,P3b,qwen3-8b,ai,437
D14467.docx,batch03,abstract-ART000877330,P3b,qwen3-8b,ai,479
D14468.docx,batch03,abstract-ART001890474,P3b,qwen3-8b,ai,531
D14469.docx,batch03,abstract-ART000888871,P3b,qwen3-8b,ai,823
D14470.docx,batch03,abstract-ART000905266,P3b,qwen3-8b,ai,314
D14471.docx,batch03,abstract-ART000888989,P3b,qwen3-8b,ai,357
D14472.docx,batch03,abstract-ART000852918,P3b,qwen3-8b,ai,919
D14473.docx,batch03,abstract-ART000901200,P3b,qwen3-8b,ai,329
D14474.docx,batch03,abstract-ART000888567,P3b,qwen3-8b,ai,505
D14475.docx,batch03,abstract-ART000905245,P3b,qwen3-8b,ai,584
D14476.docx,batch03,abstract-ART000901254,P3b,qwen3-8b,ai,788
D14477.docx,batch03,abstract-ART000889388,P3b,qwen3-8b,ai,642
D14478.docx,batch03,abstract-ART000876979,P3b,qwen3-8b,ai,1021
D14479.docx,batch03,abstract-ART000889457,P3b,qwen3-8b,ai,652
D14480.docx,batch03,abstract-ART000881310,P3b,qwen3-8b,ai,639
D14481.docx,batch03,abstract-ART000876911,P3b,qwen3-8b,ai,485
D14482.docx,batch03,abstract-ART000853633,P3b,qwen3-8b,ai,510
D14483.docx,batch03,abstract-ART000903272,P3b,qwen3-8b,ai,477
D14484.docx,batch03,abstract-ART000897657,P3b,qwen3-8b,ai,675
D14485.docx,batch03,abstract-ART000891559,P3b,qwen3-8b,ai,941
D14486.docx,batch03,abstract-ART002137057,P3b,qwen3-8b,ai,614
D14487.docx,batch03,abstract-ART000875748,P3b,qwen3-8b,ai,472
D14488.docx,batch03,abstract-ART000905246,P3b,qwen3-8b,ai,715
D14489.docx,batch03,abstract-ART001734632,P3b,qwen3-8b,ai,577
D14490.docx,batch03,abstract-ART000867520,P3b,qwen3-8b,ai,565
D14491.docx,batch03,abstract-ART000870053,P3b,qwen3-8b,ai,556
D14492.docx,batch03,abstract-ART000864656,P3b,qwen3-8b,ai,295
D14493.docx,batch03,abstract-ART000867646,P3b,qwen3-8b,ai,570
D14494.docx,batch03,abstract-ART000895630,P3b,qwen3-8b,ai,921
D14495.docx,batch03,abstract-ART000895836,P3b,qwen3-8b,ai,614
D14496.docx,batch03,abstract-ART000852503,P3b,qwen3-8b,ai,974
D14497.docx,batch03,abstract-ART000866942,P3b,qwen3-8b,ai,333
D14498.docx,batch03,abstract-ART000881230,P3b,qwen3-8b,ai,582
D14499.docx,batch03,abstract-ART001744344,P3b,qwen3-8b,ai,495
D14500.docx,batch03,abstract-ART000856190,P3b,qwen3-8b,ai,320
D14501.docx,batch03,abstract-ART000905941,P3b,qwen3-8b,ai,340
D14502.docx,batch03,abstract-ART000862289,P3b,qwen3-8b,ai,523
D14503.docx,batch03,abstract-ART000904425,P3b,qwen3-8b,ai,357
D14504.docx,batch03,abstract-ART000889548,P3b,qwen3-8b,ai,662
D14505.docx,batch03,abstract-ART000866906,P3b,qwen3-8b,ai,460
D14506.docx,batch03,abstract-ART000877103,P3b,qwen3-8b,ai,632
D14507.docx,batch03,abstract-ART000851566,P3b,qwen3-8b,ai,1076
D14508.docx,batch03,abstract-ART000852546,P3b,qwen3-8b,ai,463
D14509.docx,batch03,abstract-ART002377989,P3b,qwen3-8b,ai,473
D14510.docx,batch03,abstract-ART000855393,P3b,qwen3-8b,ai,460
D14511.docx,batch03,abstract-ART001310640,P3b,qwen3-8b,ai,617
D14512.docx,batch03,abstract-ART000869424,P3b,qwen3-8b,ai,352
D14513.docx,batch03,abstract-ART000896796,P3b,qwen3-8b,ai,713
D14514.docx,batch03,abstract-ART000874611,P3b,qwen3-8b,ai,440
D14515.docx,batch03,abstract-ART001707583,P3b,qwen3-8b,ai,887
D14516.docx,batch03,abstract-ART000881325,P3b,qwen3-8b,ai,932
D14517.docx,batch03,abstract-ART000889178,P3b,qwen3-8b,ai,406
D14518.docx,batch03,abstract-ART000902991,P3b,qwen3-8b,ai,531
D14519.docx,batch03,abstract-ART000865073,P3b,qwen3-8b,ai,650
D14520.docx,batch03,abstract-ART000852330,P3b,qwen3-8b,ai,425
D14521.docx,batch03,abstract-ART000892545,P3b,qwen3-8b,ai,471
D14522.docx,batch03,abstract-ART000901319,P3b,qwen3-8b,ai,931
D14523.docx,batch03,abstract-ART000905343,P3b,qwen3-8b,ai,423
D14524.docx,batch03,abstract-ART000879006,P3b,qwen3-8b,ai,304
D14525.docx,batch03,abstract-ART000900605,P3b,qwen3-8b,ai,367
D14526.docx,batch03,abstract-ART000889549,P3b,qwen3-8b,ai,462
D14527.docx,batch03,abstract-ART000869533,P3b,qwen3-8b,ai,402
D14528.docx,batch03,abstract-ART000884703,P3b,qwen3-8b,ai,817
D14529.docx,batch03,abstract-ART000852640,P3b,qwen3-8b,ai,584
D14530.docx,batch03,abstract-ART000898145,P3b,qwen3-8b,ai,981
D14531.docx,batch03,abstract-ART002495666,P3b,qwen3-8b,ai,525
D14532.docx,batch03,abstract-ART000881768,P3b,qwen3-8b,ai,462
D14533.docx,batch03,abstract-ART000854372,P3b,qwen3-8b,ai,569
D14534.docx,batch03,abstract-ART000902361,P3b,qwen3-8b,ai,552
D14535.docx,batch03,abstract-ART002050424,P3b,qwen3-8b,ai,482
D14536.docx,batch03,abstract-ART000861762,P3b,qwen3-8b,ai,611
D14537.docx,batch03,abstract-ART000905577,P3b,qwen3-8b,ai,423
D14538.docx,batch03,abstract-ART000892827,P3b,qwen3-8b,ai,387
D14539.docx,batch03,abstract-ART000892116,P3b,qwen3-8b,ai,469
D14540.docx,batch03,abstract-ART000871092,P3b,qwen3-8b,ai,1059
D14541.docx,batch03,abstract-ART000859444,P3b,qwen3-8b,ai,576
D14542.docx,batch03,abstract-ART000873501,P3b,qwen3-8b,ai,689
D14543.docx,batch03,abstract-ART000860453,P3b,qwen3-8b,ai,445
D14544.docx,batch03,abstract-ART002226314,P3b,qwen3-8b,ai,617
D14545.docx,batch03,abstract-ART000852067,P3b,qwen3-8b,ai,361
D14546.docx,batch03,abstract-ART000852080,P3b,qwen3-8b,ai,593
D14547.docx,batch03,abstract-ART001917110,P3b,qwen3-8b,ai,451
D14548.docx,batch03,abstract-ART000904885,P3b,qwen3-8b,ai,382
D14549.docx,batch03,abstract-ART000888117,P3b,qwen3-8b,ai,630
D14550.docx,batch03,abstract-ART001279062,P3b,qwen3-8b,ai,592
D14551.docx,batch03,abstract-ART000861220,P3b,qwen3-8b,ai,1087
D14552.docx,batch03,abstract-ART000864205,P3b,qwen3-8b,ai,865
D14553.docx,batch03,abstract-ART000900429,P3b,qwen3-8b,ai,461
D14554.docx,batch03,abstract-ART000873017,P3b,qwen3-8b,ai,377
D14555.docx,batch03,abstract-ART000852535,P3b,qwen3-8b,ai,467
D14556.docx,batch03,abstract-ART000860445,P3b,qwen3-8b,ai,699
D14557.docx,batch03,abstract-ART000863557,P3b,qwen3-8b,ai,433
D14558.docx,batch03,abstract-ART000862001,P3b,qwen3-8b,ai,337
D14559.docx,batch03,abstract-ART000892974,P3b,qwen3-8b,ai,685
D14560.docx,batch03,abstract-ART000869409,P3b,qwen3-8b,ai,1029
D14561.docx,batch03,abstract-ART000861123,P3b,qwen3-8b,ai,745
D14562.docx,batch03,abstract-ART001903725,P3b,qwen3-8b,ai,747
D14563.docx,batch03,abstract-ART000901648,P3b,qwen3-8b,ai,399
D14564.docx,batch03,abstract-ART000861090,P3b,qwen3-8b,ai,551
D14565.docx,batch03,abstract-ART000901519,P3b,qwen3-8b,ai,381
D14566.docx,batch03,abstract-ART000903483,P3b,qwen3-8b,ai,388
D14567.docx,batch03,abstract-ART000877334,P3b,qwen3-8b,ai,395
D14568.docx,batch03,abstract-ART000858258,P3b,qwen3-8b,ai,992
D14569.docx,batch03,abstract-ART000894645,P3b,qwen3-8b,ai,741
D14570.docx,batch03,abstract-ART000908152,P3b,qwen3-8b,ai,1138
D14571.docx,batch03,abstract-ART000905775,P3b,qwen3-8b,ai,393
D14572.docx,batch03,abstract-ART000863540,P3b,qwen3-8b,ai,545
D14573.docx,batch03,abstract-ART000900747,P3b,qwen3-8b,ai,338
D14574.docx,batch03,abstract-ART000874697,P3b,qwen3-8b,ai,662
D14575.docx,batch03,abstract-ART000903302,P3b,qwen3-8b,ai,415
D14576.docx,batch03,abstract-ART000879001,P3b,qwen3-8b,ai,667
D14577.docx,batch03,abstract-ART001655376,P3b,qwen3-8b,ai,855
D14578.docx,batch03,abstract-ART000889308,P3b,qwen3-8b,ai,671
D14579.docx,batch03,abstract-ART000903213,P3b,qwen3-8b,ai,596
D14580.docx,batch03,abstract-ART000852797,P3b,qwen3-8b,ai,501
D14581.docx,batch03,abstract-ART000905684,P3b,qwen3-8b,ai,559
D14582.docx,batch03,abstract-ART000895571,P3b,qwen3-8b,ai,428
D14583.docx,batch03,abstract-ART000889433,P3b,qwen3-8b,ai,980
D14584.docx,batch03,abstract-ART000867178,P3b,qwen3-8b,ai,354
D14585.docx,batch03,abstract-ART000852425,P3b,qwen3-8b,ai,415
D14586.docx,batch03,abstract-ART000899284,P3b,qwen3-8b,ai,462
D14587.docx,batch03,abstract-ART000895404,P3b,qwen3-8b,ai,500
D14588.docx,batch03,abstract-ART000879171,P3b,qwen3-8b,ai,426
D14589.docx,batch03,abstract-ART000892392,P3b,qwen3-8b,ai,626
D14590.docx,batch03,abstract-ART000885503,P3b,qwen3-8b,ai,671
D14591.docx,batch03,abstract-ART000873864,P3b,qwen3-8b,ai,617
D14592.docx,batch03,abstract-ART000867288,P3b,qwen3-8b,ai,395
D14593.docx,batch03,abstract-ART000880300,P3b,qwen3-8b,ai,519
D14594.docx,batch03,abstract-ART000850965,P3b,qwen3-8b,ai,472
D14595.docx,batch03,abstract-ART000861128,P3b,qwen3-8b,ai,468
D14596.docx,batch03,abstract-ART000869333,P3b,qwen3-8b,ai,345
D14597.docx,batch03,abstract-ART000872865,P3b,qwen3-8b,ai,748
D14598.docx,batch03,abstract-ART000900176,P3b,qwen3-8b,ai,790
D14599.docx,batch03,abstract-ART000857855,P3b,qwen3-8b,ai,565
D14600.docx,batch03,abstract-ART000905484,P3b,qwen3-8b,ai,405
D14601.docx,batch03,abstract-ART000900180,P3b,qwen3-8b,ai,884
D14602.docx,batch03,abstract-ART000853298,P3b,qwen3-8b,ai,427
D14603.docx,batch03,abstract-ART000892093,P3b,qwen3-8b,ai,978
D14604.docx,batch03,abstract-ART000856073,P3b,qwen3-8b,ai,819
D14605.docx,batch03,abstract-ART001503282,P3b,qwen3-8b,ai,687
D14606.docx,batch03,abstract-ART000869616,P3b,qwen3-8b,ai,366
D14607.docx,batch03,abstract-ART000862371,P3b,qwen3-8b,ai,850
D14608.docx,batch03,abstract-ART000903495,P3b,qwen3-8b,ai,400
D14609.docx,batch03,abstract-ART000873481,P3b,qwen3-8b,ai,614
D14610.docx,batch03,abstract-ART000903355,P3b,qwen3-8b,ai,808
D14611.docx,batch03,abstract-ART000879681,P3b,qwen3-8b,ai,471
D14612.docx,batch03,abstract-ART000901323,P3b,qwen3-8b,ai,495
D14613.docx,batch03,abstract-ART000883947,P3b,qwen3-8b,ai,310
D14614.docx,batch03,abstract-ART000906239,P3b,qwen3-8b,ai,333
D14615.docx,batch03,abstract-ART001963610,P3b,qwen3-8b,ai,379
D14616.docx,batch03,abstract-ART000867544,P3b,qwen3-8b,ai,437
D14617.docx,batch03,abstract-ART000871754,P3b,qwen3-8b,ai,527
D14618.docx,batch03,abstract-ART000892735,P3b,qwen3-8b,ai,309
D14619.docx,batch03,abstract-ART000880052,P3b,qwen3-8b,ai,402
D14620.docx,batch03,abstract-ART000876825,P3b,qwen3-8b,ai,576
D14621.docx,batch03,abstract-ART000881810,P3b,qwen3-8b,ai,469
D14622.docx,batch03,abstract-ART000853022,P3b,qwen3-8b,ai,512
D14623.docx,batch03,abstract-ART000852272,P3b,qwen3-8b,ai,477
D14624.docx,batch03,abstract-ART000889019,P3b,qwen3-8b,ai,403
D14625.docx,batch03,abstract-ART000873861,P3b,qwen3-8b,ai,535
D14626.docx,batch03,abstract-ART001866233,P3b,qwen3-8b,ai,701
D14627.docx,batch03,abstract-ART000889857,P3b,qwen3-8b,ai,660
D14628.docx,batch03,abstract-ART000868509,P3b,qwen3-8b,ai,896
D14629.docx,batch03,abstract-ART000901572,P3b,qwen3-8b,ai,332
D14630.docx,batch03,abstract-ART000905247,P3b,qwen3-8b,ai,509
D14631.docx,batch03,abstract-ART000905238,P3b,qwen3-8b,ai,439
D14632.docx,batch03,abstract-ART000903086,P3b,qwen3-8b,ai,778
D14633.docx,batch03,abstract-ART000875323,P3b,qwen3-8b,ai,358
D14634.docx,batch03,abstract-ART000870829,P3b,qwen3-8b,ai,326
D14635.docx,batch03,abstract-ART000896014,P3b,qwen3-8b,ai,473
D14636.docx,batch03,abstract-ART000900759,P3b,qwen3-8b,ai,365
D14637.docx,batch03,abstract-ART001445714,P3b,qwen3-8b,ai,613
D14638.docx,batch03,abstract-ART000905881,P3b,qwen3-8b,ai,421
D14639.docx,batch03,abstract-ART000897945,P3b,qwen3-8b,ai,531
D14640.docx,batch03,abstract-ART000863712,P3b,qwen3-8b,ai,408
D14641.docx,batch03,abstract-ART000877402,P3b,qwen3-8b,ai,794
D14642.docx,batch03,abstract-ART000861267,P3b,qwen3-8b,ai,413
D14643.docx,batch03,abstract-ART000888414,P3b,qwen3-8b,ai,484
D14644.docx,batch03,abstract-ART000885219,P3b,qwen3-8b,ai,569
D14645.docx,batch03,abstract-ART000896378,P3b,qwen3-8b,ai,444
D14646.docx,batch03,abstract-ART000868087,P3b,qwen3-8b,ai,555
D14647.docx,batch03,abstract-ART000884261,P3b,qwen3-8b,ai,519
D14648.docx,batch03,abstract-ART000868269,P3b,qwen3-8b,ai,659
D14649.docx,batch03,abstract-ART000877429,P3b,qwen3-8b,ai,333
D14650.docx,batch03,abstract-ART000879015,P3b,qwen3-8b,ai,309
D14651.docx,batch03,abstract-ART002224791,P3b,qwen3-8b,ai,570
D14652.docx,batch03,abstract-ART000857667,P3b,qwen3-8b,ai,636
D14653.docx,batch03,abstract-ART000887703,P3b,qwen3-8b,ai,553
D14654.docx,batch03,abstract-ART002480663,P3b,qwen3-8b,ai,611
D14655.docx,batch03,abstract-ART000873548,P3b,qwen3-8b,ai,416
D14656.docx,batch03,abstract-ART000864660,P3b,qwen3-8b,ai,392
D14657.docx,batch03,abstract-ART000853383,P3b,qwen3-8b,ai,415
D14658.docx,batch03,abstract-ART000898139,P3b,qwen3-8b,ai,546
D14659.docx,batch03,abstract-ART000852065,P3b,qwen3-8b,ai,457
D14660.docx,batch03,abstract-ART000903498,P3b,qwen3-8b,ai,462
D14661.docx,batch03,abstract-ART001553576,P3b,qwen3-8b,ai,438
D14662.docx,batch03,abstract-ART000861353,P3b,qwen3-8b,ai,377
D14663.docx,batch03,abstract-ART000896517,P3b,qwen3-8b,ai,674
D14664.docx,batch03,abstract-ART000903585,P3b,qwen3-8b,ai,362
D14665.docx,batch03,abstract-ART000876967,P3b,qwen3-8b,ai,548
D14666.docx,batch03,abstract-ART000858005,P3b,qwen3-8b,ai,261
D14667.docx,batch03,abstract-ART000857395,P3b,qwen3-8b,ai,806
D14668.docx,batch03,abstract-ART000885499,P3b,qwen3-8b,ai,724
D14669.docx,batch03,abstract-ART000905271,P3b,qwen3-8b,ai,474
D14670.docx,batch03,abstract-ART002000990,P3b,qwen3-8b,ai,358
D14671.docx,batch03,abstract-ART000869817,P3b,qwen3-8b,ai,783
D14672.docx,batch03,abstract-ART000885403,P3b,qwen3-8b,ai,474
D14673.docx,batch03,abstract-ART000900014,P3b,qwen3-8b,ai,683
D14674.docx,batch03,abstract-ART000879169,P3b,qwen3-8b,ai,609
D14675.docx,batch03,abstract-ART000894836,P3b,qwen3-8b,ai,348
D14676.docx,batch03,abstract-ART000874564,P3b,qwen3-8b,ai,952
D14677.docx,batch03,abstract-ART000871256,P3b,qwen3-8b,ai,587
D14678.docx,batch03,abstract-ART000852537,P3b,qwen3-8b,ai,553
D14679.docx,batch03,abstract-ART000863192,P3b,qwen3-8b,ai,318
D14680.docx,batch03,abstract-ART000856085,P3b,qwen3-8b,ai,327
D14681.docx,batch03,abstract-ART000893958,P3b,qwen3-8b,ai,369
D14682.docx,batch03,abstract-ART000874687,P3b,qwen3-8b,ai,544
D14683.docx,batch03,abstract-ART000888479,P3b,qwen3-8b,ai,591
D14684.docx,batch03,abstract-ART000861417,P3b,qwen3-8b,ai,1147
D14685.docx,batch03,abstract-ART000900361,P3b,qwen3-8b,ai,508
D14686.docx,batch03,abstract-ART000902842,P3b,qwen3-8b,ai,616
D14687.docx,batch03,abstract-ART000906310,P3b,qwen3-8b,ai,913
D14688.docx,batch03,abstract-ART000852736,P3b,qwen3-8b,ai,623
D14689.docx,batch03,abstract-ART000881698,P3b,qwen3-8b,ai,501
D14690.docx,batch03,abstract-ART000906087,P3b,qwen3-8b,ai,860
D14691.docx,batch03,abstract-ART000867294,P3b,qwen3-8b,ai,399
D14692.docx,batch03,abstract-ART000852894,P3b,qwen3-8b,ai,582
D14693.docx,batch03,abstract-ART000900907,P3b,qwen3-8b,ai,467
D14694.docx,batch03,abstract-ART000852318,P3b,qwen3-8b,ai,804
D14695.docx,batch03,abstract-ART000906538,P3b,qwen3-8b,ai,437
D14696.docx,batch03,abstract-ART000896327,P3b,qwen3-8b,ai,317
D14697.docx,batch03,abstract-ART000854656,P3b,qwen3-8b,ai,492
D14698.docx,batch03,abstract-ART000901327,P3b,qwen3-8b,ai,581
D14699.docx,batch03,abstract-ART000884624,P3b,qwen3-8b,ai,438
D14700.docx,batch03,abstract-ART000900905,P3b,qwen3-8b,ai,368
D14701.docx,batch03,abstract-ART000871094,P3b,qwen3-8b,ai,716
D14702.docx,batch03,abstract-ART000858812,P3b,qwen3-8b,ai,769
D14703.docx,batch03,abstract-ART000884131,P3b,qwen3-8b,ai,364
D14704.docx,batch03,abstract-ART000903089,P3b,qwen3-8b,ai,308
D14705.docx,batch03,abstract-ART001862685,P3b,qwen3-8b,ai,736
D14706.docx,batch03,abstract-ART000887029,P3b,qwen3-8b,ai,829
D14707.docx,batch03,abstract-ART000869724,P3b,qwen3-8b,ai,733
D14708.docx,batch03,abstract-ART000895622,P3b,qwen3-8b,ai,368
D14709.docx,batch03,abstract-ART000886185,P3b,qwen3-8b,ai,420
D14710.docx,batch03,abstract-ART000895566,P3b,qwen3-8b,ai,421
D14711.docx,batch03,abstract-ART000901403,P3b,qwen3-8b,ai,667
D14712.docx,batch03,abstract-ART000864807,P3b,qwen3-8b,ai,988
D14713.docx,batch03,abstract-ART000870097,P3b,qwen3-8b,ai,275
D14714.docx,batch03,abstract-ART001270771,P3b,qwen3-8b,ai,632
D14715.docx,batch03,abstract-ART000899267,P3b,qwen3-8b,ai,439
D14716.docx,batch03,abstract-ART000884067,P3b,qwen3-8b,ai,493
D14717.docx,batch03,abstract-ART001862687,P3b,qwen3-8b,ai,706
D14718.docx,batch03,abstract-ART000864548,P3b,qwen3-8b,ai,328
D14719.docx,batch03,abstract-ART000896209,P3b,qwen3-8b,ai,325
D14720.docx,batch03,abstract-ART000902583,P3b,qwen3-8b,ai,409
D14721.docx,batch03,abstract-ART000903140,P3b,qwen3-8b,ai,285
D14722.docx,batch03,abstract-ART000862577,P3b,qwen3-8b,ai,465
D14723.docx,batch03,abstract-ART000877085,P3b,qwen3-8b,ai,353
D14724.docx,batch03,abstract-ART000890091,P3b,qwen3-8b,ai,350
D14725.docx,batch03,abstract-ART000903053,P3b,qwen3-8b,ai,316
D14726.docx,batch03,abstract-ART000896229,P3b,qwen3-8b,ai,439
D14727.docx,batch03,abstract-ART000863625,P3b,qwen3-8b,ai,380
D14728.docx,batch03,abstract-ART001563808,P3b,qwen3-8b,ai,935
D14729.docx,batch03,abstract-ART000863081,P3b,qwen3-8b,ai,579
D14730.docx,batch03,abstract-ART000875851,P3b,qwen3-8b,ai,394
D14731.docx,batch03,abstract-ART000894734,P3b,qwen3-8b,ai,414
D14732.docx,batch03,abstract-ART000895656,P3b,qwen3-8b,ai,398
D14733.docx,batch03,abstract-ART000902263,P3b,qwen3-8b,ai,504
D14734.docx,batch03,abstract-ART000895598,P3b,qwen3-8b,ai,478
D14735.docx,batch03,abstract-ART002541332,P3b,qwen3-8b,ai,458
D14736.docx,batch03,abstract-ART002446573,P3b,qwen3-8b,ai,633
D14737.docx,batch03,abstract-ART000869716,P3b,qwen3-8b,ai,422
D14738.docx,batch03,abstract-ART000892548,P3b,qwen3-8b,ai,343
D14739.docx,batch03,abstract-ART000875786,P3b,qwen3-8b,ai,368
D14740.docx,batch03,abstract-ART000893326,P3b,qwen3-8b,ai,721
D14741.docx,batch03,abstract-ART000873856,P3b,qwen3-8b,ai,457
D14742.docx,batch03,abstract-ART000900607,P3b,qwen3-8b,ai,455
D14743.docx,batch03,abstract-ART000903020,P3b,qwen3-8b,ai,301
D14744.docx,batch03,abstract-ART000892615,P3b,qwen3-8b,ai,353
D14745.docx,batch03,abstract-ART000893184,P3b,qwen3-8b,ai,557
D14746.docx,batch03,abstract-ART000856299,P3b,qwen3-8b,ai,336
D14747.docx,batch03,abstract-ART000872345,P3b,qwen3-8b,ai,673
D14748.docx,batch03,abstract-ART000906260,P3b,qwen3-8b,ai,923
D14749.docx,batch03,abstract-ART000873159,P3b,qwen3-8b,ai,353
D14750.docx,batch03,abstract-ART000875656,P3b,qwen3-8b,ai,781
D14751.docx,batch03,abstract-ART000899778,P3b,qwen3-8b,ai,760
D14752.docx,batch03,abstract-ART000906052,P3b,qwen3-8b,ai,700
D14753.docx,batch03,abstract-ART000881755,P3b,qwen3-8b,ai,685
D14754.docx,batch03,abstract-ART001917106,P3b,qwen3-8b,ai,431
D14755.docx,batch03,abstract-ART000869397,P3b,qwen3-8b,ai,881
D14756.docx,batch03,abstract-ART000877891,P3b,qwen3-8b,ai,375
D14757.docx,batch03,abstract-ART000858496,P3b,qwen3-8b,ai,762
D14758.docx,batch03,abstract-ART000864440,P3b,qwen3-8b,ai,545
D14759.docx,batch03,abstract-ART000879582,P3b,qwen3-8b,ai,377
D14760.docx,batch03,abstract-ART000895374,P3b,qwen3-8b,ai,549
D14761.docx,batch03,abstract-ART000863631,P3b,qwen3-8b,ai,537
D14762.docx,batch03,abstract-ART000852082,P3b,qwen3-8b,ai,365
D14763.docx,batch03,abstract-ART000874683,P3b,qwen3-8b,ai,808
D14764.docx,batch03,abstract-ART000905244,P3b,qwen3-8b,ai,573
D14765.docx,batch03,abstract-ART000881947,P3b,qwen3-8b,ai,588
D14766.docx,batch03,abstract-ART000864964,P3b,qwen3-8b,ai,732
D14767.docx,batch03,abstract-ART000862361,P3b,qwen3-8b,ai,784
D14768.docx,batch03,abstract-ART000899718,P3b,qwen3-8b,ai,610
D14769.docx,batch03,abstract-ART002487269,P3b,qwen3-8b,ai,663
D14770.docx,batch03,abstract-ART000901791,P3b,qwen3-8b,ai,466
D14771.docx,batch03,abstract-ART000899894,P3b,qwen3-8b,ai,468
D14772.docx,batch03,abstract-ART000870026,P3b,qwen3-8b,ai,372
D14773.docx,batch03,abstract-ART000869423,P3b,qwen3-8b,ai,736
D14774.docx,batch03,abstract-ART000897392,P3b,qwen3-8b,ai,801
D14775.docx,batch03,abstract-ART000881954,P3b,qwen3-8b,ai,442
D14776.docx,batch03,abstract-ART000863052,P3b,qwen3-8b,ai,1118
D14777.docx,batch03,abstract-ART000885752,P3b,qwen3-8b,ai,689
D14778.docx,batch03,abstract-ART001955652,P3b,qwen3-8b,ai,586
D14779.docx,batch03,abstract-ART000902058,P3b,qwen3-8b,ai,756
D14780.docx,batch03,abstract-ART000886968,P3b,qwen3-8b,ai,466
D14781.docx,batch03,abstract-ART000903094,P3b,qwen3-8b,ai,344
D14782.docx,batch03,abstract-ART002073446,P3b,qwen3-8b,ai,683
D14783.docx,batch03,abstract-ART000902373,P3b,qwen3-8b,ai,596
D14784.docx,batch03,abstract-ART000894826,P3b,qwen3-8b,ai,404
D14785.docx,batch03,abstract-ART002110516,P3b,qwen3-8b,ai,981
D14786.docx,batch03,abstract-ART000902802,P3b,qwen3-8b,ai,550
D14787.docx,batch03,abstract-ART000869394,P3b,qwen3-8b,ai,912
D14788.docx,batch03,abstract-ART000863088,P3b,qwen3-8b,ai,618
D14789.docx,batch03,abstract-ART000873609,P3b,qwen3-8b,ai,375
D14790.docx,batch03,abstract-ART000868143,P3b,qwen3-8b,ai,440
D14791.docx,batch03,abstract-ART000901787,P3b,qwen3-8b,ai,603
D14792.docx,batch03,abstract-ART000903224,P3b,qwen3-8b,ai,462
D14793.docx,batch03,abstract-ART000850845,P3b,qwen3-8b,ai,701
D14794.docx,batch03,abstract-ART000856298,P3b,qwen3-8b,ai,751
D14795.docx,batch03,abstract-ART002482792,P3b,qwen3-8b,ai,756
D14796.docx,batch03,abstract-ART000863651,P3b,qwen3-8b,ai,416
D14797.docx,batch03,abstract-ART000892676,P3b,qwen3-8b,ai,836
D14798.docx,batch03,abstract-ART000879675,P3b,qwen3-8b,ai,487
D14799.docx,batch03,abstract-ART000885866,P3b,qwen3-8b,ai,650
D14800.docx,batch03,abstract-ART000901012,P3b,qwen3-8b,ai,363
D14801.docx,batch03,abstract-ART000893191,P3b,qwen3-8b,ai,605
D14802.docx,batch03,abstract-ART000904409,P3b,qwen3-8b,ai,314
D14803.docx,batch03,abstract-ART000903786,P3b,qwen3-8b,ai,355
D14804.docx,batch03,abstract-ART000875882,P3b,qwen3-8b,ai,508
D14805.docx,batch03,abstract-ART000893674,P3b,qwen3-8b,ai,444
D14806.docx,batch03,abstract-ART000904702,P3b,qwen3-8b,ai,808
D14807.docx,batch03,abstract-ART000889310,P3b,qwen3-8b,ai,874
D14808.docx,batch03,abstract-ART000907107,P3b,qwen3-8b,ai,677
D14809.docx,batch03,abstract-ART002226269,P3b,qwen3-8b,ai,552
D14810.docx,batch03,abstract-ART000876910,P3b,qwen3-8b,ai,519
D14811.docx,batch03,abstract-ART002176023,P3b,qwen3-8b,ai,485
D14812.docx,batch03,abstract-ART000878019,P3b,qwen3-8b,ai,851
D14813.docx,batch03,abstract-ART000890179,P3b,qwen3-8b,ai,318
D14814.docx,batch03,abstract-ART000889393,P3b,qwen3-8b,ai,717
D14815.docx,batch03,abstract-ART000901534,P3b,qwen3-8b,ai,549
D14816.docx,batch03,abstract-ART001955654,P3b,qwen3-8b,ai,406
D14817.docx,batch03,abstract-ART000882371,P3b,qwen3-8b,ai,657
D14818.docx,batch03,abstract-ART000864193,P3b,qwen3-8b,ai,867
D14819.docx,batch03,abstract-ART002507668,P3b,qwen3-8b,ai,472
D14820.docx,batch03,abstract-ART000873914,P3b,qwen3-8b,ai,532
D14821.docx,batch03,abstract-ART000896499,P3b,qwen3-8b,ai,281
D14822.docx,batch03,abstract-ART000899844,P3b,qwen3-8b,ai,1039
D14823.docx,batch03,abstract-ART000905068,P3b,qwen3-8b,ai,517
D14824.docx,batch03,abstract-ART000893745,P3b,qwen3-8b,ai,478
D14825.docx,batch03,abstract-ART000889649,P3b,qwen3-8b,ai,763
D14826.docx,batch03,abstract-ART000877834,P3b,qwen3-8b,ai,1040
D14827.docx,batch03,abstract-ART002000388,P3b,qwen3-8b,ai,882
D14828.docx,batch03,abstract-ART000865371,P3b,qwen3-8b,ai,567
D14829.docx,batch03,abstract-ART002468202,P3b,qwen3-8b,ai,537
D14830.docx,batch03,abstract-ART000881811,P3b,qwen3-8b,ai,749
D14831.docx,batch03,abstract-ART002495741,P3b,qwen3-8b,ai,897
D14832.docx,batch03,abstract-ART001506880,P3b,qwen3-8b,ai,683
D14833.docx,batch03,abstract-ART000881227,P3b,qwen3-8b,ai,982
D14834.docx,batch03,abstract-ART000861498,P3b,qwen3-8b,ai,274
D14835.docx,batch03,abstract-ART002320047,P3b,qwen3-8b,ai,699
D14836.docx,batch03,abstract-ART000864272,P3b,qwen3-8b,ai,1161
D14837.docx,batch03,abstract-ART000895587,P3b,qwen3-8b,ai,1123
D14838.docx,batch03,abstract-ART000904782,P3b,qwen3-8b,ai,449
D14839.docx,batch03,abstract-ART000884099,P3b,qwen3-8b,ai,1084
D14840.docx,batch03,abstract-ART000853275,P3b,qwen3-8b,ai,1196
D14841.docx,batch03,abstract-ART000888921,P3b,qwen3-8b,ai,355
D14842.docx,batch03,abstract-ART000899671,P3b,qwen3-8b,ai,440
D14843.docx,batch03,abstract-ART001407723,P3b,qwen3-8b,ai,956
D14844.docx,batch03,abstract-ART000874562,P3b,qwen3-8b,ai,807
D14845.docx,batch03,abstract-ART000898309,P3b,qwen3-8b,ai,1046
D14846.docx,batch03,abstract-ART000872604,P3b,qwen3-8b,ai,578
D14847.docx,batch03,abstract-ART001550977,P3b,qwen3-8b,ai,750
D14848.docx,batch03,abstract-ART000905550,P3b,qwen3-8b,ai,898
D14849.docx,batch03,abstract-ART000875843,P3b,qwen3-8b,ai,709
D14850.docx,batch03,abstract-ART001456603,P3b,qwen3-8b,ai,504
D14851.docx,batch03,abstract-ART000899923,P3b,qwen3-8b,ai,882
D14852.docx,batch03,abstract-ART000865207,P3b,qwen3-8b,ai,530
D14853.docx,batch03,abstract-ART000905325,P3b,qwen3-8b,ai,532
D14854.docx,batch03,abstract-ART000889184,P3b,qwen3-8b,ai,397
D14855.docx,batch03,abstract-ART000863277,P3b,qwen3-8b,ai,426
D14856.docx,batch03,abstract-ART000908188,P3b,qwen3-8b,ai,404
D14857.docx,batch03,abstract-ART000883556,P3b,qwen3-8b,ai,604
D14858.docx,batch03,abstract-ART000893597,P3b,qwen3-8b,ai,473
D14859.docx,batch03,abstract-ART000858272,P3b,qwen3-8b,ai,747
D14860.docx,batch03,abstract-ART000858573,P3b,qwen3-8b,ai,900
D14861.docx,batch03,abstract-ART000877008,P3b,qwen3-8b,ai,633
D14862.docx,batch03,abstract-ART000879088,P3b,qwen3-8b,ai,765
D14863.docx,batch03,abstract-ART000895828,P3b,qwen3-8b,ai,865
D14864.docx,batch03,abstract-ART002439349,P3b,qwen3-8b,ai,522
D14865.docx,batch03,abstract-ART000875029,P3b,qwen3-8b,ai,515
D14866.docx,batch03,abstract-ART000880375,P3b,qwen3-8b,ai,356
D14867.docx,batch03,abstract-ART000861282,P3b,qwen3-8b,ai,1063
D14868.docx,batch03,abstract-ART001763004,P3b,qwen3-8b,ai,508
D14869.docx,batch03,abstract-ART000858312,P3b,qwen3-8b,ai,696
D14870.docx,batch03,abstract-ART000886112,P3b,qwen3-8b,ai,789
D14871.docx,batch03,abstract-ART000858133,P3b,qwen3-8b,ai,775
D14872.docx,batch03,abstract-ART001900990,P3b,qwen3-8b,ai,829
D14873.docx,batch03,abstract-ART001389624,P3b,qwen3-8b,ai,838
D14874.docx,batch03,abstract-ART000893056,P3b,qwen3-8b,ai,871
D14875.docx,batch03,abstract-ART000899178,P3b,qwen3-8b,ai,343
D14876.docx,batch03,abstract-ART000852274,P3b,qwen3-8b,ai,526
D14877.docx,batch03,abstract-ART000873546,P3b,qwen3-8b,ai,1123
D14878.docx,batch03,abstract-ART001917100,P3b,qwen3-8b,ai,690
D14879.docx,batch03,abstract-ART001626636,P3b,qwen3-8b,ai,383
D14880.docx,batch03,abstract-ART000903555,P3b,qwen3-8b,ai,538
D14881.docx,batch03,abstract-ART000881039,P3b,qwen3-8b,ai,353
D14882.docx,batch03,abstract-ART000874410,P3b,qwen3-8b,ai,320
D14883.docx,batch03,abstract-ART000888598,P3b,qwen3-8b,ai,954
D14884.docx,batch03,abstract-ART000896167,P3b,qwen3-8b,ai,1062
D14885.docx,batch03,abstract-ART000893695,P3b,qwen3-8b,ai,629
D14886.docx,batch03,abstract-ART000874254,P3b,qwen3-8b,ai,327
D14887.docx,batch03,abstract-ART000892001,P3b,qwen3-8b,ai,825
D14888.docx,batch03,abstract-ART000853117,P3b,qwen3-8b,ai,748
D14889.docx,batch03,abstract-ART000902315,P3b,qwen3-8b,ai,497
D14890.docx,batch03,abstract-ART000902030,P3b,qwen3-8b,ai,524
D14891.docx,batch03,abstract-ART000880126,P3b,qwen3-8b,ai,366
D14892.docx,batch03,abstract-ART000864487,P3b,qwen3-8b,ai,861
D14893.docx,batch03,abstract-ART000892824,P3b,qwen3-8b,ai,353
D14894.docx,batch03,abstract-ART000888422,P3b,qwen3-8b,ai,526
D14895.docx,batch03,abstract-ART000856183,P3b,qwen3-8b,ai,348
D14896.docx,batch03,abstract-ART000887176,P3b,qwen3-8b,ai,557
D14897.docx,batch03,abstract-ART000905878,P3b,qwen3-8b,ai,571
D14898.docx,batch03,abstract-ART000892113,P3b,qwen3-8b,ai,596
D14899.docx,batch03,abstract-ART000884614,P3b,qwen3-8b,ai,408
D14900.docx,batch03,abstract-ART000905620,P3b,qwen3-8b,ai,776
D14901.docx,batch03,abstract-ART000888371,P3b,qwen3-8b,ai,624
D14902.docx,batch03,abstract-ART000861839,P3b,qwen3-8b,ai,685
D14903.docx,batch03,abstract-ART001407666,P3b,qwen3-8b,ai,674
D14904.docx,batch03,abstract-ART000901808,P3b,qwen3-8b,ai,667
D14905.docx,batch03,abstract-ART000863987,P3b,qwen3-8b,ai,725
D14906.docx,batch03,abstract-ART000873553,P3b,qwen3-8b,ai,445
D14907.docx,batch03,abstract-ART000876973,P3b,qwen3-8b,ai,684
D14908.docx,batch03,abstract-ART000868120,P3b,qwen3-8b,ai,791
D14909.docx,batch03,abstract-ART000875483,P3b,qwen3-8b,ai,578
D14910.docx,batch03,abstract-ART000904978,P3b,qwen3-8b,ai,457
D14911.docx,batch03,abstract-ART000872850,P3b,qwen3-8b,ai,429
D14912.docx,batch03,abstract-ART000878292,P3b,qwen3-8b,ai,432
D14913.docx,batch03,abstract-ART000862157,P3b,qwen3-8b,ai,370
D14914.docx,batch03,abstract-ART000857394,P3b,qwen3-8b,ai,572
D14915.docx,batch03,abstract-ART000904869,P3b,qwen3-8b,ai,505
D14916.docx,batch03,abstract-ART000892394,P3b,qwen3-8b,ai,1020
D14917.docx,batch03,abstract-ART001371694,P3b,qwen3-8b,ai,581
D14918.docx,batch03,abstract-ART000872416,P3b,qwen3-8b,ai,435
D14919.docx,batch03,abstract-ART000876908,P3b,qwen3-8b,ai,599
D14920.docx,batch03,abstract-ART002446557,P3b,qwen3-8b,ai,582
D14921.docx,batch03,abstract-ART000888572,P3b,qwen3-8b,ai,354
D14922.docx,batch03,abstract-ART000850916,P3b,qwen3-8b,ai,519
D14923.docx,batch03,abstract-ART001563889,P3b,qwen3-8b,ai,771
D14924.docx,batch03,abstract-ART000872906,P3b,qwen3-8b,ai,766
D14925.docx,batch03,abstract-ART000877090,P3b,qwen3-8b,ai,764
D14926.docx,batch03,abstract-ART000900151,P3b,qwen3-8b,ai,833
D14927.docx,batch03,abstract-ART000857383,P3b,qwen3-8b,ai,514
D14928.docx,batch03,abstract-ART000857875,P3b,qwen3-8b,ai,1001
D14929.docx,batch03,abstract-ART001821353,P3b,qwen3-8b,ai,907
D14930.docx,batch03,abstract-ART000892086,P3b,qwen3-8b,ai,1003
D14931.docx,batch03,abstract-ART002000891,P3b,qwen3-8b,ai,762
D14932.docx,batch03,abstract-ART001673581,P3b,qwen3-8b,ai,423
D14933.docx,batch03,abstract-ART000861212,P3b,qwen3-8b,ai,934
D14934.docx,batch03,abstract-ART000853090,P3b,qwen3-8b,ai,640
D14935.docx,batch03,abstract-ART000902227,P3b,qwen3-8b,ai,531
D14936.docx,batch03,abstract-ART000862248,P3b,qwen3-8b,ai,556
D14937.docx,batch03,abstract-ART000885505,P3b,qwen3-8b,ai,464
D14938.docx,batch03,abstract-ART000867041,P3b,qwen3-8b,ai,705
D14939.docx,batch03,abstract-ART000878980,P3b,qwen3-8b,ai,545
D14940.docx,batch03,abstract-ART000902767,P3b,qwen3-8b,ai,486
D14941.docx,batch03,abstract-ART001517100,P3b,qwen3-8b,ai,636
D14942.docx,batch03,abstract-ART000851241,P3b,qwen3-8b,ai,569
D14943.docx,batch03,abstract-ART000880582,P3b,qwen3-8b,ai,883
D14944.docx,batch03,abstract-ART000883021,P3b,qwen3-8b,ai,1077
D14945.docx,batch03,abstract-ART000872364,P3b,qwen3-8b,ai,458
D14946.docx,batch03,abstract-ART002541318,P3b,qwen3-8b,ai,615
D14947.docx,batch03,abstract-ART002515698,P3b,qwen3-8b,ai,475
D14948.docx,batch03,abstract-ART000905995,P3b,qwen3-8b,ai,297
D14949.docx,batch03,abstract-ART000880558,P3b,qwen3-8b,ai,1101
D14950.docx,batch03,abstract-ART000863715,P3b,qwen3-8b,ai,377
D14951.docx,batch03,abstract-ART000869471,P3b,qwen3-8b,ai,1060
D14952.docx,batch03,abstract-ART000903145,P3b,qwen3-8b,ai,531
D14953.docx,batch03,abstract-ART000858851,P3b,qwen3-8b,ai,339
D14954.docx,batch03,abstract-ART000903281,P3b,qwen3-8b,ai,413
D14955.docx,batch03,abstract-ART000887940,P3b,qwen3-8b,ai,633
D14956.docx,batch03,abstract-ART000888913,P3b,qwen3-8b,ai,356
D14957.docx,batch03,abstract-ART000889392,P3b,qwen3-8b,ai,506
D14958.docx,batch03,abstract-ART000888527,P3b,qwen3-8b,ai,946
D14959.docx,batch03,abstract-ART000904020,P3b,qwen3-8b,ai,548
D14960.docx,batch03,abstract-ART000861503,P3b,qwen3-8b,ai,308
D14961.docx,batch03,abstract-ART000904866,P3b,qwen3-8b,ai,449
D14962.docx,batch03,abstract-ART001375356,P3b,qwen3-8b,ai,633
D14963.docx,batch03,abstract-ART000884228,P3b,qwen3-8b,ai,1115
D14964.docx,batch03,abstract-ART000860377,P3b,qwen3-8b,ai,554
D14965.docx,batch03,abstract-ART000870216,P3b,qwen3-8b,ai,723
D14966.docx,batch03,abstract-ART000893258,P3b,qwen3-8b,ai,784
D14967.docx,batch03,abstract-ART000886253,P3b,qwen3-8b,ai,741
D14968.docx,batch03,abstract-ART000907073,P3b,qwen3-8b,ai,601
D14969.docx,batch03,abstract-ART000865962,P3b,qwen3-8b,ai,418
D14970.docx,batch03,abstract-ART000852181,P3b,qwen3-8b,ai,1008
D14971.docx,batch03,abstract-ART000905319,P3b,qwen3-8b,ai,433
D14972.docx,batch03,abstract-ART000874686,P3b,qwen3-8b,ai,614
D14973.docx,batch03,abstract-ART000906347,P3b,qwen3-8b,ai,462
D14974.docx,batch03,abstract-ART000903627,P3b,qwen3-8b,ai,426
D14975.docx,batch03,abstract-ART000864105,P3b,qwen3-8b,ai,574
D14976.docx,batch03,abstract-ART001550994,P3b,qwen3-8b,ai,946
D14977.docx,batch03,abstract-ART000871194,P3b,qwen3-8b,ai,733
D14978.docx,batch03,abstract-ART000893757,P3b,qwen3-8b,ai,314
D14979.docx,batch03,abstract-ART001310652,P3b,qwen3-8b,ai,869
D14980.docx,batch03,abstract-ART000897667,P3b,qwen3-8b,ai,751
D14981.docx,batch03,abstract-ART000855307,P3b,qwen3-8b,ai,393
D14982.docx,batch03,abstract-ART000898990,P3b,qwen3-8b,ai,731
D14983.docx,batch03,abstract-ART000900101,P3b,qwen3-8b,ai,590
D14984.docx,batch03,abstract-ART000863361,P3b,qwen3-8b,ai,423
D14985.docx,batch03,abstract-ART000889928,P3b,qwen3-8b,ai,365
D14986.docx,batch03,abstract-ART000852132,P3b,qwen3-8b,ai,547
D14987.docx,batch03,abstract-ART000873225,P3b,qwen3-8b,ai,385
D14988.docx,batch03,abstract-ART002050408,P3b,qwen3-8b,ai,504
D14989.docx,batch03,abstract-ART000906409,P3b,qwen3-8b,ai,560
D14990.docx,batch03,abstract-ART001569179,P3b,qwen3-8b,ai,466
D14991.docx,batch03,abstract-ART001626683,P3b,qwen3-8b,ai,386
D14992.docx,batch03,abstract-ART000864975,P3b,qwen3-8b,ai,384
D14993.docx,batch03,abstract-ART000868366,P3b,qwen3-8b,ai,542
D14994.docx,batch03,abstract-ART000886957,P3b,qwen3-8b,ai,564
D14995.docx,batch03,abstract-ART000908123,P3b,qwen3-8b,ai,506
D14996.docx,batch03,abstract-ART000880798,P3b,qwen3-8b,ai,537
D14997.docx,batch03,abstract-ART002031412,P3b,qwen3-8b,ai,948
D14998.docx,batch03,abstract-ART000863304,P3b,qwen3-8b,ai,534
D14999.docx,batch03,abstract-ART000867192,P3b,qwen3-8b,ai,610
D15000.docx,batch03,abstract-ART000889751,P3b,qwen3-8b,ai,339
D15001.docx,batch03,abstract-ART000898541,P3b,qwen3-8b,ai,530
D15002.docx,batch03,abstract-ART000867630,P3b,qwen3-8b,ai,371
D15003.docx,batch03,abstract-ART001985843,P3b,qwen3-8b,ai,629
D15004.docx,batch03,abstract-ART000860806,P3b,qwen3-8b,ai,664
D15005.docx,batch03,abstract-ART000850961,P3b,qwen3-8b,ai,553
D15006.docx,batch03,abstract-ART000881406,P3b,qwen3-8b,ai,604
D15007.docx,batch03,abstract-ART001889204,P3b,qwen3-8b,ai,422
D15008.docx,batch03,abstract-ART000896801,P3b,qwen3-8b,ai,555
D15009.docx,batch03,abstract-ART000868258,P3b,qwen3-8b,ai,338
D15010.docx,batch03,abstract-ART000861022,P3b,qwen3-8b,ai,397
D15011.docx,batch03,abstract-ART000890733,P3b,qwen3-8b,ai,748
D15012.docx,batch03,abstract-ART000860378,P3b,qwen3-8b,ai,749
D15013.docx,batch03,abstract-ART000899670,P3b,qwen3-8b,ai,735
D15014.docx,batch03,abstract-ART000893747,P3b,qwen3-8b,ai,362
D15015.docx,batch03,abstract-ART000874639,P3b,qwen3-8b,ai,902
D15016.docx,batch03,abstract-ART000879702,P3b,qwen3-8b,ai,733
D15017.docx,batch03,abstract-ART000873600,P3b,qwen3-8b,ai,415
D15018.docx,batch03,abstract-ART000894824,P3b,qwen3-8b,ai,429
D15019.docx,batch03,abstract-ART000905874,P3b,qwen3-8b,ai,482
D15020.docx,batch03,abstract-ART000872220,P3b,qwen3-8b,ai,718
D15021.docx,batch03,abstract-ART000852509,P3b,qwen3-8b,ai,1073
D15022.docx,batch03,abstract-ART002440605,P3b,qwen3-8b,ai,605
D15023.docx,batch03,abstract-ART000896169,P3b,qwen3-8b,ai,253
D15024.docx,batch03,abstract-ART000864384,P3b,qwen3-8b,ai,716
D15025.docx,batch03,abstract-ART000854092,P3b,qwen3-8b,ai,413
D15026.docx,batch03,abstract-ART000888490,P3b,qwen3-8b,ai,467
D15027.docx,batch03,abstract-ART000864583,P3b,qwen3-8b,ai,284
D15028.docx,batch03,abstract-ART000877336,P3b,qwen3-8b,ai,391
D15029.docx,batch03,abstract-ART000892087,P3b,qwen3-8b,ai,781
D15030.docx,batch03,abstract-ART000894834,P3b,qwen3-8b,ai,442
D15031.docx,batch03,abstract-ART000856377,P3b,qwen3-8b,ai,412
D15032.docx,batch03,abstract-ART000868519,P3b,qwen3-8b,ai,507
D15033.docx,batch03,abstract-ART000905581,P3b,qwen3-8b,ai,358
D15034.docx,batch03,abstract-ART000878711,P3b,qwen3-8b,ai,537
D15035.docx,batch03,abstract-ART000892692,P3b,qwen3-8b,ai,427
D15036.docx,batch03,abstract-ART000857957,P3b,qwen3-8b,ai,742
D15037.docx,batch03,abstract-ART000899514,P3b,qwen3-8b,ai,965
D15038.docx,batch03,abstract-ART000899840,P3b,qwen3-8b,ai,682
D15039.docx,batch03,abstract-ART000869981,P3b,qwen3-8b,ai,420
D15040.docx,batch03,abstract-ART000901454,P3b,qwen3-8b,ai,652
D15041.docx,batch03,abstract-ART000898629,P3b,qwen3-8b,ai,454
D15042.docx,batch03,abstract-ART000883005,P3b,qwen3-8b,ai,564
D15043.docx,batch03,abstract-ART000851138,P3b,qwen3-8b,ai,717
D15044.docx,batch03,abstract-ART000861188,P3b,qwen3-8b,ai,1024
D15045.docx,batch03,abstract-ART000874066,P3b,qwen3-8b,ai,510
D15046.docx,batch03,abstract-ART000888594,P3b,qwen3-8b,ai,835
D15047.docx,batch03,abstract-ART000906077,P3b,qwen3-8b,ai,478
D15048.docx,batch03,abstract-ART000861692,P3b,qwen3-8b,ai,357
D15049.docx,batch03,abstract-ART002582614,P3b,qwen3-8b,ai,560
D15050.docx,batch03,abstract-ART000875552,P3b,qwen3-8b,ai,569
D15051.docx,batch03,abstract-ART000868270,P3b,qwen3-8b,ai,406
D15052.docx,batch03,abstract-ART002093440,P3b,qwen3-8b,ai,548
D15053.docx,batch03,abstract-ART000906188,P3b,qwen3-8b,ai,701
D15054.docx,batch03,abstract-ART000880452,P3b,qwen3-8b,ai,675
D15055.docx,batch03,abstract-ART000852634,P3b,qwen3-8b,ai,448
D15056.docx,batch03,abstract-ART000850836,P3b,qwen3-8b,ai,568
D15057.docx,batch03,abstract-ART000896454,P3b,qwen3-8b,ai,342
D15058.docx,batch03,abstract-ART001509833,P3b,qwen3-8b,ai,614
D15059.docx,batch03,abstract-ART000877179,P3b,qwen3-8b,ai,648
D15060.docx,batch03,abstract-ART000869720,P3b,qwen3-8b,ai,427
D15061.docx,batch03,abstract-ART000869152,P3b,qwen3-8b,ai,485
D15062.docx,batch03,abstract-ART002037053,P3b,qwen3-8b,ai,656
D15063.docx,batch03,abstract-ART002022682,P3b,qwen3-8b,ai,636
D15064.docx,batch03,abstract-ART000903291,P3b,qwen3-8b,ai,338
D15065.docx,batch03,abstract-ART000901081,P3b,qwen3-8b,ai,315
D15066.docx,batch03,abstract-ART000864831,P3b,qwen3-8b,ai,688
D15067.docx,batch03,abstract-ART000881761,P3b,qwen3-8b,ai,843
D15068.docx,batch03,abstract-ART000869480,P3b,qwen3-8b,ai,421
D15069.docx,batch03,abstract-ART002460591,P3b,qwen3-8b,ai,707
D15070.docx,batch03,abstract-ART000868163,P3b,qwen3-8b,ai,499
D15071.docx,batch03,abstract-ART000880215,P3b,qwen3-8b,ai,571
D15072.docx,batch03,abstract-ART002062350,P3b,qwen3-8b,ai,547
D15073.docx,batch03,abstract-ART000882733,P3b,qwen3-8b,ai,776
D15074.docx,batch03,abstract-ART000889391,P3b,qwen3-8b,ai,577
D15075.docx,batch03,abstract-ART000905659,P3b,qwen3-8b,ai,671
D15076.docx,batch03,abstract-ART001507404,P3b,qwen3-8b,ai,437
D15077.docx,batch03,abstract-ART000864368,P3b,qwen3-8b,ai,449
D15078.docx,batch03,abstract-ART000891929,P3b,qwen3-8b,ai,312
D15079.docx,batch03,abstract-ART000890251,P3b,qwen3-8b,ai,495
D15080.docx,batch03,abstract-ART000906427,P3b,qwen3-8b,ai,305
D15081.docx,batch03,abstract-ART000861077,P3b,qwen3-8b,ai,422
D15082.docx,batch03,abstract-ART000901006,P3b,qwen3-8b,ai,417
D15083.docx,batch03,abstract-ART000885593,P3b,qwen3-8b,ai,468
D15084.docx,batch03,abstract-ART000906528,P3b,qwen3-8b,ai,406
D15085.docx,batch03,abstract-ART000880136,P3b,qwen3-8b,ai,409
D15086.docx,batch03,abstract-ART000899260,P3b,qwen3-8b,ai,310
D15087.docx,batch03,abstract-ART000876880,P3b,qwen3-8b,ai,698
D15088.docx,batch03,abstract-ART000905678,P3b,qwen3-8b,ai,745
D15089.docx,batch03,abstract-ART000899353,P3b,qwen3-8b,ai,526
D15090.docx,batch03,abstract-ART000854041,P3b,qwen3-8b,ai,731
D15091.docx,batch03,abstract-ART002000389,P3b,qwen3-8b,ai,842
D15092.docx,batch03,abstract-ART000861034,P3b,qwen3-8b,ai,677
D15093.docx,batch03,abstract-ART000902348,P3b,qwen3-8b,ai,391
D15094.docx,batch03,abstract-ART000873970,P3b,qwen3-8b,ai,618
D15095.docx,batch03,abstract-ART000868515,P3b,qwen3-8b,ai,628
D15096.docx,batch03,abstract-ART000896141,P3b,qwen3-8b,ai,742
D15097.docx,batch03,abstract-ART000895405,P3b,qwen3-8b,ai,875
D15098.docx,batch03,abstract-ART000893845,P3b,qwen3-8b,ai,644
D15099.docx,batch03,abstract-ART000905410,P3b,qwen3-8b,ai,465
D15100.docx,batch03,abstract-ART000892112,P3b,qwen3-8b,ai,385
D15101.docx,batch03,abstract-ART000879620,P3b,qwen3-8b,ai,384
D15102.docx,batch03,abstract-ART000870019,P3b,qwen3-8b,ai,426
D15103.docx,batch03,abstract-ART000905168,P3b,qwen3-8b,ai,428
D15104.docx,batch03,abstract-ART000854295,P3b,qwen3-8b,ai,785
D15105.docx,batch03,abstract-ART000904417,P3b,qwen3-8b,ai,356
D15106.docx,batch03,abstract-ART000869396,P3b,qwen3-8b,ai,522
D15107.docx,batch03,abstract-ART000869479,P3b,qwen3-8b,ai,985
D15108.docx,batch03,abstract-ART000851870,P3b,qwen3-8b,ai,583
D15109.docx,batch03,abstract-ART000861520,P3b,qwen3-8b,ai,522
D15110.docx,batch03,abstract-ART000904252,P3b,qwen3-8b,ai,351
D15111.docx,batch03,abstract-ART000892618,P3b,qwen3-8b,ai,443
D15112.docx,batch03,abstract-ART000896069,P3b,qwen3-8b,ai,613
D15113.docx,batch03,abstract-ART000907104,P3b,qwen3-8b,ai,516
D15114.docx,batch03,abstract-ART000864188,P3b,qwen3-8b,ai,593
D15115.docx,batch03,abstract-ART000908190,P3b,qwen3-8b,ai,280
D15116.docx,batch03,abstract-ART000897027,P3b,qwen3-8b,ai,391
D15117.docx,batch03,abstract-ART000879765,P3b,qwen3-8b,ai,444
D15118.docx,batch03,abstract-ART000893120,P3b,qwen3-8b,ai,413
D15119.docx,batch03,abstract-ART000902224,P3b,qwen3-8b,ai,678
D15120.docx,batch03,abstract-ART000858031,P3b,qwen3-8b,ai,609
D15121.docx,batch03,abstract-ART000860159,P3b,qwen3-8b,ai,419
D15122.docx,batch03,abstract-ART000873551,P3b,qwen3-8b,ai,465
D15123.docx,batch03,abstract-ART000907350,P3b,qwen3-8b,ai,392
D15124.docx,batch03,abstract-ART000895458,P3b,qwen3-8b,ai,912
D15125.docx,batch03,abstract-ART000897739,P3b,qwen3-8b,ai,483
D15126.docx,batch03,abstract-ART000902841,P3b,qwen3-8b,ai,332
D15127.docx,batch03,abstract-ART000876960,P3b,qwen3-8b,ai,702
D15128.docx,batch03,abstract-ART000878459,P3b,qwen3-8b,ai,423
D15129.docx,batch03,abstract-ART000875087,P3b,qwen3-8b,ai,639
D15130.docx,batch03,abstract-ART000881250,P3b,qwen3-8b,ai,1104
D15131.docx,batch03,abstract-ART000870012,P3b,qwen3-8b,ai,383
D15132.docx,batch03,abstract-ART002040607,P3b,qwen3-8b,ai,421
D15133.docx,batch03,abstract-ART000853463,P3b,qwen3-8b,ai,848
D15134.docx,batch03,abstract-ART000858807,P3b,qwen3-8b,ai,831
D15135.docx,batch03,abstract-ART000892817,P3b,qwen3-8b,ai,665
D15136.docx,batch03,abstract-ART000875314,P3b,qwen3-8b,ai,482
D15137.docx,batch03,abstract-ART000860352,P3b,qwen3-8b,ai,582
D15138.docx,batch03,abstract-ART000852133,P3b,qwen3-8b,ai,509
D15139.docx,batch03,abstract-ART002482773,P3b,qwen3-8b,ai,735
D15140.docx,batch03,abstract-ART000867417,P3b,qwen3-8b,ai,947
D15141.docx,batch03,abstract-ART000891293,P3b,qwen3-8b,ai,490
D15142.docx,batch03,abstract-ART000869552,P3b,qwen3-8b,ai,824
D15143.docx,batch03,abstract-ART000879701,P3b,qwen3-8b,ai,520
D15144.docx,batch03,abstract-ART000899512,P3b,qwen3-8b,ai,697
D15145.docx,batch03,abstract-ART001570058,P3b,qwen3-8b,ai,793
D15146.docx,batch03,abstract-ART000874570,P3b,qwen3-8b,ai,603
D15147.docx,batch03,abstract-ART000861857,P3b,qwen3-8b,ai,927
D15148.docx,batch03,abstract-ART000894143,P3b,qwen3-8b,ai,654
D15149.docx,batch03,abstract-ART000885303,P3b,qwen3-8b,ai,681
D15150.docx,batch03,abstract-ART000867478,P3b,qwen3-8b,ai,574
D15151.docx,batch03,abstract-ART000892847,P3b,qwen3-8b,ai,1002
D15152.docx,batch03,abstract-ART000858409,P3b,qwen3-8b,ai,722
D15153.docx,batch03,abstract-ART002442166,P3b,qwen3-8b,ai,631
D15154.docx,batch03,abstract-ART000888456,P3b,qwen3-8b,ai,348
D15155.docx,batch03,abstract-ART002069476,P3b,qwen3-8b,ai,666
D15156.docx,batch03,abstract-ART000852907,P3b,qwen3-8b,ai,508
D15157.docx,batch03,abstract-ART000861405,P3b,qwen3-8b,ai,452
D15158.docx,batch03,abstract-ART000859128,P3b,qwen3-8b,ai,851
D15159.docx,batch03,abstract-ART000899270,P3b,qwen3-8b,ai,403
D15160.docx,batch03,abstract-ART000898048,P3b,qwen3-8b,ai,578
D15161.docx,batch03,abstract-ART000888135,P3b,qwen3-8b,ai,684
D15162.docx,batch03,abstract-ART000872430,P3b,qwen3-8b,ai,394
D15163.docx,batch03,abstract-ART000856057,P3b,qwen3-8b,ai,534
D15164.docx,batch03,abstract-ART000861047,P3b,qwen3-8b,ai,481
D15165.docx,batch03,abstract-ART000855221,P3b,qwen3-8b,ai,596
D15166.docx,batch03,abstract-ART000875918,P3b,qwen3-8b,ai,600
D15167.docx,batch03,abstract-ART000899924,P3b,qwen3-8b,ai,753
D15168.docx,batch03,abstract-ART000864578,P3b,qwen3-8b,ai,393
D15169.docx,batch03,abstract-ART000904707,P3b,qwen3-8b,ai,284
D15170.docx,batch03,abstract-ART000880051,P3b,qwen3-8b,ai,444
D15171.docx,batch03,abstract-ART000903710,P3b,qwen3-8b,ai,889
D15172.docx,batch03,abstract-ART000903093,P3b,qwen3-8b,ai,634
D15173.docx,batch03,abstract-ART000857583,P3b,qwen3-8b,ai,453
D15174.docx,batch03,abstract-ART000863056,P3b,qwen3-8b,ai,796
D15175.docx,batch03,abstract-ART000903289,P3b,qwen3-8b,ai,639
D15176.docx,batch03,abstract-ART000880050,P3b,qwen3-8b,ai,360
D15177.docx,batch03,abstract-ART000889362,P3b,qwen3-8b,ai,962
D15178.docx,batch03,abstract-ART000865054,P3b,qwen3-8b,ai,788
D15179.docx,batch03,abstract-ART000852162,P3b,qwen3-8b,ai,405
D15180.docx,batch03,abstract-ART000904022,P3b,qwen3-8b,ai,629
D15181.docx,batch03,abstract-ART000904487,P3b,qwen3-8b,ai,725
D15182.docx,batch03,abstract-ART000885761,P3b,qwen3-8b,ai,400
D15183.docx,batch03,abstract-ART000894156,P3b,qwen3-8b,ai,485
D15184.docx,batch03,abstract-ART000869975,P3b,qwen3-8b,ai,758
D15185.docx,batch03,abstract-ART000870743,P3b,qwen3-8b,ai,1091
D15186.docx,batch03,abstract-ART000871803,P3b,qwen3-8b,ai,925
D15187.docx,batch03,abstract-ART000869146,P3b,qwen3-8b,ai,421
D15188.docx,batch03,abstract-ART001887078,P3b,qwen3-8b,ai,533
D15189.docx,batch03,abstract-ART000854701,P3b,qwen3-8b,ai,514
D15190.docx,batch03,abstract-ART000864662,P3b,qwen3-8b,ai,665
D15191.docx,batch03,abstract-ART000901123,P3b,qwen3-8b,ai,366
D15192.docx,batch03,abstract-ART000856064,P3b,qwen3-8b,ai,422
D15193.docx,batch03,abstract-ART001821345,P3b,qwen3-8b,ai,707
D15194.docx,batch03,abstract-ART000869079,P3b,qwen3-8b,ai,394
D15195.docx,batch03,abstract-ART002318048,P3b,qwen3-8b,ai,553
D15196.docx,batch03,abstract-ART000890182,P3b,qwen3-8b,ai,605
D15197.docx,batch03,abstract-ART000875146,P3b,qwen3-8b,ai,1007
D15198.docx,batch03,abstract-ART000863133,P3b,qwen3-8b,ai,853
D15199.docx,batch03,abstract-ART000903206,P3b,qwen3-8b,ai,582
D15200.docx,batch03,abstract-ART000905604,P3b,qwen3-8b,ai,574
D15201.docx,batch03,abstract-ART000898246,P3b,qwen3-8b,ai,994
D15202.docx,batch03,abstract-ART000883942,P3b,qwen3-8b,ai,358
D15203.docx,batch03,abstract-ART000895832,P3b,qwen3-8b,ai,361
D15204.docx,batch03,abstract-ART000872032,P3b,qwen3-8b,ai,511
D15205.docx,batch03,abstract-ART000873967,P3b,qwen3-8b,ai,532
D15206.docx,batch03,abstract-ART000868512,P3b,qwen3-8b,ai,398
D15207.docx,batch03,abstract-ART000889089,P3b,qwen3-8b,ai,481
D15208.docx,batch03,abstract-ART000888595,P3b,qwen3-8b,ai,1120
D15209.docx,batch03,abstract-ART000896550,P3b,qwen3-8b,ai,653
D15210.docx,batch03,abstract-ART000899098,P3b,qwen3-8b,ai,773
D15211.docx,batch03,abstract-ART000902219,P3b,qwen3-8b,ai,428
D15212.docx,batch03,abstract-ART000891801,P3b,qwen3-8b,ai,497
D15213.docx,batch03,abstract-ART001833891,P3b,qwen3-8b,ai,466
D15214.docx,batch03,abstract-ART000864394,P3b,qwen3-8b,ai,706
D15215.docx,batch03,abstract-ART000853023,P3b,qwen3-8b,ai,692
D15216.docx,batch03,abstract-ART000903292,P3b,qwen3-8b,ai,480
D15217.docx,batch03,abstract-ART000864300,P3b,qwen3-8b,ai,484
D15218.docx,batch03,abstract-ART000864393,P3b,qwen3-8b,ai,663
D15219.docx,batch03,abstract-ART000865206,P3b,qwen3-8b,ai,605
D15220.docx,batch03,abstract-ART000903149,P3b,qwen3-8b,ai,502
D15221.docx,batch03,abstract-ART000860265,P3b,qwen3-8b,ai,547
D15222.docx,batch03,abstract-ART000864392,P3b,qwen3-8b,ai,631
D15223.docx,batch03,abstract-ART001833888,P3b,qwen3-8b,ai,485
D15224.docx,batch03,abstract-ART000895446,P3b,qwen3-8b,ai,396
D15225.docx,batch03,abstract-ART000884536,P3b,qwen3-8b,ai,763
D15226.docx,batch03,abstract-ART000904021,P3b,qwen3-8b,ai,717
D15227.docx,batch03,abstract-ART000852807,P3b,qwen3-8b,ai,521
D15228.docx,batch03,abstract-ART002108406,P3b,qwen3-8b,ai,621
D15229.docx,batch03,abstract-ART000874483,P3b,qwen3-8b,ai,958
D15230.docx,batch03,abstract-ART000896201,P3b,qwen3-8b,ai,512
D15231.docx,batch03,abstract-ART000906304,P3b,qwen3-8b,ai,421
D15232.docx,batch03,abstract-ART000895547,P3b,qwen3-8b,ai,636
D15233.docx,batch03,abstract-ART000867397,P3b,qwen3-8b,ai,443
D15234.docx,batch03,abstract-ART000868933,P3b,qwen3-8b,ai,515
D15235.docx,batch03,abstract-ART000884170,P3b,qwen3-8b,ai,819
D15236.docx,batch03,abstract-ART000904964,P3b,qwen3-8b,ai,356
D15237.docx,batch03,abstract-ART002334892,P3b,qwen3-8b,ai,328
D15238.docx,batch03,abstract-ART000949182,P3b,qwen3-8b,ai,383
D15239.docx,batch03,abstract-ART000871984,P3b,qwen3-8b,ai,1008
D15240.docx,batch03,abstract-ART002223699,P3b,qwen3-8b,ai,772
D15241.docx,batch03,abstract-ART000879972,P3b,qwen3-8b,ai,387
D15242.docx,batch03,abstract-ART000878289,P3b,qwen3-8b,ai,593
D15243.docx,batch03,abstract-ART000885763,P3b,qwen3-8b,ai,543
D15244.docx,batch03,abstract-ART000874904,P3b,qwen3-8b,ai,996
D15245.docx,batch03,abstract-ART002123996,P3b,qwen3-8b,ai,453
D15246.docx,batch03,abstract-ART000895376,P3b,qwen3-8b,ai,648
D15247.docx,batch03,abstract-ART000861165,P3b,qwen3-8b,ai,495
D15248.docx,batch03,abstract-ART000903380,P3b,qwen3-8b,ai,572
D15249.docx,batch03,abstract-ART000903305,P3b,qwen3-8b,ai,450
D15250.docx,batch03,abstract-ART000868116,P3b,qwen3-8b,ai,477
D15251.docx,batch03,abstract-ART000880868,P3b,qwen3-8b,ai,622
D15252.docx,batch03,abstract-ART000861269,P3b,qwen3-8b,ai,451
D15253.docx,batch03,abstract-ART000902754,P3b,qwen3-8b,ai,548
D15254.docx,batch03,abstract-ART000866041,P3b,qwen3-8b,ai,704
D15255.docx,batch03,abstract-ART000870154,P3b,qwen3-8b,ai,339
D15256.docx,batch03,abstract-ART000880989,P3b,qwen3-8b,ai,1088
D15257.docx,batch03,abstract-ART000895577,P3b,qwen3-8b,ai,586
D15258.docx,batch03,abstract-ART000864522,P3b,qwen3-8b,ai,359
D15259.docx,batch03,abstract-ART000878859,P3b,qwen3-8b,ai,999
D15260.docx,batch03,abstract-ART000890729,P3b,qwen3-8b,ai,614
D15261.docx,batch03,abstract-ART000877337,P3b,qwen3-8b,ai,469
D15262.docx,batch03,abstract-ART000851869,P3b,qwen3-8b,ai,459
D15263.docx,batch03,abstract-ART000863054,P3b,qwen3-8b,ai,647
D15264.docx,batch03,abstract-ART000894049,P3b,qwen3-8b,ai,364
D15265.docx,batch03,abstract-ART000891949,P3b,qwen3-8b,ai,377
D15266.docx,batch03,abstract-ART000876965,P3b,qwen3-8b,ai,598
D15267.docx,batch03,abstract-ART000878964,P3b,qwen3-8b,ai,857
D15268.docx,batch03,abstract-ART000864518,P3b,qwen3-8b,ai,600
D15269.docx,batch03,abstract-ART000869231,P3b,qwen3-8b,ai,440
D15270.docx,batch03,abstract-ART000906345,P3b,qwen3-8b,ai,533
D15271.docx,batch03,abstract-ART002468186,P3b,qwen3-8b,ai,571
D15272.docx,batch03,abstract-ART001942986,P3b,qwen3-8b,ai,1163
D15273.docx,batch03,abstract-ART000899958,P3b,qwen3-8b,ai,467
D15274.docx,batch03,abstract-ART000883555,P3b,qwen3-8b,ai,409
D15275.docx,batch03,abstract-ART000858316,P3b,qwen3-8b,ai,451
D15276.docx,batch03,abstract-ART000906493,P3b,qwen3-8b,ai,358
D15277.docx,batch03,abstract-ART000893378,P3b,qwen3-8b,ai,564
D15278.docx,batch03,abstract-ART000893601,P3b,qwen3-8b,ai,410
D15279.docx,batch03,abstract-ART000892614,P3b,qwen3-8b,ai,475
D15280.docx,batch03,abstract-ART002032201,P3b,qwen3-8b,ai,458
D15281.docx,batch03,abstract-ART000860347,P3b,qwen3-8b,ai,1111
D15282.docx,batch03,abstract-ART001887002,P3b,qwen3-8b,ai,570
D15283.docx,batch03,abstract-ART002032746,P3b,qwen3-8b,ai,736
D15284.docx,batch03,abstract-ART001620447,P3b,qwen3-8b,ai,553
D15285.docx,batch03,abstract-ART000888612,P3b,qwen3-8b,ai,922
D15286.docx,batch03,abstract-ART000889314,P3b,qwen3-8b,ai,551
D15287.docx,batch03,abstract-ART002407404,P3b,qwen3-8b,ai,551
D15288.docx,batch03,abstract-ART000871797,P3b,qwen3-8b,ai,914
D15289.docx,batch03,abstract-ART000901979,P3b,qwen3-8b,ai,697
D15290.docx,batch03,abstract-ART000876806,P3b,qwen3-8b,ai,461
D15291.docx,batch03,abstract-ART000862886,P3b,qwen3-8b,ai,607
D15292.docx,batch03,abstract-ART000893679,P3b,qwen3-8b,ai,452
D15293.docx,batch03,abstract-ART000858178,P3b,qwen3-8b,ai,384
D15294.docx,batch03,abstract-ART000852556,P3b,qwen3-8b,ai,629
D15295.docx,batch03,abstract-ART000863132,P3b,qwen3-8b,ai,633
D15296.docx,batch03,abstract-ART001734640,P3b,qwen3-8b,ai,342
D15297.docx,batch03,abstract-ART000879175,P3b,qwen3-8b,ai,334
D15298.docx,batch03,abstract-ART002118009,P3b,qwen3-8b,ai,538
D15299.docx,batch03,abstract-ART001492572,P3b,qwen3-8b,ai,788
D15300.docx,batch03,abstract-ART000885764,P3b,qwen3-8b,ai,714
D15301.docx,batch03,abstract-ART000898324,P3b,qwen3-8b,ai,1064
D15302.docx,batch03,abstract-ART000864892,P3b,qwen3-8b,ai,417
D15303.docx,batch03,abstract-ART000864809,P3b,qwen3-8b,ai,578
D15304.docx,batch03,abstract-ART001155469,P3b,qwen3-8b,ai,606
D15305.docx,batch03,abstract-ART000858988,P3b,qwen3-8b,ai,599
D15306.docx,batch03,abstract-ART002551611,P3b,qwen3-8b,ai,935
D15307.docx,batch03,abstract-ART000878987,P3b,qwen3-8b,ai,379
D15308.docx,batch03,abstract-ART000898448,P3b,qwen3-8b,ai,723
D15309.docx,batch03,abstract-ART000854670,P3b,qwen3-8b,ai,671
D15310.docx,batch03,abstract-ART000903076,P3b,qwen3-8b,ai,406
D15311.docx,batch03,abstract-ART000896381,P3b,qwen3-8b,ai,436
D15312.docx,batch03,abstract-ART000894174,P3b,qwen3-8b,ai,381
D15313.docx,batch03,abstract-ART000902008,P3b,qwen3-8b,ai,317
D15314.docx,batch03,abstract-ART000867760,P3b,qwen3-8b,ai,749
D15315.docx,batch03,abstract-ART000858572,P3b,qwen3-8b,ai,821
D15316.docx,batch03,abstract-ART002176032,P3b,qwen3-8b,ai,489
D15317.docx,batch03,abstract-ART000858893,P3b,qwen3-8b,ai,535
D15318.docx,batch03,abstract-ART000855389,P3b,qwen3-8b,ai,738
D15319.docx,batch03,abstract-ART000863116,P3b,qwen3-8b,ai,549
D15320.docx,batch03,abstract-ART000898447,P3b,qwen3-8b,ai,688
D15321.docx,batch03,abstract-ART000850897,P3b,qwen3-8b,ai,634
D15322.docx,batch03,abstract-ART000874688,P3b,qwen3-8b,ai,559
D15323.docx,batch03,abstract-ART000861066,P3b,qwen3-8b,ai,414
D15324.docx,batch03,abstract-ART000903246,P3b,qwen3-8b,ai,357
D15325.docx,batch03,abstract-ART000853093,P3b,qwen3-8b,ai,442
D15326.docx,batch03,abstract-ART000856186,P3b,qwen3-8b,ai,340
D15327.docx,batch03,abstract-ART000902314,P3b,qwen3-8b,ai,482
D15328.docx,batch03,abstract-ART000905574,P3b,qwen3-8b,ai,389
D15329.docx,batch03,abstract-ART000902720,P3b,qwen3-8b,ai,467
D15330.docx,batch03,abstract-ART000857914,P3b,qwen3-8b,ai,346
D15331.docx,batch03,abstract-ART001942985,P3b,qwen3-8b,ai,740
D15332.docx,batch03,abstract-ART000863632,P3b,qwen3-8b,ai,549
D15333.docx,batch03,abstract-ART000881026,P3b,qwen3-8b,ai,570
D15334.docx,batch03,abstract-ART001942395,P3b,qwen3-8b,ai,467
D15335.docx,batch03,abstract-ART000874488,P3b,qwen3-8b,ai,1000
D15336.docx,batch03,abstract-ART002176019,P3b,qwen3-8b,ai,396
D15337.docx,batch03,abstract-ART000883649,P3b,qwen3-8b,ai,527
D15338.docx,batch03,abstract-ART000852263,P3b,qwen3-8b,ai,815
D15339.docx,batch03,abstract-ART002133319,P3b,qwen3-8b,ai,632
D15340.docx,batch03,abstract-ART000900424,P3b,qwen3-8b,ai,601
D15341.docx,batch03,abstract-ART000860331,P3b,qwen3-8b,ai,582
D15342.docx,batch03,abstract-ART000856371,P3b,qwen3-8b,ai,333
D15343.docx,batch03,abstract-ART000902968,P3b,qwen3-8b,ai,439
D15344.docx,batch03,abstract-ART001835832,P3b,qwen3-8b,ai,597
D15345.docx,batch03,abstract-ART000870017,P3b,qwen3-8b,ai,586
D15346.docx,batch03,abstract-ART002541303,P3b,qwen3-8b,ai,587
D15347.docx,batch03,abstract-ART000864685,P3b,qwen3-8b,ai,401
D15348.docx,batch03,abstract-ART000879686,P3b,qwen3-8b,ai,455
D15349.docx,batch03,abstract-ART001732711,P3b,qwen3-8b,ai,639
D15350.docx,batch03,abstract-ART000860989,P3b,qwen3-8b,ai,537
D15351.docx,batch03,abstract-ART002453129,P3b,qwen3-8b,ai,327
D15352.docx,batch03,abstract-ART000857675,P3b,qwen3-8b,ai,520
D15353.docx,batch03,abstract-ART000887705,P3b,qwen3-8b,ai,455
D15354.docx,batch03,abstract-ART000889354,P3b,qwen3-8b,ai,1013
D15355.docx,batch03,abstract-ART000867969,P3b,qwen3-8b,ai,972
D15356.docx,batch03,abstract-ART000860267,P3b,qwen3-8b,ai,615
D15357.docx,batch03,abstract-ART000857913,P3b,qwen3-8b,ai,477
D15358.docx,batch03,abstract-ART000902758,P3b,qwen3-8b,ai,605
D15359.docx,batch03,abstract-ART002333250,P3b,qwen3-8b,ai,550
D15360.docx,batch03,abstract-ART000892652,P3b,qwen3-8b,ai,346
D15361.docx,batch03,abstract-ART000895526,P3b,qwen3-8b,ai,422
D15362.docx,batch03,abstract-ART000903357,P3b,qwen3-8b,ai,879
D15363.docx,batch03,abstract-ART000878886,P3b,qwen3-8b,ai,572
D15364.docx,batch03,abstract-ART000865959,P3b,qwen3-8b,ai,741
D15365.docx,batch03,abstract-ART000873011,P3b,qwen3-8b,ai,419
D15366.docx,batch03,abstract-ART000905964,P3b,qwen3-8b,ai,292
D15367.docx,batch03,abstract-ART000905653,P3b,qwen3-8b,ai,788
D15368.docx,batch03,abstract-ART001746085,P3b,qwen3-8b,ai,958
D15369.docx,batch03,abstract-ART000893253,P3b,qwen3-8b,ai,803
D15370.docx,batch03,abstract-ART000892528,P3b,qwen3-8b,ai,465
D15371.docx,batch03,abstract-ART000903482,P3b,qwen3-8b,ai,680
D15372.docx,batch03,abstract-ART000888452,P3b,qwen3-8b,ai,584
D15373.docx,batch03,abstract-ART000875550,P3b,qwen3-8b,ai,690
D15374.docx,batch03,abstract-ART000893404,P3b,qwen3-8b,ai,1017
D15375.docx,batch03,abstract-ART000852106,P3b,qwen3-8b,ai,464
D15376.docx,batch03,abstract-ART000895658,P3b,qwen3-8b,ai,447
D15377.docx,batch03,abstract-ART001516396,P3b,qwen3-8b,ai,847
D15378.docx,batch03,abstract-ART000883944,P3b,qwen3-8b,ai,637
D15379.docx,batch03,abstract-ART000892669,P3b,qwen3-8b,ai,474
D15380.docx,batch03,abstract-ART000876633,P3b,qwen3-8b,ai,893
D15381.docx,batch03,abstract-ART000892685,P3b,qwen3-8b,ai,792
D15382.docx,batch03,abstract-ART000854482,P3b,qwen3-8b,ai,452
D15383.docx,batch03,abstract-ART000903499,P3b,qwen3-8b,ai,579
D15384.docx,batch03,abstract-ART000861038,P3b,qwen3-8b,ai,914
D15385.docx,batch03,abstract-ART000864590,P3b,qwen3-8b,ai,371
D15386.docx,batch03,abstract-ART000874643,P3b,qwen3-8b,ai,699
D15387.docx,batch03,abstract-ART001571270,P3b,qwen3-8b,ai,531
D15388.docx,batch03,abstract-ART001690822,P3b,qwen3-8b,ai,831
D15389.docx,batch03,abstract-ART000900858,P3b,qwen3-8b,ai,568
D15390.docx,batch03,abstract-ART000908027,P3b,qwen3-8b,ai,643
D15391.docx,batch03,abstract-ART000869879,P3b,qwen3-8b,ai,446
D15392.docx,batch03,abstract-ART001771650,P3b,qwen3-8b,ai,578
D15393.docx,batch03,abstract-ART001903735,P3b,qwen3-8b,ai,590
D15394.docx,batch03,abstract-ART001553574,P3b,qwen3-8b,ai,486
D15395.docx,batch03,abstract-ART000902760,P3b,qwen3-8b,ai,353
D15396.docx,batch03,abstract-ART000865969,P3b,qwen3-8b,ai,450
D15397.docx,batch03,abstract-ART000886183,P3b,qwen3-8b,ai,1088
D15398.docx,batch03,abstract-ART000897276,P3b,qwen3-8b,ai,298
D15399.docx,batch03,abstract-ART000881113,P3b,qwen3-8b,ai,604
D15400.docx,batch03,abstract-ART001705825,P3b,qwen3-8b,ai,554
D15401.docx,batch04,abstract-ART000864377,P3b,qwen3-8b,ai,460
D15402.docx,batch04,abstract-ART000889371,P3b,qwen3-8b,ai,496
D15403.docx,batch04,abstract-ART000854704,P3b,qwen3-8b,ai,941
D15404.docx,batch04,abstract-ART000863991,P3b,qwen3-8b,ai,371
D15405.docx,batch04,abstract-ART000861745,P3b,qwen3-8b,ai,461
D15406.docx,batch04,abstract-ART000880225,P3b,qwen3-8b,ai,350
D15407.docx,batch04,abstract-ART000904859,P3b,qwen3-8b,ai,883
D15408.docx,batch04,abstract-ART000895502,P3b,qwen3-8b,ai,754
D15409.docx,batch04,abstract-ART000858387,P3b,qwen3-8b,ai,713
D15410.docx,batch04,abstract-ART000903772,P3b,qwen3-8b,ai,547
D15411.docx,batch04,abstract-ART000905871,P3b,qwen3-8b,ai,717
D15412.docx,batch04,abstract-ART000889429,P3b,qwen3-8b,ai,543
D15413.docx,batch04,abstract-ART000888136,P3b,qwen3-8b,ai,698
D15414.docx,batch04,abstract-ART000867534,P3b,qwen3-8b,ai,433
D15415.docx,batch04,abstract-ART000894829,P3b,qwen3-8b,ai,394
D15416.docx,batch04,abstract-ART000872344,P3b,qwen3-8b,ai,992
D15417.docx,batch04,abstract-ART002473491,P3b,qwen3-8b,ai,586
D15418.docx,batch04,abstract-ART000868861,P3b,qwen3-8b,ai,1085
D15419.docx,batch04,abstract-ART001992207,P3b,qwen3-8b,ai,1034
D15420.docx,batch04,abstract-ART000880065,P3b,qwen3-8b,ai,354
D15421.docx,batch04,abstract-ART000874138,P3b,qwen3-8b,ai,370
D15422.docx,batch04,abstract-ART001914078,P3b,qwen3-8b,ai,568
D15423.docx,batch04,abstract-ART000852011,P3b,qwen3-8b,ai,554
D15424.docx,batch04,abstract-ART000905072,P3b,qwen3-8b,ai,406
D15425.docx,batch04,abstract-ART000863086,P3b,qwen3-8b,ai,429
D15426.docx,batch04,abstract-ART000867938,P3b,qwen3-8b,ai,1050
D15427.docx,batch04,abstract-ART000870153,P3b,qwen3-8b,ai,798
D15428.docx,batch04,abstract-ART000902212,P3b,qwen3-8b,ai,559
D15429.docx,batch04,abstract-ART000897797,P3b,qwen3-8b,ai,592
D15430.docx,batch04,abstract-ART002494893,P3b,qwen3-8b,ai,547
D15431.docx,batch04,abstract-ART000863296,P3b,qwen3-8b,ai,634
D15432.docx,batch04,abstract-ART000889461,P3b,qwen3-8b,ai,795
D15433.docx,batch04,abstract-ART000857849,P3b,qwen3-8b,ai,462
D15434.docx,batch04,abstract-ART000902734,P3b,qwen3-8b,ai,575
D15435.docx,batch04,abstract-ART000902535,P3b,qwen3-8b,ai,435
D15436.docx,batch04,abstract-ART000896627,P3b,qwen3-8b,ai,454
D15437.docx,batch04,abstract-ART000898987,P3b,qwen3-8b,ai,813
D15438.docx,batch04,abstract-ART002121426,P3b,qwen3-8b,ai,1077
D15439.docx,batch04,abstract-ART000891887,P3b,qwen3-8b,ai,360
D15440.docx,batch04,abstract-ART000863989,P3b,qwen3-8b,ai,456
D15441.docx,batch04,abstract-ART001844908,P3b,qwen3-8b,ai,578
D15442.docx,batch04,abstract-ART002057702,P3b,qwen3-8b,ai,409
D15443.docx,batch04,abstract-ART000873370,P3b,qwen3-8b,ai,695
D15444.docx,batch04,abstract-ART000865137,P3b,qwen3-8b,ai,416
D15445.docx,batch04,abstract-ART000898378,P3b,qwen3-8b,ai,682
D15446.docx,batch04,abstract-ART000883992,P3b,qwen3-8b,ai,1080
D15447.docx,batch04,abstract-ART000869978,P3b,qwen3-8b,ai,438
D15448.docx,batch04,abstract-ART000895466,P3b,qwen3-8b,ai,799
D15449.docx,batch04,abstract-ART000895406,P3b,qwen3-8b,ai,395
D15450.docx,batch04,abstract-ART000904769,P3b,qwen3-8b,ai,348
D15451.docx,batch04,abstract-ART000893844,P3b,qwen3-8b,ai,466
D15452.docx,batch04,abstract-ART000895373,P3b,qwen3-8b,ai,730
D15453.docx,batch04,abstract-ART000895553,P3b,qwen3-8b,ai,468
D15454.docx,batch04,abstract-ART000908103,P3b,qwen3-8b,ai,612
D15455.docx,batch04,abstract-ART001517044,P3b,qwen3-8b,ai,435
D15456.docx,batch04,abstract-ART000889454,P3b,qwen3-8b,ai,552
D15457.docx,batch04,abstract-ART000888502,P3b,qwen3-8b,ai,699
D15458.docx,batch04,abstract-ART000882835,P3b,qwen3-8b,ai,514
D15459.docx,batch04,abstract-ART000888506,P3b,qwen3-8b,ai,698
D15460.docx,batch04,abstract-ART002560775,P3b,qwen3-8b,ai,618
D15461.docx,batch04,abstract-ART000860364,P3b,qwen3-8b,ai,839
D15462.docx,batch04,abstract-ART000905159,P3b,qwen3-8b,ai,327
D15463.docx,batch04,abstract-ART001890517,P3b,qwen3-8b,ai,767
D15464.docx,batch04,abstract-ART000863362,P3b,qwen3-8b,ai,332
D15465.docx,batch04,abstract-ART000888928,P3b,qwen3-8b,ai,424
D15466.docx,batch04,abstract-ART000896372,P3b,qwen3-8b,ai,398
D15467.docx,batch04,abstract-ART000864019,P3b,qwen3-8b,ai,822
D15468.docx,batch04,abstract-ART000865181,P3b,qwen3-8b,ai,559
D15469.docx,batch04,abstract-ART001403732,P3b,qwen3-8b,ai,813
D15470.docx,batch04,abstract-ART002119397,P3b,qwen3-8b,ai,432
D15471.docx,batch04,abstract-ART000875848,P3b,qwen3-8b,ai,507
D15472.docx,batch04,abstract-ART000902822,P3b,qwen3-8b,ai,450
D15473.docx,batch04,abstract-ART000868206,P3b,qwen3-8b,ai,328
D15474.docx,batch04,abstract-ART000876959,P3b,qwen3-8b,ai,1053
D15475.docx,batch04,abstract-ART002560768,P3b,qwen3-8b,ai,532
D15476.docx,batch04,abstract-ART002487262,P3b,qwen3-8b,ai,649
D15477.docx,batch04,abstract-ART000900076,P3b,qwen3-8b,ai,486
D15478.docx,batch04,abstract-ART000854663,P3b,qwen3-8b,ai,430
D15479.docx,batch04,abstract-ART000867074,P3b,qwen3-8b,ai,387
D15480.docx,batch04,abstract-ART001795682,P3b,qwen3-8b,ai,724
D15481.docx,batch04,abstract-ART000862373,P3b,qwen3-8b,ai,486
D15482.docx,batch04,abstract-ART000866098,P3b,qwen3-8b,ai,477
D15483.docx,batch04,abstract-ART000900687,P3b,qwen3-8b,ai,298
D15484.docx,batch04,abstract-ART000875790,P3b,qwen3-8b,ai,409
D15485.docx,batch04,abstract-ART000899508,P3b,qwen3-8b,ai,847
D15486.docx,batch04,abstract-ART000904772,P3b,qwen3-8b,ai,663
D15487.docx,batch04,abstract-ART000861143,P3b,qwen3-8b,ai,917
D15488.docx,batch04,abstract-ART000904801,P3b,qwen3-8b,ai,428
D15489.docx,batch04,abstract-ART000889658,P3b,qwen3-8b,ai,615
D15490.docx,batch04,abstract-ART000901797,P3b,qwen3-8b,ai,646
D15491.docx,batch04,abstract-ART000903026,P3b,qwen3-8b,ai,421
D15492.docx,batch04,abstract-ART000906008,P3b,qwen3-8b,ai,738
D15493.docx,batch04,abstract-ART001744267,P3b,qwen3-8b,ai,752
D15494.docx,batch04,abstract-ART000901001,P3b,qwen3-8b,ai,402
D15495.docx,batch04,abstract-ART000905891,P3b,qwen3-8b,ai,462
D15496.docx,batch04,abstract-ART000862169,P3b,qwen3-8b,ai,317
D15497.docx,batch04,abstract-ART000888511,P3b,qwen3-8b,ai,689
D15498.docx,batch04,abstract-ART000902640,P3b,qwen3-8b,ai,268
D15499.docx,batch04,abstract-ART000883041,P3b,qwen3-8b,ai,441
D15500.docx,batch04,abstract-ART000876987,P3b,qwen3-8b,ai,313
D15501.docx,batch04,abstract-ART002525658,P3b,qwen3-8b,ai,478
D15502.docx,batch04,abstract-ART000875537,P3b,qwen3-8b,ai,547
D15503.docx,batch04,abstract-ART000896553,P3b,qwen3-8b,ai,430
D15504.docx,batch04,abstract-ART002525637,P3b,qwen3-8b,ai,493
D15505.docx,batch04,abstract-ART001633705,P3b,qwen3-8b,ai,605
D15506.docx,batch04,abstract-ART000902120,P3b,qwen3-8b,ai,648
D15507.docx,batch04,abstract-ART000869398,P3b,qwen3-8b,ai,1111
D15508.docx,batch04,abstract-ART000891964,P3b,qwen3-8b,ai,628
D15509.docx,batch04,abstract-ART002487267,P3b,qwen3-8b,ai,583
D15510.docx,batch04,abstract-ART000852033,P3b,qwen3-8b,ai,663
D15511.docx,batch04,abstract-ART000896082,P3b,qwen3-8b,ai,394
D15512.docx,batch04,abstract-ART000863070,P3b,qwen3-8b,ai,610
D15513.docx,batch04,abstract-ART000902585,P3b,qwen3-8b,ai,323
D15514.docx,batch04,abstract-ART002069634,P3b,qwen3-8b,ai,510
D15515.docx,batch04,abstract-ART000861402,P3b,qwen3-8b,ai,1029
D15516.docx,batch04,abstract-ART000889550,P3b,qwen3-8b,ai,530
D15517.docx,batch04,abstract-ART001800046,P3b,qwen3-8b,ai,751
D15518.docx,batch04,abstract-ART001836378,P3b,qwen3-8b,ai,471
D15519.docx,batch04,abstract-ART000905860,P3b,qwen3-8b,ai,772
D15520.docx,batch04,abstract-ART000861119,P3b,qwen3-8b,ai,839
D15521.docx,batch04,abstract-ART000887682,P3b,qwen3-8b,ai,310
D15522.docx,batch04,abstract-ART000903382,P3b,qwen3-8b,ai,364
D15523.docx,batch04,abstract-ART000901530,P3b,qwen3-8b,ai,302
D15524.docx,batch04,abstract-ART001802051,P3b,qwen3-8b,ai,491
D15525.docx,batch04,abstract-ART000856282,P3b,qwen3-8b,ai,421
D15526.docx,batch04,abstract-ART001789411,P3b,qwen3-8b,ai,913
D15527.docx,batch04,abstract-ART000892114,P3b,qwen3-8b,ai,458
D15528.docx,batch04,abstract-ART000884005,P3b,qwen3-8b,ai,393
D15529.docx,batch04,abstract-ART000880809,P3b,qwen3-8b,ai,591
D15530.docx,batch04,abstract-ART000885769,P3b,qwen3-8b,ai,673
D15531.docx,batch04,abstract-ART000891850,P3b,qwen3-8b,ai,334
D15532.docx,batch04,abstract-ART000898630,P3b,qwen3-8b,ai,372
D15533.docx,batch04,abstract-ART000854117,P3b,qwen3-8b,ai,513
D15534.docx,batch04,abstract-ART001942422,P3b,qwen3-8b,ai,617
D15535.docx,batch04,abstract-ART001578877,P3b,qwen3-8b,ai,355
D15536.docx,batch04,abstract-ART000888914,P3b,qwen3-8b,ai,331
D15537.docx,batch04,abstract-ART000905961,P3b,qwen3-8b,ai,549
D15538.docx,batch04,abstract-ART000902202,P3b,qwen3-8b,ai,408
D15539.docx,batch04,abstract-ART000861414,P3b,qwen3-8b,ai,362
D15540.docx,batch04,abstract-ART000896288,P3b,qwen3-8b,ai,353
D15541.docx,batch04,abstract-ART000882848,P3b,qwen3-8b,ai,604
D15542.docx,batch04,abstract-ART001975544,P3b,qwen3-8b,ai,1047
D15543.docx,batch04,abstract-ART002032638,P3b,qwen3-8b,ai,606
D15544.docx,batch04,abstract-ART002507048,P3b,qwen3-8b,ai,474
D15545.docx,batch04,abstract-ART000860360,P3b,qwen3-8b,ai,460
D15546.docx,batch04,abstract-ART002442175,P3b,qwen3-8b,ai,665
D15547.docx,batch04,abstract-ART000880303,P3b,qwen3-8b,ai,443
D15548.docx,batch04,abstract-ART000894096,P3b,qwen3-8b,ai,302
D15549.docx,batch04,abstract-ART000897402,P3b,qwen3-8b,ai,1038
D15550.docx,batch04,abstract-ART000871091,P3b,qwen3-8b,ai,706
D15551.docx,batch04,abstract-ART002467345,P3b,qwen3-8b,ai,654
D15552.docx,batch04,abstract-ART002152749,P3b,qwen3-8b,ai,953
D15553.docx,batch04,abstract-ART000893249,P3b,qwen3-8b,ai,560
D15554.docx,batch04,abstract-ART000861027,P3b,qwen3-8b,ai,877
D15555.docx,batch04,abstract-ART000860662,P3b,qwen3-8b,ai,1147
D15556.docx,batch04,abstract-ART000902360,P3b,qwen3-8b,ai,305
D15557.docx,batch04,abstract-ART000856313,P3b,qwen3-8b,ai,568
D15558.docx,batch04,abstract-ART002525627,P3b,qwen3-8b,ai,437
D15559.docx,batch04,abstract-ART000885205,P3b,qwen3-8b,ai,594
D15560.docx,batch04,abstract-ART000854165,P3b,qwen3-8b,ai,478
D15561.docx,batch04,abstract-ART000893672,P3b,qwen3-8b,ai,367
D15562.docx,batch04,abstract-ART001887038,P3b,qwen3-8b,ai,334
D15563.docx,batch04,abstract-ART000889090,P3b,qwen3-8b,ai,422
D15564.docx,batch04,abstract-ART000903711,P3b,qwen3-8b,ai,875
D15565.docx,batch04,abstract-ART002069262,P3b,qwen3-8b,ai,333
D15566.docx,batch04,abstract-ART000877320,P3b,qwen3-8b,ai,419
D15567.docx,batch04,abstract-ART000859747,P3b,qwen3-8b,ai,339
D15568.docx,batch04,abstract-ART000896375,P3b,qwen3-8b,ai,321
D15569.docx,batch04,abstract-ART000881110,P3b,qwen3-8b,ai,800
D15570.docx,batch04,abstract-ART000905673,P3b,qwen3-8b,ai,498
D15571.docx,batch04,abstract-ART000877590,P3b,qwen3-8b,ai,466
D15572.docx,batch04,abstract-ART000905889,P3b,qwen3-8b,ai,459
D15573.docx,batch04,abstract-ART000870157,P3b,qwen3-8b,ai,335
D15574.docx,batch04,abstract-ART000899889,P3b,qwen3-8b,ai,420
D15575.docx,batch04,abstract-ART000854867,P3b,qwen3-8b,ai,475
D15576.docx,batch04,abstract-ART000864389,P3b,qwen3-8b,ai,405
D15577.docx,batch04,abstract-ART000861698,P3b,qwen3-8b,ai,808
D15578.docx,batch04,abstract-ART000874286,P3b,qwen3-8b,ai,1021
D15579.docx,batch04,abstract-ART000854460,P3b,qwen3-8b,ai,653
D15580.docx,batch04,abstract-ART000885295,P3b,qwen3-8b,ai,840
D15581.docx,batch04,abstract-ART000877500,P3b,qwen3-8b,ai,582
D15582.docx,batch04,abstract-ART000896180,P3b,qwen3-8b,ai,618
D15583.docx,batch04,abstract-ART000854166,P3b,qwen3-8b,ai,752
D15584.docx,batch04,abstract-ART000896637,P3b,qwen3-8b,ai,325
D15585.docx,batch04,abstract-ART000881760,P3b,qwen3-8b,ai,351
D15586.docx,batch04,abstract-ART000860996,P3b,qwen3-8b,ai,665
D15587.docx,batch04,abstract-ART000858593,P3b,qwen3-8b,ai,592
D15588.docx,batch04,abstract-ART000891873,P3b,qwen3-8b,ai,377
D15589.docx,batch04,abstract-ART002542190,P3b,qwen3-8b,ai,388
D15590.docx,batch04,abstract-ART000857823,P3b,qwen3-8b,ai,413
D15591.docx,batch04,abstract-ART000880141,P3b,qwen3-8b,ai,566
D15592.docx,batch04,abstract-ART000863305,P3b,qwen3-8b,ai,784
D15593.docx,batch04,abstract-ART000861160,P3b,qwen3-8b,ai,664
D15594.docx,batch04,abstract-ART000903649,P3b,qwen3-8b,ai,392
D15595.docx,batch04,abstract-ART000857728,P3b,qwen3-8b,ai,461
D15596.docx,batch04,abstract-ART000905870,P3b,qwen3-8b,ai,369
D15597.docx,batch04,abstract-ART000898041,P3b,qwen3-8b,ai,760
D15598.docx,batch04,abstract-ART000867337,P3b,qwen3-8b,ai,652
D15599.docx,batch04,abstract-ART000869523,P3b,qwen3-8b,ai,553
D15600.docx,batch04,abstract-ART000869056,P3b,qwen3-8b,ai,649
D15601.docx,batch04,abstract-ART000875143,P3b,qwen3-8b,ai,575
D15602.docx,batch04,abstract-ART000893682,P3b,qwen3-8b,ai,345
D15603.docx,batch04,abstract-ART000864968,P3b,qwen3-8b,ai,522
D15604.docx,batch04,abstract-ART000876971,P3b,qwen3-8b,ai,439
D15605.docx,batch04,abstract-ART000892911,P3b,qwen3-8b,ai,1167
D15606.docx,batch04,abstract-ART000896373,P3b,qwen3-8b,ai,519
D15607.docx,batch04,abstract-ART000901259,P3b,qwen3-8b,ai,1030
D15608.docx,batch04,abstract-ART000885418,P3b,qwen3-8b,ai,476
D15609.docx,batch04,abstract-ART000862247,P3b,qwen3-8b,ai,374
D15610.docx,batch04,abstract-ART000874056,P3b,qwen3-8b,ai,551
D15611.docx,batch04,abstract-ART000872945,P3b,qwen3-8b,ai,451
D15612.docx,batch04,abstract-ART000854652,P3b,qwen3-8b,ai,580
D15613.docx,batch04,abstract-ART000875540,P3b,qwen3-8b,ai,291
D15614.docx,batch04,abstract-ART000888521,P3b,qwen3-8b,ai,664
D15615.docx,batch04,abstract-ART000864621,P3b,qwen3-8b,ai,645
D15616.docx,batch04,abstract-ART000887617,P3b,qwen3-8b,ai,654
D15617.docx,batch04,abstract-ART000902733,P3b,qwen3-8b,ai,597
D15618.docx,batch04,abstract-ART000883491,P3b,qwen3-8b,ai,631
D15619.docx,batch04,abstract-ART000858801,P3b,qwen3-8b,ai,763
D15620.docx,batch04,abstract-ART000880058,P3b,qwen3-8b,ai,577
D15621.docx,batch04,abstract-ART000879156,P3b,qwen3-8b,ai,493
D15622.docx,batch04,abstract-ART001517613,P3b,qwen3-8b,ai,798
D15623.docx,batch04,abstract-ART000898991,P3b,qwen3-8b,ai,519
D15624.docx,batch04,abstract-ART000875658,P3b,qwen3-8b,ai,750
D15625.docx,batch04,abstract-ART000895895,P3b,qwen3-8b,ai,737
D15626.docx,batch04,abstract-ART000897846,P3b,qwen3-8b,ai,644
D15627.docx,batch04,abstract-ART000865242,P3b,qwen3-8b,ai,734
D15628.docx,batch04,abstract-ART000904695,P3b,qwen3-8b,ai,770
D15629.docx,batch04,abstract-ART000858405,P3b,qwen3-8b,ai,1058
D15630.docx,batch04,abstract-ART000869882,P3b,qwen3-8b,ai,526
D15631.docx,batch04,abstract-ART001834316,P3b,qwen3-8b,ai,420
D15632.docx,batch04,abstract-ART000893198,P3b,qwen3-8b,ai,372
D15633.docx,batch04,abstract-ART000896629,P3b,qwen3-8b,ai,403
D15634.docx,batch04,abstract-ART000869556,P3b,qwen3-8b,ai,839
D15635.docx,batch04,abstract-ART002136975,P3b,qwen3-8b,ai,626
D15636.docx,batch04,abstract-ART001985850,P3b,qwen3-8b,ai,741
D15637.docx,batch04,abstract-ART000852676,P3b,qwen3-8b,ai,404
D15638.docx,batch04,abstract-ART000889258,P3b,qwen3-8b,ai,363
D15639.docx,batch04,abstract-ART001496406,P3b,qwen3-8b,ai,382
D15640.docx,batch04,abstract-ART000892475,P3b,qwen3-8b,ai,614
D15641.docx,batch04,abstract-ART000861226,P3b,qwen3-8b,ai,514
D15642.docx,batch04,abstract-ART000875668,P3b,qwen3-8b,ai,417
D15643.docx,batch04,abstract-ART000906038,P3b,qwen3-8b,ai,652
D15644.docx,batch04,abstract-ART000901857,P3b,qwen3-8b,ai,556
D15645.docx,batch04,abstract-ART002442859,P3b,qwen3-8b,ai,502
D15646.docx,batch04,abstract-ART002453119,P3b,qwen3-8b,ai,500
D15647.docx,batch04,abstract-ART000852337,P3b,qwen3-8b,ai,937
D15648.docx,batch04,abstract-ART000868125,P3b,qwen3-8b,ai,437
D15649.docx,batch04,abstract-ART000889271,P3b,qwen3-8b,ai,586
D15650.docx,batch04,abstract-ART000903062,P3b,qwen3-8b,ai,423
D15651.docx,batch04,abstract-ART000867028,P3b,qwen3-8b,ai,1072
D15652.docx,batch04,abstract-ART002066360,P3b,qwen3-8b,ai,432
D15653.docx,batch04,abstract-ART000874471,P3b,qwen3-8b,ai,692
D15654.docx,batch04,abstract-ART000858050,P3b,qwen3-8b,ai,509
D15655.docx,batch04,abstract-ART000879693,P3b,qwen3-8b,ai,451
D15656.docx,batch04,abstract-ART000896859,P3b,qwen3-8b,ai,483
D15657.docx,batch04,abstract-ART000852071,P3b,qwen3-8b,ai,490
D15658.docx,batch04,abstract-ART000858395,P3b,qwen3-8b,ai,482
D15659.docx,batch04,abstract-ART000862249,P3b,qwen3-8b,ai,394
D15660.docx,batch04,abstract-ART000905568,P3b,qwen3-8b,ai,295
D15661.docx,batch04,abstract-ART000869386,P3b,qwen3-8b,ai,425
D15662.docx,batch04,abstract-ART001584830,P3b,qwen3-8b,ai,687
D15663.docx,batch04,abstract-ART000903579,P3b,qwen3-8b,ai,486
D15664.docx,batch04,abstract-ART000861074,P3b,qwen3-8b,ai,477
D15665.docx,batch04,abstract-ART000876882,P3b,qwen3-8b,ai,724
D15666.docx,batch04,abstract-ART000889449,P3b,qwen3-8b,ai,771
D15667.docx,batch04,abstract-ART000902769,P3b,qwen3-8b,ai,616
D15668.docx,batch04,abstract-ART000904849,P3b,qwen3-8b,ai,367
D15669.docx,batch04,abstract-ART000892970,P3b,qwen3-8b,ai,382
D15670.docx,batch04,abstract-ART000856071,P3b,qwen3-8b,ai,340
D15671.docx,batch04,abstract-ART000904781,P3b,qwen3-8b,ai,567
D15672.docx,batch04,abstract-ART000862250,P3b,qwen3-8b,ai,493
D15673.docx,batch04,abstract-ART002348996,P3b,qwen3-8b,ai,553
D15674.docx,batch04,abstract-ART001424864,P3b,qwen3-8b,ai,698
D15675.docx,batch04,abstract-ART000865980,P3b,qwen3-8b,ai,425
D15676.docx,batch04,abstract-ART000906519,P3b,qwen3-8b,ai,711
D15677.docx,batch04,abstract-ART002542198,P3b,qwen3-8b,ai,557
D15678.docx,batch04,abstract-ART000906338,P3b,qwen3-8b,ai,411
D15679.docx,batch04,abstract-ART000862582,P3b,qwen3-8b,ai,476
D15680.docx,batch04,abstract-ART000884541,P3b,qwen3-8b,ai,905
D15681.docx,batch04,abstract-ART000874615,P3b,qwen3-8b,ai,596
D15682.docx,batch04,abstract-ART000858487,P3b,qwen3-8b,ai,480
D15683.docx,batch04,abstract-ART002378771,P3b,qwen3-8b,ai,625
D15684.docx,batch04,abstract-ART000874052,P3b,qwen3-8b,ai,586
D15685.docx,batch04,abstract-ART000880210,P3b,qwen3-8b,ai,408
D15686.docx,batch04,abstract-ART000892968,P3b,qwen3-8b,ai,269
D15687.docx,batch04,abstract-ART000854167,P3b,qwen3-8b,ai,431
D15688.docx,batch04,abstract-ART000858307,P3b,qwen3-8b,ai,686
D15689.docx,batch04,abstract-ART000901531,P3b,qwen3-8b,ai,671
D15690.docx,batch04,abstract-ART000880451,P3b,qwen3-8b,ai,454
D15691.docx,batch04,abstract-ART000907094,P3b,qwen3-8b,ai,826
D15692.docx,batch04,abstract-ART000903359,P3b,qwen3-8b,ai,421
D15693.docx,batch04,abstract-ART000851501,P3b,qwen3-8b,ai,513
D15694.docx,batch04,abstract-ART000892629,P3b,qwen3-8b,ai,515
D15695.docx,batch04,abstract-ART000850843,P3b,qwen3-8b,ai,710
D15696.docx,batch04,abstract-ART000857928,P3b,qwen3-8b,ai,566
D15697.docx,batch04,abstract-ART000901612,P3b,qwen3-8b,ai,823
D15698.docx,batch04,abstract-ART001621049,P3b,qwen3-8b,ai,508
D15699.docx,batch04,abstract-ART000881976,P3b,qwen3-8b,ai,572
D15700.docx,batch04,abstract-ART000860261,P3b,qwen3-8b,ai,545
D15701.docx,batch04,abstract-ART001439963,P3b,qwen3-8b,ai,613
D15702.docx,batch04,abstract-ART000871656,P3b,qwen3-8b,ai,463
D15703.docx,batch04,abstract-ART002428091,P3b,qwen3-8b,ai,900
D15704.docx,batch04,abstract-ART000857590,P3b,qwen3-8b,ai,487
D15705.docx,batch04,abstract-ART000888875,P3b,qwen3-8b,ai,810
D15706.docx,batch04,abstract-ART000869156,P3b,qwen3-8b,ai,404
D15707.docx,batch04,abstract-ART000858821,P3b,qwen3-8b,ai,755
D15708.docx,batch04,abstract-ART000867858,P3b,qwen3-8b,ai,1045
D15709.docx,batch04,abstract-ART000906567,P3b,qwen3-8b,ai,879
D15710.docx,batch04,abstract-ART000893691,P3b,qwen3-8b,ai,852
D15711.docx,batch04,abstract-ART000904687,P3b,qwen3-8b,ai,482
D15712.docx,batch04,abstract-ART000874899,P3b,qwen3-8b,ai,1146
D15713.docx,batch04,abstract-ART000875860,P3b,qwen3-8b,ai,327
D15714.docx,batch04,abstract-ART000871196,P3b,qwen3-8b,ai,722
D15715.docx,batch04,abstract-ART000875027,P3b,qwen3-8b,ai,410
D15716.docx,batch04,abstract-ART000900257,P3b,qwen3-8b,ai,401
D15717.docx,batch04,abstract-ART000873862,P3b,qwen3-8b,ai,541
D15718.docx,batch04,abstract-ART000905940,P3b,qwen3-8b,ai,589
D15719.docx,batch04,abstract-ART002407492,P3b,qwen3-8b,ai,606
D15720.docx,batch04,abstract-ART000898632,P3b,qwen3-8b,ai,428
D15721.docx,batch04,abstract-ART000884235,P3b,qwen3-8b,ai,763
D15722.docx,batch04,abstract-ART000854712,P3b,qwen3-8b,ai,552
D15723.docx,batch04,abstract-ART001391229,P3b,qwen3-8b,ai,732
D15724.docx,batch04,abstract-ART000868186,P3b,qwen3-8b,ai,583
D15725.docx,batch04,abstract-ART000876634,P3b,qwen3-8b,ai,579
D15726.docx,batch04,abstract-ART000893066,P3b,qwen3-8b,ai,495
D15727.docx,batch04,abstract-ART000889396,P3b,qwen3-8b,ai,613
D15728.docx,batch04,abstract-ART000900522,P3b,qwen3-8b,ai,515
D15729.docx,batch04,abstract-ART000874473,P3b,qwen3-8b,ai,317
D15730.docx,batch04,abstract-ART000888291,P3b,qwen3-8b,ai,480
D15731.docx,batch04,abstract-ART000864891,P3b,qwen3-8b,ai,632
D15732.docx,batch04,abstract-ART001915148,P3b,qwen3-8b,ai,682
D15733.docx,batch04,abstract-ART000880224,P3b,qwen3-8b,ai,514
D15734.docx,batch04,abstract-ART000877503,P3b,qwen3-8b,ai,432
D15735.docx,batch04,abstract-ART002027701,P3b,qwen3-8b,ai,849
D15736.docx,batch04,abstract-ART000856548,P3b,qwen3-8b,ai,789
D15737.docx,batch04,abstract-ART000860952,P3b,qwen3-8b,ai,795
D15738.docx,batch04,abstract-ART000873859,P3b,qwen3-8b,ai,799
D15739.docx,batch04,abstract-ART001930177,P3b,qwen3-8b,ai,447
D15740.docx,batch04,abstract-ART001863095,P3b,qwen3-8b,ai,547
D15741.docx,batch04,abstract-ART000864021,P3b,qwen3-8b,ai,689
D15742.docx,batch04,abstract-ART000893195,P3b,qwen3-8b,ai,384
D15743.docx,batch04,abstract-ART000903059,P3b,qwen3-8b,ai,500
D15744.docx,batch04,abstract-ART000875745,P3b,qwen3-8b,ai,887
D15745.docx,batch04,abstract-ART000900156,P3b,qwen3-8b,ai,542
D15746.docx,batch04,abstract-ART000892687,P3b,qwen3-8b,ai,445
D15747.docx,batch04,abstract-ART000900756,P3b,qwen3-8b,ai,356
D15748.docx,batch04,abstract-ART000884856,P3b,qwen3-8b,ai,568
D15749.docx,batch04,abstract-ART000856301,P3b,qwen3-8b,ai,421
D15750.docx,batch04,abstract-ART000857857,P3b,qwen3-8b,ai,727
D15751.docx,batch04,abstract-ART000859037,P3b,qwen3-8b,ai,402
D15752.docx,batch04,abstract-ART000892090,P3b,qwen3-8b,ai,777
D15753.docx,batch04,abstract-ART000869542,P3b,qwen3-8b,ai,816
D15754.docx,batch04,abstract-ART002049085,P3b,qwen3-8b,ai,613
D15755.docx,batch04,abstract-ART000869335,P3b,qwen3-8b,ai,551
D15756.docx,batch04,abstract-ART000896322,P3b,qwen3-8b,ai,411
D15757.docx,batch04,abstract-ART000868251,P3b,qwen3-8b,ai,308
D15758.docx,batch04,abstract-ART000877426,P3b,qwen3-8b,ai,342
D15759.docx,batch04,abstract-ART000860303,P3b,qwen3-8b,ai,399
D15760.docx,batch04,abstract-ART000852131,P3b,qwen3-8b,ai,601
D15761.docx,batch04,abstract-ART000881225,P3b,qwen3-8b,ai,930
D15762.docx,batch04,abstract-ART002541352,P3b,qwen3-8b,ai,587
D15763.docx,batch04,abstract-ART000864673,P3b,qwen3-8b,ai,582
D15764.docx,batch04,abstract-ART002541327,P3b,qwen3-8b,ai,493
D15765.docx,batch04,abstract-ART000880222,P3b,qwen3-8b,ai,709
D15766.docx,batch04,abstract-ART000875779,P3b,qwen3-8b,ai,410
D15767.docx,batch04,abstract-ART001707587,P3b,qwen3-8b,ai,438
D15768.docx,batch04,abstract-ART000853094,P3b,qwen3-8b,ai,446
D15769.docx,batch04,abstract-ART000854714,P3b,qwen3-8b,ai,1088
D15770.docx,batch04,abstract-ART000897060,P3b,qwen3-8b,ai,437
D15771.docx,batch04,abstract-ART000852015,P3b,qwen3-8b,ai,650
D15772.docx,batch04,abstract-ART000867649,P3b,qwen3-8b,ai,400
D15773.docx,batch04,abstract-ART000889177,P3b,qwen3-8b,ai,372
D15774.docx,batch04,abstract-ART000905934,P3b,qwen3-8b,ai,404
D15775.docx,batch04,abstract-ART000888740,P3b,qwen3-8b,ai,436
D15776.docx,batch04,abstract-ART000892587,P3b,qwen3-8b,ai,593
D15777.docx,batch04,abstract-ART000858479,P3b,qwen3-8b,ai,380
D15778.docx,batch04,abstract-ART000876692,P3b,qwen3-8b,ai,396
D15779.docx,batch04,abstract-ART002349028,P3b,qwen3-8b,ai,404
D15780.docx,batch04,abstract-ART000873021,P3b,qwen3-8b,ai,403
D15781.docx,batch04,abstract-ART000862092,P3b,qwen3-8b,ai,455
D15782.docx,batch04,abstract-ART000888235,P3b,qwen3-8b,ai,821
D15783.docx,batch04,abstract-ART000875013,P3b,qwen3-8b,ai,630
D15784.docx,batch04,abstract-ART000872337,P3b,qwen3-8b,ai,512
D15785.docx,batch04,abstract-ART000871837,P3b,qwen3-8b,ai,874
D15786.docx,batch04,abstract-ART000869476,P3b,qwen3-8b,ai,860
D15787.docx,batch04,abstract-ART001569170,P3b,qwen3-8b,ai,330
D15788.docx,batch04,abstract-ART000858659,P3b,qwen3-8b,ai,471
D15789.docx,batch04,abstract-ART002350186,P3b,qwen3-8b,ai,595
D15790.docx,batch04,abstract-ART002559527,P3b,qwen3-8b,ai,608
D15791.docx,batch04,abstract-ART000867136,P3b,qwen3-8b,ai,662
D15792.docx,batch04,abstract-ART000887639,P3b,qwen3-8b,ai,570
D15793.docx,batch04,abstract-ART000889099,P3b,qwen3-8b,ai,456
D15794.docx,batch04,abstract-ART000874538,P3b,qwen3-8b,ai,836
D15795.docx,batch04,abstract-ART000906539,P3b,qwen3-8b,ai,611
D15796.docx,batch04,abstract-ART001821355,P3b,qwen3-8b,ai,585
D15797.docx,batch04,abstract-ART000900294,P3b,qwen3-8b,ai,840
D15798.docx,batch04,abstract-ART000868104,P3b,qwen3-8b,ai,392
D15799.docx,batch04,abstract-ART002469048,P3b,qwen3-8b,ai,636
D15800.docx,batch04,abstract-ART000854205,P3b,qwen3-8b,ai,679
D15801.docx,batch04,abstract-ART000907445,P3b,qwen3-8b,ai,524
D15802.docx,batch04,abstract-ART000895594,P3b,qwen3-8b,ai,361
D15803.docx,batch04,abstract-ART000876268,P3b,qwen3-8b,ai,1068
D15804.docx,batch04,abstract-ART002442858,P3b,qwen3-8b,ai,632
D15805.docx,batch04,abstract-ART000874248,P3b,qwen3-8b,ai,429
D15806.docx,batch04,abstract-ART000858261,P3b,qwen3-8b,ai,743
D15807.docx,batch04,abstract-ART000897032,P3b,qwen3-8b,ai,613
D15808.docx,batch04,abstract-ART001509747,P3b,qwen3-8b,ai,614
D15809.docx,batch04,abstract-ART000908071,P3b,qwen3-8b,ai,570
D15810.docx,batch04,abstract-ART000876580,P3b,qwen3-8b,ai,790
D15811.docx,batch04,abstract-ART000864543,P3b,qwen3-8b,ai,579
D15812.docx,batch04,abstract-ART002507627,P3b,qwen3-8b,ai,589
D15813.docx,batch04,abstract-ART000863292,P3b,qwen3-8b,ai,364
D15814.docx,batch04,abstract-ART000875925,P3b,qwen3-8b,ai,704
D15815.docx,batch04,abstract-ART001673563,P3b,qwen3-8b,ai,977
D15816.docx,batch04,abstract-ART001403571,P3b,qwen3-8b,ai,529
D15817.docx,batch04,abstract-ART000875751,P3b,qwen3-8b,ai,341
D15818.docx,batch04,abstract-ART000857916,P3b,qwen3-8b,ai,443
D15819.docx,batch04,abstract-ART002516760,P3b,qwen3-8b,ai,634
D15820.docx,batch04,abstract-ART001955660,P3b,qwen3-8b,ai,454
D15821.docx,batch04,abstract-ART000897116,P3b,qwen3-8b,ai,389
D15822.docx,batch04,abstract-ART000899839,P3b,qwen3-8b,ai,1089
D15823.docx,batch04,abstract-ART000892845,P3b,qwen3-8b,ai,713
D15824.docx,batch04,abstract-ART000875865,P3b,qwen3-8b,ai,423
D15825.docx,batch04,abstract-ART000902260,P3b,qwen3-8b,ai,420
D15826.docx,batch04,abstract-ART000861419,P3b,qwen3-8b,ai,1037
D15827.docx,batch04,abstract-ART001569168,P3b,qwen3-8b,ai,575
D15828.docx,batch04,abstract-ART002583088,P3b,qwen3-8b,ai,687
D15829.docx,batch04,abstract-ART000861227,P3b,qwen3-8b,ai,722
D15830.docx,batch04,abstract-ART000872672,P3b,qwen3-8b,ai,944
D15831.docx,batch04,abstract-ART001863100,P3b,qwen3-8b,ai,415
D15832.docx,batch04,abstract-ART002442168,P3b,qwen3-8b,ai,810
D15833.docx,batch04,abstract-ART000905863,P3b,qwen3-8b,ai,346
D15834.docx,batch04,abstract-ART000861904,P3b,qwen3-8b,ai,542
D15835.docx,batch04,abstract-ART000897955,P3b,qwen3-8b,ai,599
D15836.docx,batch04,abstract-ART000900178,P3b,qwen3-8b,ai,423
D15837.docx,batch04,abstract-ART002516341,P3b,qwen3-8b,ai,602
D15838.docx,batch04,abstract-ART000906137,P3b,qwen3-8b,ai,339
D15839.docx,batch04,abstract-ART000894153,P3b,qwen3-8b,ai,341
D15840.docx,batch04,abstract-ART000858494,P3b,qwen3-8b,ai,507
D15841.docx,batch04,abstract-ART000891953,P3b,qwen3-8b,ai,950
D15842.docx,batch04,abstract-ART000888294,P3b,qwen3-8b,ai,526
D15843.docx,batch04,abstract-ART000892914,P3b,qwen3-8b,ai,441
D15844.docx,batch04,abstract-ART000897564,P3b,qwen3-8b,ai,646
D15845.docx,batch04,abstract-ART000863267,P3b,qwen3-8b,ai,406
D15846.docx,batch04,abstract-ART000855979,P3b,qwen3-8b,ai,864
D15847.docx,batch04,abstract-ART000863129,P3b,qwen3-8b,ai,350
D15848.docx,batch04,abstract-ART000883994,P3b,qwen3-8b,ai,328
D15849.docx,batch04,abstract-ART000868259,P3b,qwen3-8b,ai,417
D15850.docx,batch04,abstract-ART000901456,P3b,qwen3-8b,ai,712
D15851.docx,batch04,abstract-ART000880721,P3b,qwen3-8b,ai,370
D15852.docx,batch04,abstract-ART000856023,P3b,qwen3-8b,ai,701
D15853.docx,batch04,abstract-ART000869336,P3b,qwen3-8b,ai,515
D15854.docx,batch04,abstract-ART000882997,P3b,qwen3-8b,ai,544
D15855.docx,batch04,abstract-ART000903278,P3b,qwen3-8b,ai,303
D15856.docx,batch04,abstract-ART002003434,P3b,qwen3-8b,ai,441
D15857.docx,batch04,abstract-ART000873515,P3b,qwen3-8b,ai,748
D15858.docx,batch04,abstract-ART000869325,P3b,qwen3-8b,ai,866
D15859.docx,batch04,abstract-ART000863211,P3b,qwen3-8b,ai,684
D15860.docx,batch04,abstract-ART000898437,P3b,qwen3-8b,ai,861
D15861.docx,batch04,abstract-ART000863456,P3b,qwen3-8b,ai,398
D15862.docx,batch04,abstract-ART000898316,P3b,qwen3-8b,ai,1044
D15863.docx,batch04,abstract-ART000876988,P3b,qwen3-8b,ai,361
D15864.docx,batch04,abstract-ART000872128,P3b,qwen3-8b,ai,473
D15865.docx,batch04,abstract-ART002117994,P3b,qwen3-8b,ai,471
D15866.docx,batch04,abstract-ART000896584,P3b,qwen3-8b,ai,426
D15867.docx,batch04,abstract-ART000877504,P3b,qwen3-8b,ai,631
D15868.docx,batch04,abstract-ART000852463,P3b,qwen3-8b,ai,414
D15869.docx,batch04,abstract-ART000861075,P3b,qwen3-8b,ai,534
D15870.docx,batch04,abstract-ART000891844,P3b,qwen3-8b,ai,412
D15871.docx,batch04,abstract-ART000856091,P3b,qwen3-8b,ai,330
D15872.docx,batch04,abstract-ART000904953,P3b,qwen3-8b,ai,430
D15873.docx,batch04,abstract-ART000898653,P3b,qwen3-8b,ai,300
D15874.docx,batch04,abstract-ART000864738,P3b,qwen3-8b,ai,484
D15875.docx,batch04,abstract-ART000854653,P3b,qwen3-8b,ai,455
D15876.docx,batch04,abstract-ART000905074,P3b,qwen3-8b,ai,317
D15877.docx,batch04,abstract-ART000892733,P3b,qwen3-8b,ai,290
D15878.docx,batch04,abstract-ART000871717,P3b,qwen3-8b,ai,602
D15879.docx,batch04,abstract-ART000864294,P3b,qwen3-8b,ai,860
D15880.docx,batch04,abstract-ART000873519,P3b,qwen3-8b,ai,455
D15881.docx,batch04,abstract-ART000906140,P3b,qwen3-8b,ai,547
D15882.docx,batch04,abstract-ART000858317,P3b,qwen3-8b,ai,719
D15883.docx,batch04,abstract-ART000881937,P3b,qwen3-8b,ai,1044
D15884.docx,batch04,abstract-ART000893205,P3b,qwen3-8b,ai,631
D15885.docx,batch04,abstract-ART000863066,P3b,qwen3-8b,ai,597
D15886.docx,batch04,abstract-ART000902211,P3b,qwen3-8b,ai,686
D15887.docx,batch04,abstract-ART000895624,P3b,qwen3-8b,ai,589
D15888.docx,batch04,abstract-ART000875312,P3b,qwen3-8b,ai,413
D15889.docx,batch04,abstract-ART000863119,P3b,qwen3-8b,ai,410
D15890.docx,batch04,abstract-ART000860455,P3b,qwen3-8b,ai,513
D15891.docx,batch04,abstract-ART000869472,P3b,qwen3-8b,ai,999
D15892.docx,batch04,abstract-ART002032683,P3b,qwen3-8b,ai,899
D15893.docx,batch04,abstract-ART000852074,P3b,qwen3-8b,ai,651
D15894.docx,batch04,abstract-ART000867659,P3b,qwen3-8b,ai,484
D15895.docx,batch04,abstract-ART001914100,P3b,qwen3-8b,ai,689
D15896.docx,batch04,abstract-ART000888872,P3b,qwen3-8b,ai,858
D15897.docx,batch04,abstract-ART000891631,P3b,qwen3-8b,ai,681
D15898.docx,batch04,abstract-ART000889466,P3b,qwen3-8b,ai,564
D15899.docx,batch04,abstract-ART000902162,P3b,qwen3-8b,ai,527
D15900.docx,batch04,abstract-ART000888499,P3b,qwen3-8b,ai,502
D15901.docx,batch04,abstract-ART000864448,P3b,qwen3-8b,ai,792
D15902.docx,batch04,abstract-ART001890493,P3b,qwen3-8b,ai,423
D15903.docx,batch04,abstract-ART000875318,P3b,qwen3-8b,ai,325
D15904.docx,batch04,abstract-ART000901858,P3b,qwen3-8b,ai,386
D15905.docx,batch04,abstract-ART002474301,P3b,qwen3-8b,ai,387
D15906.docx,batch04,abstract-ART000861840,P3b,qwen3-8b,ai,527
D15907.docx,batch04,abstract-ART001666388,P3b,qwen3-8b,ai,703
D15908.docx,batch04,abstract-ART000868789,P3b,qwen3-8b,ai,623
D15909.docx,batch04,abstract-ART000872747,P3b,qwen3-8b,ai,489
D15910.docx,batch04,abstract-ART000906320,P3b,qwen3-8b,ai,614
D15911.docx,batch04,abstract-ART001782117,P3b,qwen3-8b,ai,466
D15912.docx,batch04,abstract-ART002502687,P3b,qwen3-8b,ai,419
D15913.docx,batch04,abstract-ART000859294,P3b,qwen3-8b,ai,363
D15914.docx,batch04,abstract-ART001474381,P3b,qwen3-8b,ai,588
D15915.docx,batch04,abstract-ART000875757,P3b,qwen3-8b,ai,366
D15916.docx,batch04,abstract-ART000903133,P3b,qwen3-8b,ai,584
D15917.docx,batch04,abstract-ART002063579,P3b,qwen3-8b,ai,655
D15918.docx,batch04,abstract-ART000903177,P3b,qwen3-8b,ai,385
D15919.docx,batch04,abstract-ART000869481,P3b,qwen3-8b,ai,653
D15920.docx,batch04,abstract-ART000888876,P3b,qwen3-8b,ai,887
D15921.docx,batch04,abstract-ART000880947,P3b,qwen3-8b,ai,459
D15922.docx,batch04,abstract-ART000861124,P3b,qwen3-8b,ai,650
D15923.docx,batch04,abstract-ART000906315,P3b,qwen3-8b,ai,428
D15924.docx,batch04,abstract-ART002467349,P3b,qwen3-8b,ai,737
D15925.docx,batch04,abstract-ART000862072,P3b,qwen3-8b,ai,396
D15926.docx,batch04,abstract-ART000903384,P3b,qwen3-8b,ai,691
D15927.docx,batch04,abstract-ART000863303,P3b,qwen3-8b,ai,564
D15928.docx,batch04,abstract-ART000900143,P3b,qwen3-8b,ai,367
D15929.docx,batch04,abstract-ART000852587,P3b,qwen3-8b,ai,480
D15930.docx,batch04,abstract-ART000882839,P3b,qwen3-8b,ai,367
D15931.docx,batch04,abstract-ART000864370,P3b,qwen3-8b,ai,452
D15932.docx,batch04,abstract-ART000893762,P3b,qwen3-8b,ai,453
D15933.docx,batch04,abstract-ART000868164,P3b,qwen3-8b,ai,558
D15934.docx,batch04,abstract-ART000886005,P3b,qwen3-8b,ai,1122
D15935.docx,batch04,abstract-ART000900749,P3b,qwen3-8b,ai,361
D15936.docx,batch04,abstract-ART001960202,P3b,qwen3-8b,ai,907
D15937.docx,batch04,abstract-ART000902480,P3b,qwen3-8b,ai,525
D15938.docx,batch04,abstract-ART000904488,P3b,qwen3-8b,ai,852
D15939.docx,batch04,abstract-ART000893692,P3b,qwen3-8b,ai,588
D15940.docx,batch04,abstract-ART000868526,P3b,qwen3-8b,ai,637
D15941.docx,batch04,abstract-ART000854112,P3b,qwen3-8b,ai,1072
D15942.docx,batch04,abstract-ART000887674,P3b,qwen3-8b,ai,1007
D15943.docx,batch04,abstract-ART000881397,P3b,qwen3-8b,ai,614
D15944.docx,batch04,abstract-ART001461108,P3b,qwen3-8b,ai,789
D15945.docx,batch04,abstract-ART000881117,P3b,qwen3-8b,ai,409
D15946.docx,batch04,abstract-ART002066359,P3b,qwen3-8b,ai,469
D15947.docx,batch04,abstract-ART000888299,P3b,qwen3-8b,ai,521
D15948.docx,batch04,abstract-ART001975278,P3b,qwen3-8b,ai,761
D15949.docx,batch04,abstract-ART000871801,P3b,qwen3-8b,ai,557
D15950.docx,batch04,abstract-ART000884109,P3b,qwen3-8b,ai,801
D15951.docx,batch04,abstract-ART001716268,P3b,qwen3-8b,ai,635
D15952.docx,batch04,abstract-ART002002357,P3b,qwen3-8b,ai,715
D15953.docx,batch04,abstract-ART000905681,P3b,qwen3-8b,ai,470
D15954.docx,batch04,abstract-ART000869886,P3b,qwen3-8b,ai,328
D15955.docx,batch04,abstract-ART000900975,P3b,qwen3-8b,ai,392
D15956.docx,batch04,abstract-ART000873545,P3b,qwen3-8b,ai,936
D15957.docx,batch04,abstract-ART000906226,P3b,qwen3-8b,ai,552
D15958.docx,batch04,abstract-ART001403619,P3b,qwen3-8b,ai,487
D15959.docx,batch04,abstract-ART001473441,P3b,qwen3-8b,ai,507
D15960.docx,batch04,abstract-ART000857992,P3b,qwen3-8b,ai,567
D15961.docx,batch04,abstract-ART000881231,P3b,qwen3-8b,ai,557
D15962.docx,batch04,abstract-ART000864311,P3b,qwen3-8b,ai,593
D15963.docx,batch04,abstract-ART000861029,P3b,qwen3-8b,ai,505
D15964.docx,batch04,abstract-ART000864665,P3b,qwen3-8b,ai,312
D15965.docx,batch04,abstract-ART000892522,P3b,qwen3-8b,ai,361
D15966.docx,batch04,abstract-ART002477378,P3b,qwen3-8b,ai,548
D15967.docx,batch04,abstract-ART000881932,P3b,qwen3-8b,ai,1104
D15968.docx,batch04,abstract-ART000897944,P3b,qwen3-8b,ai,384
D15969.docx,batch04,abstract-ART000879687,P3b,qwen3-8b,ai,694
D15970.docx,batch04,abstract-ART000886967,P3b,qwen3-8b,ai,492
D15971.docx,batch04,abstract-ART000874908,P3b,qwen3-8b,ai,633
D15972.docx,batch04,abstract-ART002147628,P3b,qwen3-8b,ai,530
D15973.docx,batch04,abstract-ART000893752,P3b,qwen3-8b,ai,537
D15974.docx,batch04,abstract-ART000857039,P3b,qwen3-8b,ai,717
D15975.docx,batch04,abstract-ART001835848,P3b,qwen3-8b,ai,394
D15976.docx,batch04,abstract-ART000875406,P3b,qwen3-8b,ai,397
D15977.docx,batch04,abstract-ART000883562,P3b,qwen3-8b,ai,584
D15978.docx,batch04,abstract-ART000888619,P3b,qwen3-8b,ai,896
D15979.docx,batch04,abstract-ART000861941,P3b,qwen3-8b,ai,733
D15980.docx,batch04,abstract-ART001735951,P3b,qwen3-8b,ai,758
D15981.docx,batch04,abstract-ART000878861,P3b,qwen3-8b,ai,568
D15982.docx,batch04,abstract-ART000854697,P3b,qwen3-8b,ai,785
D15983.docx,batch04,abstract-ART000875753,P3b,qwen3-8b,ai,608
D15984.docx,batch04,abstract-ART000885875,P3b,qwen3-8b,ai,499
D15985.docx,batch04,abstract-ART000904245,P3b,qwen3-8b,ai,1037
D15986.docx,batch04,abstract-ART000877509,P3b,qwen3-8b,ai,282
D15987.docx,batch04,abstract-ART000895379,P3b,qwen3-8b,ai,676
D15988.docx,batch04,abstract-ART000903296,P3b,qwen3-8b,ai,418
D15989.docx,batch04,abstract-ART000902319,P3b,qwen3-8b,ai,657
D15990.docx,batch04,abstract-ART002408134,P3b,qwen3-8b,ai,645
D15991.docx,batch04,abstract-ART000871191,P3b,qwen3-8b,ai,796
D15992.docx,batch04,abstract-ART000856179,P3b,qwen3-8b,ai,521
D15993.docx,batch04,abstract-ART000888570,P3b,qwen3-8b,ai,605
D15994.docx,batch04,abstract-ART000861164,P3b,qwen3-8b,ai,487
D15995.docx,batch04,abstract-ART000867285,P3b,qwen3-8b,ai,393
D15996.docx,batch04,abstract-ART000902121,P3b,qwen3-8b,ai,356
D15997.docx,batch04,abstract-ART000873906,P3b,qwen3-8b,ai,906
D15998.docx,batch04,abstract-ART000869229,P3b,qwen3-8b,ai,443
D15999.docx,batch04,abstract-ART000863718,P3b,qwen3-8b,ai,467
D16000.docx,batch04,abstract-ART000880948,P3b,qwen3-8b,ai,421
D16001.docx,batch04,abstract-ART000884959,P3b,qwen3-8b,ai,963
D16002.docx,batch04,abstract-ART000858493,P3b,qwen3-8b,ai,476
D16003.docx,batch04,abstract-ART000906317,P3b,qwen3-8b,ai,548
D16004.docx,batch04,abstract-ART000896545,P3b,qwen3-8b,ai,1007
D16005.docx,batch04,abstract-ART000864002,P3b,qwen3-8b,ai,651
D16006.docx,batch04,abstract-ART000905250,P3b,qwen3-8b,ai,476
D16007.docx,batch04,abstract-ART000868184,P3b,qwen3-8b,ai,667
D16008.docx,batch04,abstract-ART000880371,P3b,qwen3-8b,ai,341
D16009.docx,batch04,abstract-ART000863062,P3b,qwen3-8b,ai,303
D16010.docx,batch04,abstract-ART000878458,P3b,qwen3-8b,ai,457
D16011.docx,batch04,abstract-ART000865219,P3b,qwen3-8b,ai,466
D16012.docx,batch04,abstract-ART000885958,P3b,qwen3-8b,ai,569
D16013.docx,batch04,abstract-ART001507409,P3b,qwen3-8b,ai,351
D16014.docx,batch04,abstract-ART001620436,P3b,qwen3-8b,ai,438
D16015.docx,batch04,abstract-ART000904766,P3b,qwen3-8b,ai,759
D16016.docx,batch04,abstract-ART001735922,P3b,qwen3-8b,ai,714
D16017.docx,batch04,abstract-ART000881228,P3b,qwen3-8b,ai,627
D16018.docx,batch04,abstract-ART000851794,P3b,qwen3-8b,ai,788
D16019.docx,batch04,abstract-ART000865244,P3b,qwen3-8b,ai,701
D16020.docx,batch04,abstract-ART000893381,P3b,qwen3-8b,ai,747
D16021.docx,batch04,abstract-ART000872131,P3b,qwen3-8b,ai,725
D16022.docx,batch04,abstract-ART000864357,P3b,qwen3-8b,ai,418
D16023.docx,batch04,abstract-ART001391221,P3b,qwen3-8b,ai,643
D16024.docx,batch04,abstract-ART000880140,P3b,qwen3-8b,ai,322
D16025.docx,batch04,abstract-ART000869064,P3b,qwen3-8b,ai,555
D16026.docx,batch04,abstract-ART000875549,P3b,qwen3-8b,ai,381
D16027.docx,batch04,abstract-ART000892693,P3b,qwen3-8b,ai,633
D16028.docx,batch04,abstract-ART000879091,P3b,qwen3-8b,ai,416
D16029.docx,batch04,abstract-ART000858068,P3b,qwen3-8b,ai,725
D16030.docx,batch04,abstract-ART000888517,P3b,qwen3-8b,ai,530
D16031.docx,batch04,abstract-ART000852905,P3b,qwen3-8b,ai,507
D16032.docx,batch04,abstract-ART000888423,P3b,qwen3-8b,ai,616
D16033.docx,batch04,abstract-ART000864974,P3b,qwen3-8b,ai,325
D16034.docx,batch04,abstract-ART000905883,P3b,qwen3-8b,ai,399
D16035.docx,batch04,abstract-ART000905861,P3b,qwen3-8b,ai,492
D16036.docx,batch04,abstract-ART000858412,P3b,qwen3-8b,ai,490
D16037.docx,batch04,abstract-ART000888605,P3b,qwen3-8b,ai,947
D16038.docx,batch04,abstract-ART000852808,P3b,qwen3-8b,ai,426
D16039.docx,batch04,abstract-ART000872263,P3b,qwen3-8b,ai,312
D16040.docx,batch04,abstract-ART000874474,P3b,qwen3-8b,ai,754
D16041.docx,batch04,abstract-ART000851550,P3b,qwen3-8b,ai,894
D16042.docx,batch04,abstract-ART000864674,P3b,qwen3-8b,ai,963
D16043.docx,batch04,abstract-ART000852468,P3b,qwen3-8b,ai,701
D16044.docx,batch04,abstract-ART000869967,P3b,qwen3-8b,ai,916
D16045.docx,batch04,abstract-ART002494924,P3b,qwen3-8b,ai,853
D16046.docx,batch04,abstract-ART000866952,P3b,qwen3-8b,ai,872
D16047.docx,batch04,abstract-ART000897451,P3b,qwen3-8b,ai,444
D16048.docx,batch04,abstract-ART001621054,P3b,qwen3-8b,ai,704
D16049.docx,batch04,abstract-ART000869190,P3b,qwen3-8b,ai,714
D16050.docx,batch04,abstract-ART000891283,P3b,qwen3-8b,ai,405
D16051.docx,batch04,abstract-ART000901325,P3b,qwen3-8b,ai,320
D16052.docx,batch04,abstract-ART000902007,P3b,qwen3-8b,ai,388
D16053.docx,batch04,abstract-ART000889515,P3b,qwen3-8b,ai,1109
D16054.docx,batch04,abstract-ART000900113,P3b,qwen3-8b,ai,578
D16055.docx,batch04,abstract-ART000852464,P3b,qwen3-8b,ai,365
D16056.docx,batch04,abstract-ART000896231,P3b,qwen3-8b,ai,445
D16057.docx,batch04,abstract-ART000868260,P3b,qwen3-8b,ai,596
D16058.docx,batch04,abstract-ART000884465,P3b,qwen3-8b,ai,984
D16059.docx,batch04,abstract-ART000896238,P3b,qwen3-8b,ai,429
D16060.docx,batch04,abstract-ART000889902,P3b,qwen3-8b,ai,950
D16061.docx,batch04,abstract-ART000864282,P3b,qwen3-8b,ai,606
D16062.docx,batch04,abstract-ART000904871,P3b,qwen3-8b,ai,713
D16063.docx,batch04,abstract-ART000905850,P3b,qwen3-8b,ai,442
D16064.docx,batch04,abstract-ART000906275,P3b,qwen3-8b,ai,611
D16065.docx,batch04,abstract-ART001780390,P3b,qwen3-8b,ai,612
D16066.docx,batch04,abstract-ART000902780,P3b,qwen3-8b,ai,403
D16067.docx,batch04,abstract-ART000854036,P3b,qwen3-8b,ai,909
D16068.docx,batch04,abstract-ART000904805,P3b,qwen3-8b,ai,540
D16069.docx,batch04,abstract-ART000864189,P3b,qwen3-8b,ai,666
D16070.docx,batch04,abstract-ART000885417,P3b,qwen3-8b,ai,536
D16071.docx,batch04,abstract-ART000863122,P3b,qwen3-8b,ai,474
D16072.docx,batch04,abstract-ART000872848,P3b,qwen3-8b,ai,391
D16073.docx,batch04,abstract-ART000854672,P3b,qwen3-8b,ai,574
D16074.docx,batch04,abstract-ART000887088,P3b,qwen3-8b,ai,605
D16075.docx,batch04,abstract-ART002061513,P3b,qwen3-8b,ai,611
D16076.docx,batch04,abstract-ART001871351,P3b,qwen3-8b,ai,564
D16077.docx,batch04,abstract-ART000869400,P3b,qwen3-8b,ai,750
D16078.docx,batch04,abstract-ART000869795,P3b,qwen3-8b,ai,508
D16079.docx,batch04,abstract-ART000903414,P3b,qwen3-8b,ai,594
D16080.docx,batch04,abstract-ART000881860,P3b,qwen3-8b,ai,694
D16081.docx,batch04,abstract-ART000905806,P3b,qwen3-8b,ai,449
D16082.docx,batch04,abstract-ART002000392,P3b,qwen3-8b,ai,671
D16083.docx,batch04,abstract-ART000861852,P3b,qwen3-8b,ai,775
D16084.docx,batch04,abstract-ART000905655,P3b,qwen3-8b,ai,575
D16085.docx,batch04,abstract-ART000901996,P3b,qwen3-8b,ai,305
D16086.docx,batch04,abstract-ART000876827,P3b,qwen3-8b,ai,793
D16087.docx,batch04,abstract-ART000874601,P3b,qwen3-8b,ai,458
D16088.docx,batch04,abstract-ART000901529,P3b,qwen3-8b,ai,473
D16089.docx,batch04,abstract-ART000886072,P3b,qwen3-8b,ai,323
D16090.docx,batch04,abstract-ART000861136,P3b,qwen3-8b,ai,998
D16091.docx,batch04,abstract-ART000892525,P3b,qwen3-8b,ai,970
D16092.docx,batch04,abstract-ART000906432,P3b,qwen3-8b,ai,483
D16093.docx,batch04,abstract-ART000877098,P3b,qwen3-8b,ai,438
D16094.docx,batch04,abstract-ART000893671,P3b,qwen3-8b,ai,356
D16095.docx,batch04,abstract-ART000876003,P3b,qwen3-8b,ai,460
D16096.docx,batch04,abstract-ART000903025,P3b,qwen3-8b,ai,350
D16097.docx,batch04,abstract-ART000896182,P3b,qwen3-8b,ai,531
D16098.docx,batch04,abstract-ART002069289,P3b,qwen3-8b,ai,504
D16099.docx,batch04,abstract-ART001736177,P3b,qwen3-8b,ai,921
D16100.docx,batch04,abstract-ART001666364,P3b,qwen3-8b,ai,620
D16101.docx,batch04,abstract-ART000858177,P3b,qwen3-8b,ai,555
D16102.docx,batch04,abstract-ART000900757,P3b,qwen3-8b,ai,385
D16103.docx,batch04,abstract-ART000860990,P3b,qwen3-8b,ai,537
D16104.docx,batch04,abstract-ART000904802,P3b,qwen3-8b,ai,704
D16105.docx,batch04,abstract-ART000903065,P3b,qwen3-8b,ai,482
D16106.docx,batch04,abstract-ART000875543,P3b,qwen3-8b,ai,479
D16107.docx,batch04,abstract-ART000871724,P3b,qwen3-8b,ai,372
D16108.docx,batch04,abstract-ART002463737,P3b,qwen3-8b,ai,581
D16109.docx,batch04,abstract-ART000907014,P3b,qwen3-8b,ai,732
D16110.docx,batch04,abstract-ART000877832,P3b,qwen3-8b,ai,478
D16111.docx,batch04,abstract-ART000863214,P3b,qwen3-8b,ai,624
D16112.docx,batch04,abstract-ART000893760,P3b,qwen3-8b,ai,488
D16113.docx,batch04,abstract-ART000888925,P3b,qwen3-8b,ai,376
D16114.docx,batch04,abstract-ART000894249,P3b,qwen3-8b,ai,321
D16115.docx,batch04,abstract-ART000852153,P3b,qwen3-8b,ai,768
D16116.docx,batch04,abstract-ART000875756,P3b,qwen3-8b,ai,577
D16117.docx,batch04,abstract-ART000858071,P3b,qwen3-8b,ai,1030
D16118.docx,batch04,abstract-ART000893848,P3b,qwen3-8b,ai,334
D16119.docx,batch04,abstract-ART000889379,P3b,qwen3-8b,ai,877
D16120.docx,batch04,abstract-ART000899523,P3b,qwen3-8b,ai,591
D16121.docx,batch04,abstract-ART000868202,P3b,qwen3-8b,ai,710
D16122.docx,batch04,abstract-ART000873550,P3b,qwen3-8b,ai,477
D16123.docx,batch04,abstract-ART000901191,P3b,qwen3-8b,ai,510
D16124.docx,batch04,abstract-ART000852800,P3b,qwen3-8b,ai,511
D16125.docx,batch04,abstract-ART001606081,P3b,qwen3-8b,ai,621
D16126.docx,batch04,abstract-ART000851249,P3b,qwen3-8b,ai,672
D16127.docx,batch04,abstract-ART000852514,P3b,qwen3-8b,ai,1033
D16128.docx,batch04,abstract-ART000858306,P3b,qwen3-8b,ai,820
D16129.docx,batch04,abstract-ART000904951,P3b,qwen3-8b,ai,493
D16130.docx,batch04,abstract-ART000863531,P3b,qwen3-8b,ai,272
D16131.docx,batch04,abstract-ART001942983,P3b,qwen3-8b,ai,739
D16132.docx,batch04,abstract-ART000879158,P3b,qwen3-8b,ai,576
D16133.docx,batch04,abstract-ART001517816,P3b,qwen3-8b,ai,322
D16134.docx,batch04,abstract-ART000872106,P3b,qwen3-8b,ai,861
D16135.docx,batch04,abstract-ART000906254,P3b,qwen3-8b,ai,282
D16136.docx,batch04,abstract-ART000897453,P3b,qwen3-8b,ai,619
D16137.docx,batch04,abstract-ART000874576,P3b,qwen3-8b,ai,728
D16138.docx,batch04,abstract-ART001509784,P3b,qwen3-8b,ai,642
D16139.docx,batch04,abstract-ART000880443,P3b,qwen3-8b,ai,487
D16140.docx,batch04,abstract-ART000864445,P3b,qwen3-8b,ai,722
D16141.docx,batch04,abstract-ART000894054,P3b,qwen3-8b,ai,387
D16142.docx,batch04,abstract-ART000877421,P3b,qwen3-8b,ai,363
D16143.docx,batch04,abstract-ART000899524,P3b,qwen3-8b,ai,529
D16144.docx,batch04,abstract-ART002456910,P3b,qwen3-8b,ai,1000
D16145.docx,batch04,abstract-ART001548213,P3b,qwen3-8b,ai,544
D16146.docx,batch04,abstract-ART000899111,P3b,qwen3-8b,ai,765
D16147.docx,batch04,abstract-ART000893693,P3b,qwen3-8b,ai,406
D16148.docx,batch04,abstract-ART000852183,P3b,qwen3-8b,ai,470
D16149.docx,batch04,abstract-ART000885404,P3b,qwen3-8b,ai,646
D16150.docx,batch04,abstract-ART001297667,P3b,qwen3-8b,ai,791
D16151.docx,batch04,abstract-ART000885881,P3b,qwen3-8b,ai,456
D16152.docx,batch04,abstract-ART000858407,P3b,qwen3-8b,ai,517
D16153.docx,batch04,abstract-ART000889009,P3b,qwen3-8b,ai,380
D16154.docx,batch04,abstract-ART000902662,P3b,qwen3-8b,ai,444
D16155.docx,batch04,abstract-ART000889655,P3b,qwen3-8b,ai,358
D16156.docx,batch04,abstract-ART000859718,P3b,qwen3-8b,ai,415
D16157.docx,batch04,abstract-ART000864514,P3b,qwen3-8b,ai,631
D16158.docx,batch04,abstract-ART000887953,P3b,qwen3-8b,ai,847
D16159.docx,batch04,abstract-ART000864672,P3b,qwen3-8b,ai,970
D16160.docx,batch04,abstract-ART000863069,P3b,qwen3-8b,ai,629
D16161.docx,batch04,abstract-ART000879583,P3b,qwen3-8b,ai,705
D16162.docx,batch04,abstract-ART000861159,P3b,qwen3-8b,ai,482
D16163.docx,batch04,abstract-ART000897351,P3b,qwen3-8b,ai,668
D16164.docx,batch04,abstract-ART000893262,P3b,qwen3-8b,ai,485
D16165.docx,batch04,abstract-ART001511123,P3b,qwen3-8b,ai,604
D16166.docx,batch04,abstract-ART000885409,P3b,qwen3-8b,ai,653
D16167.docx,batch04,abstract-ART000852550,P3b,qwen3-8b,ai,402
D16168.docx,batch04,abstract-ART000861325,P3b,qwen3-8b,ai,364
D16169.docx,batch04,abstract-ART000904977,P3b,qwen3-8b,ai,405
D16170.docx,batch04,abstract-ART001461040,P3b,qwen3-8b,ai,404
D16171.docx,batch04,abstract-ART001958064,P3b,qwen3-8b,ai,742
D16172.docx,batch04,abstract-ART000866103,P3b,qwen3-8b,ai,335
D16173.docx,batch04,abstract-ART001705831,P3b,qwen3-8b,ai,465
D16174.docx,batch04,abstract-ART000892737,P3b,qwen3-8b,ai,329
D16175.docx,batch04,abstract-ART000892617,P3b,qwen3-8b,ai,392
D16176.docx,batch04,abstract-ART000858704,P3b,qwen3-8b,ai,778
D16177.docx,batch04,abstract-ART000902519,P3b,qwen3-8b,ai,433
D16178.docx,batch04,abstract-ART000852516,P3b,qwen3-8b,ai,658
D16179.docx,batch04,abstract-ART000863908,P3b,qwen3-8b,ai,564
D16180.docx,batch04,abstract-ART000856063,P3b,qwen3-8b,ai,1052
D16181.docx,batch04,abstract-ART000889323,P3b,qwen3-8b,ai,580
D16182.docx,batch04,abstract-ART000896236,P3b,qwen3-8b,ai,349
D16183.docx,batch04,abstract-ART000861618,P3b,qwen3-8b,ai,504
D16184.docx,batch04,abstract-ART000877502,P3b,qwen3-8b,ai,342
D16185.docx,batch04,abstract-ART000877177,P3b,qwen3-8b,ai,576
D16186.docx,batch04,abstract-ART000867026,P3b,qwen3-8b,ai,915
D16187.docx,batch04,abstract-ART000862994,P3b,qwen3-8b,ai,818
D16188.docx,batch04,abstract-ART000851945,P3b,qwen3-8b,ai,612
D16189.docx,batch04,abstract-ART000902390,P3b,qwen3-8b,ai,540
D16190.docx,batch04,abstract-ART000856277,P3b,qwen3-8b,ai,351
D16191.docx,batch04,abstract-ART000870295,P3b,qwen3-8b,ai,1036
D16192.docx,batch04,abstract-ART000899185,P3b,qwen3-8b,ai,348
D16193.docx,batch04,abstract-ART000893623,P3b,qwen3-8b,ai,546
D16194.docx,batch04,abstract-ART000881958,P3b,qwen3-8b,ai,668
D16195.docx,batch04,abstract-ART000867145,P3b,qwen3-8b,ai,1022
D16196.docx,batch04,abstract-ART000904705,P3b,qwen3-8b,ai,590
D16197.docx,batch04,abstract-ART000881237,P3b,qwen3-8b,ai,874
D16198.docx,batch04,abstract-ART000902969,P3b,qwen3-8b,ai,529
D16199.docx,batch04,abstract-ART000858489,P3b,qwen3-8b,ai,1230
D16200.docx,batch04,abstract-ART000893402,P3b,qwen3-8b,ai,480
D16201.docx,batch04,abstract-ART000883412,P3b,qwen3-8b,ai,449
D16202.docx,batch04,abstract-ART000892185,P3b,qwen3-8b,ai,301
D16203.docx,batch04,abstract-ART000852668,P3b,qwen3-8b,ai,859
D16204.docx,batch04,abstract-ART000860968,P3b,qwen3-8b,ai,457
D16205.docx,batch04,abstract-ART000861679,P3b,qwen3-8b,ai,369
D16206.docx,batch04,abstract-ART000898052,P3b,qwen3-8b,ai,609
D16207.docx,batch04,abstract-ART000905774,P3b,qwen3-8b,ai,341
D16208.docx,batch04,abstract-ART000878954,P3b,qwen3-8b,ai,598
D16209.docx,batch04,abstract-ART000899344,P3b,qwen3-8b,ai,637
D16210.docx,batch04,abstract-ART000901050,P3b,qwen3-8b,ai,391
D16211.docx,batch04,abstract-ART001795686,P3b,qwen3-8b,ai,654
D16212.docx,batch04,abstract-ART000883731,P3b,qwen3-8b,ai,557
D16213.docx,batch04,abstract-ART000893115,P3b,qwen3-8b,ai,379
D16214.docx,batch04,abstract-ART002061514,P3b,qwen3-8b,ai,698
D16215.docx,batch04,abstract-ART000902546,P3b,qwen3-8b,ai,495
D16216.docx,batch04,abstract-ART000869456,P3b,qwen3-8b,ai,371
D16217.docx,batch04,abstract-ART000903388,P3b,qwen3-8b,ai,494
D16218.docx,batch04,abstract-ART000895591,P3b,qwen3-8b,ai,507
D16219.docx,batch04,abstract-ART000877086,P3b,qwen3-8b,ai,390
D16220.docx,batch04,abstract-ART000888421,P3b,qwen3-8b,ai,625
D16221.docx,batch04,abstract-ART000869220,P3b,qwen3-8b,ai,412
D16222.docx,batch04,abstract-ART000888288,P3b,qwen3-8b,ai,436
D16223.docx,batch04,abstract-ART000881391,P3b,qwen3-8b,ai,646
D16224.docx,batch04,abstract-ART000861058,P3b,qwen3-8b,ai,362
D16225.docx,batch04,abstract-ART000885204,P3b,qwen3-8b,ai,743
D16226.docx,batch04,abstract-ART000856097,P3b,qwen3-8b,ai,503
D16227.docx,batch04,abstract-ART000852259,P3b,qwen3-8b,ai,357
D16228.docx,batch04,abstract-ART000905879,P3b,qwen3-8b,ai,466
D16229.docx,batch04,abstract-ART000875937,P3b,qwen3-8b,ai,734
D16230.docx,batch04,abstract-ART000865238,P3b,qwen3-8b,ai,759
D16231.docx,batch04,abstract-ART000852589,P3b,qwen3-8b,ai,815
D16232.docx,batch04,abstract-ART000861403,P3b,qwen3-8b,ai,775
D16233.docx,batch04,abstract-ART000877328,P3b,qwen3-8b,ai,496
D16234.docx,batch04,abstract-ART000869406,P3b,qwen3-8b,ai,691
D16235.docx,batch04,abstract-ART002093426,P3b,qwen3-8b,ai,633
D16236.docx,batch04,abstract-ART000903136,P3b,qwen3-8b,ai,457
D16237.docx,batch04,abstract-ART000857579,P3b,qwen3-8b,ai,440
D16238.docx,batch04,abstract-ART000906632,P3b,qwen3-8b,ai,394
D16239.docx,batch04,abstract-ART000869084,P3b,qwen3-8b,ai,697
D16240.docx,batch04,abstract-ART000856300,P3b,qwen3-8b,ai,760
D16241.docx,batch04,abstract-ART000861685,P3b,qwen3-8b,ai,333
D16242.docx,batch04,abstract-ART000879692,P3b,qwen3-8b,ai,394
D16243.docx,batch04,abstract-ART001904146,P3b,qwen3-8b,ai,572
D16244.docx,batch04,abstract-ART000906510,P3b,qwen3-8b,ai,290
D16245.docx,batch04,abstract-ART000893250,P3b,qwen3-8b,ai,709
D16246.docx,batch04,abstract-ART001705837,P3b,qwen3-8b,ai,489
D16247.docx,batch04,abstract-ART000864671,P3b,qwen3-8b,ai,578
D16248.docx,batch04,abstract-ART000864485,P3b,qwen3-8b,ai,724
D16249.docx,batch04,abstract-ART000866957,P3b,qwen3-8b,ai,537
D16250.docx,batch04,abstract-ART000902118,P3b,qwen3-8b,ai,499
D16251.docx,batch04,abstract-ART000902770,P3b,qwen3-8b,ai,335
D16252.docx,batch04,abstract-ART000888762,P3b,qwen3-8b,ai,583
D16253.docx,batch04,abstract-ART001514123,P3b,qwen3-8b,ai,579
D16254.docx,batch04,abstract-ART000885400,P3b,qwen3-8b,ai,530
D16255.docx,batch04,abstract-ART002516334,P3b,qwen3-8b,ai,601
D16256.docx,batch04,abstract-ART002118038,P3b,qwen3-8b,ai,865
D16257.docx,batch04,abstract-ART001426596,P3b,qwen3-8b,ai,546
D16258.docx,batch04,abstract-ART001336824,P3b,qwen3-8b,ai,959
D16259.docx,batch04,abstract-ART000900172,P3b,qwen3-8b,ai,329
D16260.docx,batch04,abstract-ART000854666,P3b,qwen3-8b,ai,432
D16261.docx,batch04,abstract-ART000876377,P3b,qwen3-8b,ai,676
D16262.docx,batch04,abstract-ART000896455,P3b,qwen3-8b,ai,309
D16263.docx,batch04,abstract-ART001252733,P3b,qwen3-8b,ai,453
D16264.docx,batch04,abstract-ART000872552,P3b,qwen3-8b,ai,968
D16265.docx,batch04,abstract-ART002110596,P3b,qwen3-8b,ai,1035
D16266.docx,batch04,abstract-ART002093215,P3b,qwen3-8b,ai,399
D16267.docx,batch04,abstract-ART000852161,P3b,qwen3-8b,ai,887
D16268.docx,batch04,abstract-ART000903575,P3b,qwen3-8b,ai,376
D16269.docx,batch04,abstract-ART000900182,P3b,qwen3-8b,ai,454
D16270.docx,batch04,abstract-ART001359682,P3b,qwen3-8b,ai,525
D16271.docx,batch04,abstract-ART000905228,P3b,qwen3-8b,ai,866
D16272.docx,batch04,abstract-ART000869559,P3b,qwen3-8b,ai,1164
D16273.docx,batch04,abstract-ART001833889,P3b,qwen3-8b,ai,638
D16274.docx,batch04,abstract-ART000896404,P3b,qwen3-8b,ai,383
D16275.docx,batch04,abstract-ART000898038,P3b,qwen3-8b,ai,396
D16276.docx,batch04,abstract-ART000867519,P3b,qwen3-8b,ai,436
D16277.docx,batch04,abstract-ART000898892,P3b,qwen3-8b,ai,760
D16278.docx,batch04,abstract-ART000880055,P3b,qwen3-8b,ai,723
D16279.docx,batch04,abstract-ART001975358,P3b,qwen3-8b,ai,552
D16280.docx,batch04,abstract-ART000875486,P3b,qwen3-8b,ai,360
D16281.docx,batch04,abstract-ART001343480,P3b,qwen3-8b,ai,486
D16282.docx,batch04,abstract-ART000892104,P3b,qwen3-8b,ai,305
D16283.docx,batch04,abstract-ART000875644,P3b,qwen3-8b,ai,501
D16284.docx,batch04,abstract-ART000852247,P3b,qwen3-8b,ai,706
D16285.docx,batch04,abstract-ART000896159,P3b,qwen3-8b,ai,400
D16286.docx,batch04,abstract-ART000888223,P3b,qwen3-8b,ai,424
D16287.docx,batch04,abstract-ART000882875,P3b,qwen3-8b,ai,574
D16288.docx,batch04,abstract-ART001423553,P3b,qwen3-8b,ai,618
D16289.docx,batch04,abstract-ART000851282,P3b,qwen3-8b,ai,344
D16290.docx,batch04,abstract-ART000871192,P3b,qwen3-8b,ai,870
D16291.docx,batch04,abstract-ART000860987,P3b,qwen3-8b,ai,398
D16292.docx,batch04,abstract-ART001262574,P3b,qwen3-8b,ai,770
D16293.docx,batch04,abstract-ART000856070,P3b,qwen3-8b,ai,624
D16294.docx,batch04,abstract-ART000872292,P3b,qwen3-8b,ai,373
D16295.docx,batch04,abstract-ART000905971,P3b,qwen3-8b,ai,474
D16296.docx,batch04,abstract-ART000873584,P3b,qwen3-8b,ai,674
D16297.docx,batch04,abstract-ART000852022,P3b,qwen3-8b,ai,387
D16298.docx,batch04,abstract-ART000888524,P3b,qwen3-8b,ai,1099
D16299.docx,batch04,abstract-ART000867289,P3b,qwen3-8b,ai,403
D16300.docx,batch04,abstract-ART000880296,P3b,qwen3-8b,ai,448
D16301.docx,batch04,abstract-ART000858311,P3b,qwen3-8b,ai,518
D16302.docx,batch04,abstract-ART002002305,P3b,qwen3-8b,ai,1054
D16303.docx,batch04,abstract-ART000872260,P3b,qwen3-8b,ai,380
D16304.docx,batch04,abstract-ART000886287,P3b,qwen3-8b,ai,462
D16305.docx,batch04,abstract-ART000876540,P3b,qwen3-8b,ai,841
D16306.docx,batch04,abstract-ART000875768,P3b,qwen3-8b,ai,446
D16307.docx,batch04,abstract-ART000861216,P3b,qwen3-8b,ai,640
D16308.docx,batch04,abstract-ART001887048,P3b,qwen3-8b,ai,377
D16309.docx,batch04,abstract-ART000906136,P3b,qwen3-8b,ai,681
D16310.docx,batch04,abstract-ART000892089,P3b,qwen3-8b,ai,512
D16311.docx,batch04,abstract-ART000900600,P3b,qwen3-8b,ai,416
D16312.docx,batch04,abstract-ART002019243,P3b,qwen3-8b,ai,405
D16313.docx,batch04,abstract-ART002541315,P3b,qwen3-8b,ai,662
D16314.docx,batch04,abstract-ART000885405,P3b,qwen3-8b,ai,450
D16315.docx,batch04,abstract-ART000896293,P3b,qwen3-8b,ai,441
D16316.docx,batch04,abstract-ART000905242,P3b,qwen3-8b,ai,395
D16317.docx,batch04,abstract-ART001532671,P3b,qwen3-8b,ai,627
D16318.docx,batch04,abstract-ART000904959,P3b,qwen3-8b,ai,468
D16319.docx,batch04,abstract-ART000902980,P3b,qwen3-8b,ai,312
D16320.docx,batch04,abstract-ART000852467,P3b,qwen3-8b,ai,501
D16321.docx,batch04,abstract-ART000903588,P3b,qwen3-8b,ai,650
D16322.docx,batch04,abstract-ART000891513,P3b,qwen3-8b,ai,718
D16323.docx,batch04,abstract-ART000880057,P3b,qwen3-8b,ai,662
D16324.docx,batch04,abstract-ART001509846,P3b,qwen3-8b,ai,670
D16325.docx,batch04,abstract-ART000904421,P3b,qwen3-8b,ai,408
D16326.docx,batch04,abstract-ART000857308,P3b,qwen3-8b,ai,599
D16327.docx,batch04,abstract-ART000906412,P3b,qwen3-8b,ai,366
D16328.docx,batch04,abstract-ART000904697,P3b,qwen3-8b,ai,363
D16329.docx,batch04,abstract-ART000894044,P3b,qwen3-8b,ai,496
D16330.docx,batch04,abstract-ART000880515,P3b,qwen3-8b,ai,469
D16331.docx,batch04,abstract-ART000889021,P3b,qwen3-8b,ai,307
D16332.docx,batch04,abstract-ART000872365,P3b,qwen3-8b,ai,354
D16333.docx,batch04,abstract-ART000877594,P3b,qwen3-8b,ai,475
D16334.docx,batch04,abstract-ART000885402,P3b,qwen3-8b,ai,348
D16335.docx,batch04,abstract-ART000852269,P3b,qwen3-8b,ai,1058
D16336.docx,batch04,abstract-ART000873557,P3b,qwen3-8b,ai,466
D16337.docx,batch04,abstract-ART000867491,P3b,qwen3-8b,ai,441
D16338.docx,batch04,abstract-ART000858945,P3b,qwen3-8b,ai,466
D16339.docx,batch04,abstract-ART000862030,P3b,qwen3-8b,ai,390
D16340.docx,batch04,abstract-ART000852924,P3b,qwen3-8b,ai,592
D16341.docx,batch04,abstract-ART000889389,P3b,qwen3-8b,ai,476
D16342.docx,batch04,abstract-ART000901613,P3b,qwen3-8b,ai,942
D16343.docx,batch04,abstract-ART000875547,P3b,qwen3-8b,ai,459
D16344.docx,batch04,abstract-ART000884233,P3b,qwen3-8b,ai,986
D16345.docx,batch04,abstract-ART000904975,P3b,qwen3-8b,ai,422
D16346.docx,batch04,abstract-ART000900681,P3b,qwen3-8b,ai,529
D16347.docx,batch04,abstract-ART000903324,P3b,qwen3-8b,ai,431
D16348.docx,batch04,abstract-ART000900163,P3b,qwen3-8b,ai,584
D16349.docx,batch04,abstract-ART000874685,P3b,qwen3-8b,ai,479
D16350.docx,batch04,abstract-ART000888575,P3b,qwen3-8b,ai,480
D16351.docx,batch04,abstract-ART000861401,P3b,qwen3-8b,ai,641
D16352.docx,batch04,abstract-ART000869713,P3b,qwen3-8b,ai,531
D16353.docx,batch04,abstract-ART000860877,P3b,qwen3-8b,ai,453
D16354.docx,batch04,abstract-ART000877181,P3b,qwen3-8b,ai,764
D16355.docx,batch04,abstract-ART000898936,P3b,qwen3-8b,ai,616
D16356.docx,batch04,abstract-ART000854369,P3b,qwen3-8b,ai,360
D16357.docx,batch04,abstract-ART000883722,P3b,qwen3-8b,ai,525
D16358.docx,batch04,abstract-ART000869545,P3b,qwen3-8b,ai,960
D16359.docx,batch04,abstract-ART000875939,P3b,qwen3-8b,ai,561
D16360.docx,batch04,abstract-ART000852072,P3b,qwen3-8b,ai,550
D16361.docx,batch04,abstract-ART000902807,P3b,qwen3-8b,ai,507
D16362.docx,batch04,abstract-ART000881238,P3b,qwen3-8b,ai,1160
D16363.docx,batch04,abstract-ART000903317,P3b,qwen3-8b,ai,384
D16364.docx,batch04,abstract-ART000907354,P3b,qwen3-8b,ai,303
D16365.docx,batch04,abstract-ART002198989,P3b,qwen3-8b,ai,700
D16366.docx,batch04,abstract-ART000889892,P3b,qwen3-8b,ai,773
D16367.docx,batch04,abstract-ART000905845,P3b,qwen3-8b,ai,469
D16368.docx,batch04,abstract-ART001690808,P3b,qwen3-8b,ai,624
D16369.docx,batch04,abstract-ART000864747,P3b,qwen3-8b,ai,1050
D16370.docx,batch04,abstract-ART000873371,P3b,qwen3-8b,ai,1005
D16371.docx,batch04,abstract-ART001553587,P3b,qwen3-8b,ai,437
D16372.docx,batch04,abstract-ART000892734,P3b,qwen3-8b,ai,462
D16373.docx,batch04,abstract-ART000905170,P3b,qwen3-8b,ai,439
D16374.docx,batch04,abstract-ART000856060,P3b,qwen3-8b,ai,528
D16375.docx,batch04,abstract-ART000902138,P3b,qwen3-8b,ai,399
D16376.docx,batch04,abstract-ART000883410,P3b,qwen3-8b,ai,341
D16377.docx,batch04,abstract-ART000853134,P3b,qwen3-8b,ai,1103
D16378.docx,batch04,abstract-ART000865981,P3b,qwen3-8b,ai,633
D16379.docx,batch04,abstract-ART000852273,P3b,qwen3-8b,ai,578
D16380.docx,batch04,abstract-ART000877585,P3b,qwen3-8b,ai,394
D16381.docx,batch04,abstract-ART000888736,P3b,qwen3-8b,ai,562
D16382.docx,batch04,abstract-ART002515684,P3b,qwen3-8b,ai,424
D16383.docx,batch04,abstract-ART000903147,P3b,qwen3-8b,ai,772
D16384.docx,batch04,abstract-ART000899354,P3b,qwen3-8b,ai,781
D16385.docx,batch04,abstract-ART000861145,P3b,qwen3-8b,ai,770
D16386.docx,batch04,abstract-ART000895465,P3b,qwen3-8b,ai,964
D16387.docx,batch04,abstract-ART000861138,P3b,qwen3-8b,ai,714
D16388.docx,batch04,abstract-ART000877726,P3b,qwen3-8b,ai,805
D16389.docx,batch04,abstract-ART000874485,P3b,qwen3-8b,ai,740
D16390.docx,batch04,abstract-ART000875853,P3b,qwen3-8b,ai,778
D16391.docx,batch04,abstract-ART000907353,P3b,qwen3-8b,ai,394
D16392.docx,batch04,abstract-ART000903564,P3b,qwen3-8b,ai,773
D16393.docx,batch04,abstract-ART000899841,P3b,qwen3-8b,ai,677
D16394.docx,batch04,abstract-ART000902296,P3b,qwen3-8b,ai,357
D16395.docx,batch04,abstract-ART000907106,P3b,qwen3-8b,ai,669
D16396.docx,batch04,abstract-ART000864366,P3b,qwen3-8b,ai,1025
D16397.docx,batch04,abstract-ART000888516,P3b,qwen3-8b,ai,536
D16398.docx,batch04,abstract-ART000874661,P3b,qwen3-8b,ai,339
D16399.docx,batch04,abstract-ART002066363,P3b,qwen3-8b,ai,768
D16400.docx,batch04,abstract-ART001939121,P3b,qwen3-8b,ai,610
D16401.docx,batch04,abstract-ART000855208,P3b,qwen3-8b,ai,835
D16402.docx,batch04,abstract-ART000868015,P3b,qwen3-8b,ai,533
D16403.docx,batch04,abstract-ART000898042,P3b,qwen3-8b,ai,876
D16404.docx,batch04,abstract-ART000894251,P3b,qwen3-8b,ai,394
D16405.docx,batch04,abstract-ART000858175,P3b,qwen3-8b,ai,637
D16406.docx,batch04,abstract-ART000902882,P3b,qwen3-8b,ai,411
D16407.docx,batch04,abstract-ART000868122,P3b,qwen3-8b,ai,763
D16408.docx,batch04,abstract-ART000861116,P3b,qwen3-8b,ai,661
D16409.docx,batch04,abstract-ART000962276,P3b,qwen3-8b,ai,598
D16410.docx,batch04,abstract-ART000903500,P3b,qwen3-8b,ai,455
D16411.docx,batch04,abstract-ART000885767,P3b,qwen3-8b,ai,612
D16412.docx,batch04,abstract-ART000865052,P3b,qwen3-8b,ai,481
D16413.docx,batch04,abstract-ART000892918,P3b,qwen3-8b,ai,853
D16414.docx,batch04,abstract-ART000867333,P3b,qwen3-8b,ai,805
D16415.docx,batch04,abstract-ART000866941,P3b,qwen3-8b,ai,338
D16416.docx,batch04,abstract-ART000905664,P3b,qwen3-8b,ai,362
D16417.docx,batch04,abstract-ART000873013,P3b,qwen3-8b,ai,397
D16418.docx,batch04,abstract-ART000868537,P3b,qwen3-8b,ai,641
D16419.docx,batch04,abstract-ART001343481,P3b,qwen3-8b,ai,601
D16420.docx,batch04,abstract-ART000905656,P3b,qwen3-8b,ai,508
D16421.docx,batch04,abstract-ART001563940,P3b,qwen3-8b,ai,829
D16422.docx,batch04,abstract-ART000879089,P3b,qwen3-8b,ai,537
D16423.docx,batch04,abstract-ART000862017,P3b,qwen3-8b,ai,712
D16424.docx,batch04,abstract-ART002133317,P3b,qwen3-8b,ai,524
D16425.docx,batch04,abstract-ART000905409,P3b,qwen3-8b,ai,340
D16426.docx,batch04,abstract-ART000861347,P3b,qwen3-8b,ai,375
D16427.docx,batch04,abstract-ART001445723,P3b,qwen3-8b,ai,585
D16428.docx,batch04,abstract-ART000853129,P3b,qwen3-8b,ai,615
D16429.docx,batch04,abstract-ART000901471,P3b,qwen3-8b,ai,940
D16430.docx,batch04,abstract-ART000894050,P3b,qwen3-8b,ai,542
D16431.docx,batch04,abstract-ART002440883,P3b,qwen3-8b,ai,494
D16432.docx,batch04,abstract-ART000875764,P3b,qwen3-8b,ai,518
D16433.docx,batch04,abstract-ART002285941,P3b,qwen3-8b,ai,860
D16434.docx,batch04,abstract-ART000872904,P3b,qwen3-8b,ai,412
D16435.docx,batch04,abstract-ART000902049,P3b,qwen3-8b,ai,839
D16436.docx,batch04,abstract-ART000870208,P3b,qwen3-8b,ai,281
D16437.docx,batch04,abstract-ART000861849,P3b,qwen3-8b,ai,352
D16438.docx,batch04,abstract-ART000899929,P3b,qwen3-8b,ai,402
D16439.docx,batch04,abstract-ART000901590,P3b,qwen3-8b,ai,515
D16440.docx,batch04,abstract-ART000904777,P3b,qwen3-8b,ai,320
D16441.docx,batch04,abstract-ART000867650,P3b,qwen3-8b,ai,468
D16442.docx,batch04,abstract-ART000895549,P3b,qwen3-8b,ai,421
D16443.docx,batch04,abstract-ART000901111,P3b,qwen3-8b,ai,417
D16444.docx,batch04,abstract-ART000899431,P3b,qwen3-8b,ai,445
D16445.docx,batch04,abstract-ART000869540,P3b,qwen3-8b,ai,639
D16446.docx,batch04,abstract-ART000883814,P3b,qwen3-8b,ai,585
D16447.docx,batch04,abstract-ART002099059,P3b,qwen3-8b,ai,813
D16448.docx,batch04,abstract-ART000905321,P3b,qwen3-8b,ai,418
D16449.docx,batch04,abstract-ART000868203,P3b,qwen3-8b,ai,502
D16450.docx,batch04,abstract-ART000884767,P3b,qwen3-8b,ai,422
D16451.docx,batch04,abstract-ART000905688,P3b,qwen3-8b,ai,312
D16452.docx,batch04,abstract-ART000861184,P3b,qwen3-8b,ai,686
D16453.docx,batch04,abstract-ART000893944,P3b,qwen3-8b,ai,583
D16454.docx,batch04,abstract-ART000900140,P3b,qwen3-8b,ai,642
D16455.docx,batch04,abstract-ART000895467,P3b,qwen3-8b,ai,438
D16456.docx,batch04,abstract-ART000904793,P3b,qwen3-8b,ai,435
D16457.docx,batch04,abstract-ART000901812,P3b,qwen3-8b,ai,693
D16458.docx,batch04,abstract-ART000875553,P3b,qwen3-8b,ai,602
D16459.docx,batch04,abstract-ART000901320,P3b,qwen3-8b,ai,689
D16460.docx,batch04,abstract-ART000874535,P3b,qwen3-8b,ai,821
D16461.docx,batch04,abstract-ART001223135,P3b,qwen3-8b,ai,448
D16462.docx,batch04,abstract-ART000890736,P3b,qwen3-8b,ai,543
D16463.docx,batch04,abstract-ART000881758,P3b,qwen3-8b,ai,748
D16464.docx,batch04,abstract-ART000884052,P3b,qwen3-8b,ai,536
D16465.docx,batch04,abstract-ART000864741,P3b,qwen3-8b,ai,527
D16466.docx,batch04,abstract-ART000908184,P3b,qwen3-8b,ai,421
D16467.docx,batch04,abstract-ART000873547,P3b,qwen3-8b,ai,854
D16468.docx,batch04,abstract-ART000902469,P3b,qwen3-8b,ai,663
D16469.docx,batch04,abstract-ART001359590,P3b,qwen3-8b,ai,616
D16470.docx,batch04,abstract-ART000906232,P3b,qwen3-8b,ai,531
D16471.docx,batch04,abstract-ART000884182,P3b,qwen3-8b,ai,698
D16472.docx,batch04,abstract-ART000900698,P3b,qwen3-8b,ai,506
D16473.docx,batch04,abstract-ART000891315,P3b,qwen3-8b,ai,786
D16474.docx,batch04,abstract-ART000908068,P3b,qwen3-8b,ai,1096
D16475.docx,batch04,abstract-ART000853229,P3b,qwen3-8b,ai,620
D16476.docx,batch04,abstract-ART000872297,P3b,qwen3-8b,ai,399
D16477.docx,batch04,abstract-ART000891854,P3b,qwen3-8b,ai,532
D16478.docx,batch04,abstract-ART000864627,P3b,qwen3-8b,ai,545
D16479.docx,batch04,abstract-ART002012560,P3b,qwen3-8b,ai,838
D16480.docx,batch04,abstract-ART000901532,P3b,qwen3-8b,ai,393
D16481.docx,batch04,abstract-ART000903214,P3b,qwen3-8b,ai,543
D16482.docx,batch04,abstract-ART000888604,P3b,qwen3-8b,ai,448
D16483.docx,batch04,abstract-ART002320056,P3b,qwen3-8b,ai,470
D16484.docx,batch04,abstract-ART000906272,P3b,qwen3-8b,ai,402
D16485.docx,batch04,abstract-ART000903706,P3b,qwen3-8b,ai,656
D16486.docx,batch04,abstract-ART000868185,P3b,qwen3-8b,ai,356
D16487.docx,batch04,abstract-ART000863359,P3b,qwen3-8b,ai,378
D16488.docx,batch04,abstract-ART000903144,P3b,qwen3-8b,ai,324
D16489.docx,batch04,abstract-ART000878241,P3b,qwen3-8b,ai,597
D16490.docx,batch04,abstract-ART000895650,P3b,qwen3-8b,ai,746
D16491.docx,batch04,abstract-ART000879688,P3b,qwen3-8b,ai,321
D16492.docx,batch04,abstract-ART001915197,P3b,qwen3-8b,ai,831
D16493.docx,batch04,abstract-ART000897847,P3b,qwen3-8b,ai,953
D16494.docx,batch04,abstract-ART000892917,P3b,qwen3-8b,ai,604
D16495.docx,batch04,abstract-ART000904878,P3b,qwen3-8b,ai,369
D16496.docx,batch04,abstract-ART000906501,P3b,qwen3-8b,ai,608
D16497.docx,batch04,abstract-ART000892193,P3b,qwen3-8b,ai,308
D16498.docx,batch04,abstract-ART000902717,P3b,qwen3-8b,ai,343
D16499.docx,batch04,abstract-ART000851862,P3b,qwen3-8b,ai,511
D16500.docx,batch04,abstract-ART000858231,P3b,qwen3-8b,ai,436
D16501.docx,batch04,abstract-ART000861190,P3b,qwen3-8b,ai,487
D16502.docx,batch04,abstract-ART000894800,P3b,qwen3-8b,ai,666
D16503.docx,batch04,abstract-ART000906284,P3b,qwen3-8b,ai,469
D16504.docx,batch04,abstract-ART000902086,P3b,qwen3-8b,ai,526
D16505.docx,batch04,abstract-ART000897461,P3b,qwen3-8b,ai,714
D16506.docx,batch04,abstract-ART002180279,P3b,qwen3-8b,ai,1238
D16507.docx,batch04,abstract-ART001297636,P3b,qwen3-8b,ai,643
D16508.docx,batch04,abstract-ART000892106,P3b,qwen3-8b,ai,467
D16509.docx,batch04,abstract-ART000872908,P3b,qwen3-8b,ai,813
D16510.docx,batch04,abstract-ART000852922,P3b,qwen3-8b,ai,496
D16511.docx,batch04,abstract-ART000889321,P3b,qwen3-8b,ai,616
D16512.docx,batch04,abstract-ART000875929,P3b,qwen3-8b,ai,635
D16513.docx,batch04,abstract-ART001744329,P3b,qwen3-8b,ai,508
D16514.docx,batch04,abstract-ART000902267,P3b,qwen3-8b,ai,342
D16515.docx,batch04,abstract-ART000906044,P3b,qwen3-8b,ai,499
D16516.docx,batch04,abstract-ART000900021,P3b,qwen3-8b,ai,735
D16517.docx,batch04,abstract-ART000875933,P3b,qwen3-8b,ai,727
D16518.docx,batch04,abstract-ART000875481,P3b,qwen3-8b,ai,531
D16519.docx,batch04,abstract-ART000889174,P3b,qwen3-8b,ai,569
D16520.docx,batch04,abstract-ART000876901,P3b,qwen3-8b,ai,546
D16521.docx,batch04,abstract-ART000884626,P3b,qwen3-8b,ai,627
D16522.docx,batch04,abstract-ART000881394,P3b,qwen3-8b,ai,479
D16523.docx,batch04,abstract-ART000902520,P3b,qwen3-8b,ai,531
D16524.docx,batch04,abstract-ART000877088,P3b,qwen3-8b,ai,529
D16525.docx,batch04,abstract-ART000890332,P3b,qwen3-8b,ai,566
D16526.docx,batch04,abstract-ART000881247,P3b,qwen3-8b,ai,958
D16527.docx,batch04,abstract-ART000852176,P3b,qwen3-8b,ai,565
D16528.docx,batch04,abstract-ART000901126,P3b,qwen3-8b,ai,950
D16529.docx,batch04,abstract-ART000869413,P3b,qwen3-8b,ai,643
D16530.docx,batch04,abstract-ART000852646,P3b,qwen3-8b,ai,458
D16531.docx,batch04,abstract-ART000899845,P3b,qwen3-8b,ai,813
D16532.docx,batch04,abstract-ART000885358,P3b,qwen3-8b,ai,572
D16533.docx,batch04,abstract-ART000889084,P3b,qwen3-8b,ai,404
D16534.docx,batch04,abstract-ART000902732,P3b,qwen3-8b,ai,487
D16535.docx,batch04,abstract-ART000863065,P3b,qwen3-8b,ai,507
D16536.docx,batch04,abstract-ART000897662,P3b,qwen3-8b,ai,798
D16537.docx,batch04,abstract-ART000889008,P3b,qwen3-8b,ai,479
D16538.docx,batch04,abstract-ART000871098,P3b,qwen3-8b,ai,412
D16539.docx,batch04,abstract-ART000852099,P3b,qwen3-8b,ai,367
D16540.docx,batch04,abstract-ART000902090,P3b,qwen3-8b,ai,438
D16541.docx,batch04,abstract-ART000905724,P3b,qwen3-8b,ai,576
D16542.docx,batch04,abstract-ART000862469,P3b,qwen3-8b,ai,691
D16543.docx,batch04,abstract-ART000854457,P3b,qwen3-8b,ai,592
D16544.docx,batch04,abstract-ART000899179,P3b,qwen3-8b,ai,342
D16545.docx,batch04,abstract-ART000872891,P3b,qwen3-8b,ai,468
D16546.docx,batch04,abstract-ART000865904,P3b,qwen3-8b,ai,442
D16547.docx,batch04,abstract-ART000864889,P3b,qwen3-8b,ai,557
D16548.docx,batch04,abstract-ART000877592,P3b,qwen3-8b,ai,397
D16549.docx,batch04,abstract-ART000901453,P3b,qwen3-8b,ai,893
D16550.docx,batch04,abstract-ART000880511,P3b,qwen3-8b,ai,601
D16551.docx,batch04,abstract-ART001741482,P3b,qwen3-8b,ai,343
D16552.docx,batch04,abstract-ART000906403,P3b,qwen3-8b,ai,602
D16553.docx,batch04,abstract-ART000894060,P3b,qwen3-8b,ai,436
D16554.docx,batch04,abstract-ART000903559,P3b,qwen3-8b,ai,682
D16555.docx,batch04,abstract-ART001786207,P3b,qwen3-8b,ai,791
D16556.docx,batch04,abstract-ART001532441,P3b,qwen3-8b,ai,877
D16557.docx,batch04,abstract-ART000872334,P3b,qwen3-8b,ai,714
D16558.docx,batch04,abstract-ART000883411,P3b,qwen3-8b,ai,395
D16559.docx,batch04,abstract-ART000867879,P3b,qwen3-8b,ai,655
D16560.docx,batch04,abstract-ART000867955,P3b,qwen3-8b,ai,704
D16561.docx,batch04,abstract-ART000907952,P3b,qwen3-8b,ai,331
D16562.docx,batch04,abstract-ART002349094,P3b,qwen3-8b,ai,466
D16563.docx,batch04,abstract-ART000889370,P3b,qwen3-8b,ai,429
D16564.docx,batch04,abstract-ART001872492,P3b,qwen3-8b,ai,655
D16565.docx,batch04,abstract-ART000865677,P3b,qwen3-8b,ai,771
D16566.docx,batch04,abstract-ART001548215,P3b,qwen3-8b,ai,681
D16567.docx,batch04,abstract-ART000874571,P3b,qwen3-8b,ai,594
D16568.docx,batch04,abstract-ART000893957,P3b,qwen3-8b,ai,572
D16569.docx,batch04,abstract-ART000854185,P3b,qwen3-8b,ai,319
D16570.docx,batch04,abstract-ART000861862,P3b,qwen3-8b,ai,857
D16571.docx,batch04,abstract-ART000904969,P3b,qwen3-8b,ai,400
D16572.docx,batch04,abstract-ART000863291,P3b,qwen3-8b,ai,476
D16573.docx,batch04,abstract-ART002235083,P3b,qwen3-8b,ai,551
D16574.docx,batch04,abstract-ART000852066,P3b,qwen3-8b,ai,574
D16575.docx,batch04,abstract-ART001889178,P3b,qwen3-8b,ai,364
D16576.docx,batch04,abstract-ART000887177,P3b,qwen3-8b,ai,935
D16577.docx,batch04,abstract-ART000897752,P3b,qwen3-8b,ai,658
D16578.docx,batch04,abstract-ART000860887,P3b,qwen3-8b,ai,687
D16579.docx,batch04,abstract-ART000896324,P3b,qwen3-8b,ai,348
D16580.docx,batch04,abstract-ART000853948,P3b,qwen3-8b,ai,329
D16581.docx,batch04,abstract-ART000877331,P3b,qwen3-8b,ai,420
D16582.docx,batch04,abstract-ART000860359,P3b,qwen3-8b,ai,703
D16583.docx,batch04,abstract-ART000892632,P3b,qwen3-8b,ai,616
D16584.docx,batch04,abstract-ART000854716,P3b,qwen3-8b,ai,487
D16585.docx,batch04,abstract-ART000885588,P3b,qwen3-8b,ai,406
D16586.docx,batch04,abstract-ART000861049,P3b,qwen3-8b,ai,375
D16587.docx,batch04,abstract-ART000894823,P3b,qwen3-8b,ai,331
D16588.docx,batch04,abstract-ART001391211,P3b,qwen3-8b,ai,777
D16589.docx,batch04,abstract-ART000889849,P3b,qwen3-8b,ai,299
D16590.docx,batch04,abstract-ART000869484,P3b,qwen3-8b,ai,758
D16591.docx,batch04,abstract-ART000850834,P3b,qwen3-8b,ai,617
D16592.docx,batch04,abstract-ART000858004,P3b,qwen3-8b,ai,530
D16593.docx,batch04,abstract-ART000889368,P3b,qwen3-8b,ai,549
D16594.docx,batch04,abstract-ART001942438,P3b,qwen3-8b,ai,638
D16595.docx,batch04,abstract-ART001975381,P3b,qwen3-8b,ai,841
D16596.docx,batch04,abstract-ART002082698,P3b,qwen3-8b,ai,505
D16597.docx,batch04,abstract-ART000898891,P3b,qwen3-8b,ai,912
D16598.docx,batch04,abstract-ART000880727,P3b,qwen3-8b,ai,678
D16599.docx,batch04,abstract-ART000901869,P3b,qwen3-8b,ai,508
D16600.docx,batch04,abstract-ART002320048,P3b,qwen3-8b,ai,564
D16601.docx,batch04,abstract-ART000875031,P3b,qwen3-8b,ai,877
D16602.docx,batch04,abstract-ART000870096,P3b,qwen3-8b,ai,359
D16603.docx,batch04,abstract-ART002261757,P3b,qwen3-8b,ai,763
D16604.docx,batch04,abstract-ART000892595,P3b,qwen3-8b,ai,908
D16605.docx,batch04,abstract-ART000873613,P3b,qwen3-8b,ai,529
D16606.docx,batch04,abstract-ART000873226,P3b,qwen3-8b,ai,513
D16607.docx,batch04,abstract-ART000871100,P3b,qwen3-8b,ai,542
D16608.docx,batch04,abstract-ART000888622,P3b,qwen3-8b,ai,1003
D16609.docx,batch04,abstract-ART000869564,P3b,qwen3-8b,ai,723
D16610.docx,batch04,abstract-ART002551610,P3b,qwen3-8b,ai,802
D16611.docx,batch04,abstract-ART000892619,P3b,qwen3-8b,ai,546
D16612.docx,batch04,abstract-ART000880473,P3b,qwen3-8b,ai,484
D16613.docx,batch04,abstract-ART000884068,P3b,qwen3-8b,ai,467
D16614.docx,batch04,abstract-ART000895999,P3b,qwen3-8b,ai,1182
D16615.docx,batch04,abstract-ART000852313,P3b,qwen3-8b,ai,583
D16616.docx,batch04,abstract-ART001613378,P3b,qwen3-8b,ai,461
D16617.docx,batch04,abstract-ART000895588,P3b,qwen3-8b,ai,692
D16618.docx,batch04,abstract-ART000861053,P3b,qwen3-8b,ai,660
D16619.docx,batch04,abstract-ART000898521,P3b,qwen3-8b,ai,805
D16620.docx,batch04,abstract-ART000891795,P3b,qwen3-8b,ai,303
D16621.docx,batch04,abstract-ART000862468,P3b,qwen3-8b,ai,448
D16622.docx,batch04,abstract-ART000852197,P3b,qwen3-8b,ai,234
D16623.docx,batch04,abstract-ART000869419,P3b,qwen3-8b,ai,503
D16624.docx,batch04,abstract-ART000860713,P3b,qwen3-8b,ai,469
D16625.docx,batch04,abstract-ART000908112,P3b,qwen3-8b,ai,604
D16626.docx,batch04,abstract-ART000896205,P3b,qwen3-8b,ai,569
D16627.docx,batch04,abstract-ART000869561,P3b,qwen3-8b,ai,483
D16628.docx,batch04,abstract-ART001262565,P3b,qwen3-8b,ai,338
D16629.docx,batch04,abstract-ART000904691,P3b,qwen3-8b,ai,347
D16630.docx,batch04,abstract-ART000895592,P3b,qwen3-8b,ai,410
D16631.docx,batch04,abstract-ART001991578,P3b,qwen3-8b,ai,590
D16632.docx,batch04,abstract-ART000861678,P3b,qwen3-8b,ai,515
D16633.docx,batch04,abstract-ART000900337,P3b,qwen3-8b,ai,819
D16634.docx,batch04,abstract-ART000862086,P3b,qwen3-8b,ai,608
D16635.docx,batch04,abstract-ART001514090,P3b,qwen3-8b,ai,614
D16636.docx,batch04,abstract-ART000882846,P3b,qwen3-8b,ai,513
D16637.docx,batch04,abstract-ART001716305,P3b,qwen3-8b,ai,738
D16638.docx,batch04,abstract-ART002507659,P3b,qwen3-8b,ai,543
D16639.docx,batch04,abstract-ART001954297,P3b,qwen3-8b,ai,568
D16640.docx,batch04,abstract-ART000864081,P3b,qwen3-8b,ai,393
D16641.docx,batch04,abstract-ART000900869,P3b,qwen3-8b,ai,518
D16642.docx,batch04,abstract-ART000900602,P3b,qwen3-8b,ai,457
D16643.docx,batch04,abstract-ART000880373,P3b,qwen3-8b,ai,537
D16644.docx,batch04,abstract-ART000872068,P3b,qwen3-8b,ai,1072
D16645.docx,batch04,abstract-ART000871190,P3b,qwen3-8b,ai,843
D16646.docx,batch04,abstract-ART000856093,P3b,qwen3-8b,ai,801
D16647.docx,batch04,abstract-ART000863064,P3b,qwen3-8b,ai,770
D16648.docx,batch04,abstract-ART000905233,P3b,qwen3-8b,ai,473
D16649.docx,batch04,abstract-ART000856088,P3b,qwen3-8b,ai,549
D16650.docx,batch04,abstract-ART000869565,P3b,qwen3-8b,ai,416
D16651.docx,batch04,abstract-ART000856311,P3b,qwen3-8b,ai,770
D16652.docx,batch04,abstract-ART000861357,P3b,qwen3-8b,ai,478
D16653.docx,batch04,abstract-ART000904433,P3b,qwen3-8b,ai,914
D16654.docx,batch04,abstract-ART000864511,P3b,qwen3-8b,ai,502
D16655.docx,batch04,abstract-ART000876676,P3b,qwen3-8b,ai,630
D16656.docx,batch04,abstract-ART000902764,P3b,qwen3-8b,ai,576
D16657.docx,batch04,abstract-ART000903323,P3b,qwen3-8b,ai,467
D16658.docx,batch04,abstract-ART000893129,P3b,qwen3-8b,ai,609
D16659.docx,batch04,abstract-ART000865055,P3b,qwen3-8b,ai,541
D16660.docx,batch04,abstract-ART002040593,P3b,qwen3-8b,ai,659
D16661.docx,batch04,abstract-ART002176025,P3b,qwen3-8b,ai,510
D16662.docx,batch04,abstract-ART002002460,P3b,qwen3-8b,ai,621
D16663.docx,batch04,abstract-ART002546417,P3b,qwen3-8b,ai,822
D16664.docx,batch04,abstract-ART000856302,P3b,qwen3-8b,ai,536
D16665.docx,batch04,abstract-ART000857763,P3b,qwen3-8b,ai,820
D16666.docx,batch04,abstract-ART001414229,P3b,qwen3-8b,ai,644
D16667.docx,batch04,abstract-ART000867298,P3b,qwen3-8b,ai,526
D16668.docx,batch04,abstract-ART000872417,P3b,qwen3-8b,ai,367
D16669.docx,batch04,abstract-ART000870150,P3b,qwen3-8b,ai,494
D16670.docx,batch04,abstract-ART000903376,P3b,qwen3-8b,ai,519
D16671.docx,batch04,abstract-ART000902114,P3b,qwen3-8b,ai,528
D16672.docx,batch04,abstract-ART000869486,P3b,qwen3-8b,ai,607
D16673.docx,batch04,abstract-ART001835839,P3b,qwen3-8b,ai,423
D16674.docx,batch04,abstract-ART000885605,P3b,qwen3-8b,ai,648
D16675.docx,batch04,abstract-ART000890646,P3b,qwen3-8b,ai,565
D16676.docx,batch04,abstract-ART000899343,P3b,qwen3-8b,ai,649
D16677.docx,batch04,abstract-ART000863366,P3b,qwen3-8b,ai,387
D16678.docx,batch04,abstract-ART000863796,P3b,qwen3-8b,ai,677
D16679.docx,batch04,abstract-ART000889096,P3b,qwen3-8b,ai,539
D16680.docx,batch04,abstract-ART000858634,P3b,qwen3-8b,ai,722
D16681.docx,batch04,abstract-ART000906490,P3b,qwen3-8b,ai,274
D16682.docx,batch04,abstract-ART000873574,P3b,qwen3-8b,ai,601
D16683.docx,batch04,abstract-ART000857401,P3b,qwen3-8b,ai,854
D16684.docx,batch04,abstract-ART000865138,P3b,qwen3-8b,ai,435
D16685.docx,batch04,abstract-ART000897670,P3b,qwen3-8b,ai,456
D16686.docx,batch04,abstract-ART000894178,P3b,qwen3-8b,ai,454
D16687.docx,batch04,abstract-ART000902002,P3b,qwen3-8b,ai,324
D16688.docx,batch04,abstract-ART000872235,P3b,qwen3-8b,ai,550
D16689.docx,batch04,abstract-ART000908042,P3b,qwen3-8b,ai,321
D16690.docx,batch04,abstract-ART000888501,P3b,qwen3-8b,ai,351
D16691.docx,batch04,abstract-ART000851952,P3b,qwen3-8b,ai,418
D16692.docx,batch04,abstract-ART000863297,P3b,qwen3-8b,ai,779
D16693.docx,batch04,abstract-ART000902709,P3b,qwen3-8b,ai,463
D16694.docx,batch04,abstract-ART000865360,P3b,qwen3-8b,ai,471
D16695.docx,batch04,abstract-ART000902089,P3b,qwen3-8b,ai,470
D16696.docx,batch04,abstract-ART000886981,P3b,qwen3-8b,ai,400
D16697.docx,batch04,abstract-ART000903424,P3b,qwen3-8b,ai,418
D16698.docx,batch04,abstract-ART000899192,P3b,qwen3-8b,ai,319
D16699.docx,batch04,abstract-ART000878353,P3b,qwen3-8b,ai,495
D16700.docx,batch04,abstract-ART000852631,P3b,qwen3-8b,ai,504
D16701.docx,batch04,abstract-ART000866951,P3b,qwen3-8b,ai,614
D16702.docx,batch04,abstract-ART000900150,P3b,qwen3-8b,ai,933
D16703.docx,batch04,abstract-ART000867201,P3b,qwen3-8b,ai,346
D16704.docx,batch04,abstract-ART000852515,P3b,qwen3-8b,ai,484
D16705.docx,batch04,abstract-ART000871563,P3b,qwen3-8b,ai,644
D16706.docx,batch04,abstract-ART000886265,P3b,qwen3-8b,ai,466
D16707.docx,batch04,abstract-ART000864352,P3b,qwen3-8b,ai,455
D16708.docx,batch04,abstract-ART000906218,P3b,qwen3-8b,ai,614
D16709.docx,batch04,abstract-ART000888684,P3b,qwen3-8b,ai,765
D16710.docx,batch04,abstract-ART000901315,P3b,qwen3-8b,ai,634
D16711.docx,batch04,abstract-ART000863861,P3b,qwen3-8b,ai,439
D16712.docx,batch04,abstract-ART000875653,P3b,qwen3-8b,ai,647
D16713.docx,batch04,abstract-ART000898043,P3b,qwen3-8b,ai,732
D16714.docx,batch04,abstract-ART000905569,P3b,qwen3-8b,ai,582
D16715.docx,batch04,abstract-ART002031411,P3b,qwen3-8b,ai,823
D16716.docx,batch04,abstract-ART000866796,P3b,qwen3-8b,ai,1142
D16717.docx,batch04,abstract-ART000905046,P3b,qwen3-8b,ai,492
D16718.docx,batch04,abstract-ART000897353,P3b,qwen3-8b,ai,480
D16719.docx,batch04,abstract-ART000858263,P3b,qwen3-8b,ai,399
D16720.docx,batch04,abstract-ART000905886,P3b,qwen3-8b,ai,450
D16721.docx,batch04,abstract-ART000873227,P3b,qwen3-8b,ai,550
D16722.docx,batch04,abstract-ART000900333,P3b,qwen3-8b,ai,678
D16723.docx,batch04,abstract-ART000888522,P3b,qwen3-8b,ai,722
D16724.docx,batch04,abstract-ART000872168,P3b,qwen3-8b,ai,772
D16725.docx,batch04,abstract-ART002460584,P3b,qwen3-8b,ai,500
D16726.docx,batch04,abstract-ART000881313,P3b,qwen3-8b,ai,771
D16727.docx,batch04,abstract-ART000863619,P3b,qwen3-8b,ai,496
D16728.docx,batch04,abstract-ART000900326,P3b,qwen3-8b,ai,462
D16729.docx,batch04,abstract-ART000888286,P3b,qwen3-8b,ai,610
D16730.docx,batch04,abstract-ART000858221,P3b,qwen3-8b,ai,552
D16731.docx,batch04,abstract-ART001697690,P3b,qwen3-8b,ai,488
D16732.docx,batch04,abstract-ART000896582,P3b,qwen3-8b,ai,360
D16733.docx,batch04,abstract-ART000885750,P3b,qwen3-8b,ai,712
D16734.docx,batch04,abstract-ART001800198,P3b,qwen3-8b,ai,965
D16735.docx,batch04,abstract-ART000857993,P3b,qwen3-8b,ai,688
D16736.docx,batch04,abstract-ART000885768,P3b,qwen3-8b,ai,372
D16737.docx,batch04,abstract-ART000889467,P3b,qwen3-8b,ai,388
D16738.docx,batch04,abstract-ART000898028,P3b,qwen3-8b,ai,471
D16739.docx,batch04,abstract-ART001517049,P3b,qwen3-8b,ai,391
D16740.docx,batch04,abstract-ART000885296,P3b,qwen3-8b,ai,765
D16741.docx,batch04,abstract-ART000895530,P3b,qwen3-8b,ai,710
D16742.docx,batch04,abstract-ART001804672,P3b,qwen3-8b,ai,983
D16743.docx,batch04,abstract-ART000899720,P3b,qwen3-8b,ai,602
D16744.docx,batch04,abstract-ART000877514,P3b,qwen3-8b,ai,540
D16745.docx,batch04,abstract-ART000856390,P3b,qwen3-8b,ai,748
D16746.docx,batch04,abstract-ART000896949,P3b,qwen3-8b,ai,504
D16747.docx,batch04,abstract-ART000905623,P3b,qwen3-8b,ai,430
D16748.docx,batch04,abstract-ART000852886,P3b,qwen3-8b,ai,418
D16749.docx,batch04,abstract-ART000903311,P3b,qwen3-8b,ai,571
D16750.docx,batch04,abstract-ART000890654,P3b,qwen3-8b,ai,323
D16751.docx,batch04,abstract-ART000860374,P3b,qwen3-8b,ai,403
D16752.docx,batch04,abstract-ART000870049,P3b,qwen3-8b,ai,475
D16753.docx,batch04,abstract-ART000888647,P3b,qwen3-8b,ai,466
D16754.docx,batch04,abstract-ART000881041,P3b,qwen3-8b,ai,567
D16755.docx,batch04,abstract-ART000903887,P3b,qwen3-8b,ai,931
D16756.docx,batch04,abstract-ART000892105,P3b,qwen3-8b,ai,477
D16757.docx,batch04,abstract-ART000867878,P3b,qwen3-8b,ai,540
D16758.docx,batch04,abstract-ART000881731,P3b,qwen3-8b,ai,528
D16759.docx,batch04,abstract-ART000887707,P3b,qwen3-8b,ai,608
D16760.docx,batch04,abstract-ART000852069,P3b,qwen3-8b,ai,537
D16761.docx,batch04,abstract-ART002459557,P3b,qwen3-8b,ai,499
D16762.docx,batch04,abstract-ART000851078,P3b,qwen3-8b,ai,683
D16763.docx,batch04,abstract-ART000873619,P3b,qwen3-8b,ai,461
D16764.docx,batch04,abstract-ART000853269,P3b,qwen3-8b,ai,1134
D16765.docx,batch04,abstract-ART000882849,P3b,qwen3-8b,ai,344
D16766.docx,batch04,abstract-ART000897653,P3b,qwen3-8b,ai,704
D16767.docx,batch04,abstract-ART000896626,P3b,qwen3-8b,ai,471
D16768.docx,batch04,abstract-ART001305152,P3b,qwen3-8b,ai,656
D16769.docx,batch04,abstract-ART000888738,P3b,qwen3-8b,ai,802
D16770.docx,batch04,abstract-ART000852088,P3b,qwen3-8b,ai,387
D16771.docx,batch04,abstract-ART000868940,P3b,qwen3-8b,ai,706
D16772.docx,batch04,abstract-ART000895657,P3b,qwen3-8b,ai,914
D16773.docx,batch04,abstract-ART000903171,P3b,qwen3-8b,ai,350
D16774.docx,batch04,abstract-ART002175898,P3b,qwen3-8b,ai,414
D16775.docx,batch04,abstract-ART001598646,P3b,qwen3-8b,ai,467
D16776.docx,batch04,abstract-ART000906265,P3b,qwen3-8b,ai,524
D16777.docx,batch04,abstract-ART000853301,P3b,qwen3-8b,ai,904
D16778.docx,batch04,abstract-ART000889377,P3b,qwen3-8b,ai,487
D16779.docx,batch04,abstract-ART000892530,P3b,qwen3-8b,ai,365
D16780.docx,batch04,abstract-ART002442178,P3b,qwen3-8b,ai,879
D16781.docx,batch04,abstract-ART000893322,P3b,qwen3-8b,ai,803
D16782.docx,batch04,abstract-ART000857586,P3b,qwen3-8b,ai,479
D16783.docx,batch04,abstract-ART000906515,P3b,qwen3-8b,ai,519
D16784.docx,batch04,abstract-ART000858036,P3b,qwen3-8b,ai,613
D16785.docx,batch04,abstract-ART000860809,P3b,qwen3-8b,ai,485
D16786.docx,batch04,abstract-ART000901928,P3b,qwen3-8b,ai,340
D16787.docx,batch04,abstract-ART000864097,P3b,qwen3-8b,ai,758
D16788.docx,batch04,abstract-ART000861082,P3b,qwen3-8b,ai,475
D16789.docx,batch04,abstract-ART000863893,P3b,qwen3-8b,ai,680
D16790.docx,batch04,abstract-ART000900164,P3b,qwen3-8b,ai,284
D16791.docx,batch04,abstract-ART000878891,P3b,qwen3-8b,ai,454
D16792.docx,batch04,abstract-ART000906442,P3b,qwen3-8b,ai,432
D16793.docx,batch04,abstract-ART000870015,P3b,qwen3-8b,ai,333
D16794.docx,batch04,abstract-ART000889045,P3b,qwen3-8b,ai,809
D16795.docx,batch04,abstract-ART000864800,P3b,qwen3-8b,ai,791
D16796.docx,batch04,abstract-ART000888579,P3b,qwen3-8b,ai,539
D16797.docx,batch04,abstract-ART000896011,P3b,qwen3-8b,ai,417
D16798.docx,batch04,abstract-ART000872787,P3b,qwen3-8b,ai,492
D16799.docx,batch04,abstract-ART000875037,P3b,qwen3-8b,ai,512
D16800.docx,batch04,abstract-ART000899433,P3b,qwen3-8b,ai,569
D16801.docx,batch04,abstract-ART000875932,P3b,qwen3-8b,ai,604
D16802.docx,batch04,abstract-ART002298990,P3b,qwen3-8b,ai,743
D16803.docx,batch04,abstract-ART000858230,P3b,qwen3-8b,ai,663
D16804.docx,batch04,abstract-ART000905221,P3b,qwen3-8b,ai,447
D16805.docx,batch04,abstract-ART002468988,P3b,qwen3-8b,ai,860
D16806.docx,batch04,abstract-ART000858003,P3b,qwen3-8b,ai,498
D16807.docx,batch04,abstract-ART000880939,P3b,qwen3-8b,ai,980
D16808.docx,batch04,abstract-ART000905492,P3b,qwen3-8b,ai,566
D16809.docx,batch04,abstract-ART000875852,P3b,qwen3-8b,ai,845
D16810.docx,batch04,abstract-ART000867756,P3b,qwen3-8b,ai,420
D16811.docx,batch04,abstract-ART000894048,P3b,qwen3-8b,ai,527
D16812.docx,batch04,abstract-ART001109428,P3b,qwen3-8b,ai,390
D16813.docx,batch04,abstract-ART000868128,P3b,qwen3-8b,ai,513
D16814.docx,batch04,abstract-ART000863368,P3b,qwen3-8b,ai,448
D16815.docx,batch04,abstract-ART000878551,P3b,qwen3-8b,ai,1047
D16816.docx,batch04,abstract-ART000890183,P3b,qwen3-8b,ai,699
D16817.docx,batch04,abstract-ART000856393,P3b,qwen3-8b,ai,358
D16818.docx,batch04,abstract-ART000857382,P3b,qwen3-8b,ai,605
D16819.docx,batch04,abstract-ART000865213,P3b,qwen3-8b,ai,447
D16820.docx,batch04,abstract-ART000902140,P3b,qwen3-8b,ai,587
D16821.docx,batch04,abstract-ART000855229,P3b,qwen3-8b,ai,338
D16822.docx,batch04,abstract-ART000897954,P3b,qwen3-8b,ai,515
D16823.docx,batch04,abstract-ART001673501,P3b,qwen3-8b,ai,394
D16824.docx,batch04,abstract-ART000869144,P3b,qwen3-8b,ai,320
D16825.docx,batch04,abstract-ART000894052,P3b,qwen3-8b,ai,370
D16826.docx,batch04,abstract-ART001569161,P3b,qwen3-8b,ai,397
D16827.docx,batch04,abstract-ART000887612,P3b,qwen3-8b,ai,646
D16828.docx,batch04,abstract-ART002002441,P3b,qwen3-8b,ai,606
D16829.docx,batch04,abstract-ART000881934,P3b,qwen3-8b,ai,575
D16830.docx,batch04,abstract-ART000852292,P3b,qwen3-8b,ai,361
D16831.docx,batch04,abstract-ART000856394,P3b,qwen3-8b,ai,439
D16832.docx,batch04,abstract-ART000878887,P3b,qwen3-8b,ai,804
D16833.docx,batch04,abstract-ART002559530,P3b,qwen3-8b,ai,811
D16834.docx,batch04,abstract-ART001863103,P3b,qwen3-8b,ai,521
D16835.docx,batch04,abstract-ART000896636,P3b,qwen3-8b,ai,490
D16836.docx,batch04,abstract-ART000869563,P3b,qwen3-8b,ai,491
D16837.docx,batch04,abstract-ART000892973,P3b,qwen3-8b,ai,504
D16838.docx,batch04,abstract-ART000892681,P3b,qwen3-8b,ai,590
D16839.docx,batch04,abstract-ART002525661,P3b,qwen3-8b,ai,502
D16840.docx,batch04,abstract-ART000888874,P3b,qwen3-8b,ai,809
D16841.docx,batch04,abstract-ART000889856,P3b,qwen3-8b,ai,731
D16842.docx,batch04,abstract-ART000864209,P3b,qwen3-8b,ai,448
D16843.docx,batch04,abstract-ART002232921,P3b,qwen3-8b,ai,772
D16844.docx,batch04,abstract-ART000878985,P3b,qwen3-8b,ai,580
D16845.docx,batch04,abstract-ART002487255,P3b,qwen3-8b,ai,592
D16846.docx,batch04,abstract-ART000879164,P3b,qwen3-8b,ai,455
D16847.docx,batch04,abstract-ART002318021,P3b,qwen3-8b,ai,461
D16848.docx,batch04,abstract-ART000864663,P3b,qwen3-8b,ai,772
D16849.docx,batch04,abstract-ART000862172,P3b,qwen3-8b,ai,360
D16850.docx,batch04,abstract-ART000892971,P3b,qwen3-8b,ai,330
D16851.docx,batch04,abstract-ART000894158,P3b,qwen3-8b,ai,723
D16852.docx,batch04,abstract-ART000888741,P3b,qwen3-8b,ai,652
D16853.docx,batch04,abstract-ART002124007,P3b,qwen3-8b,ai,615
D16854.docx,batch04,abstract-ART000901878,P3b,qwen3-8b,ai,511
D16855.docx,batch04,abstract-ART000884003,P3b,qwen3-8b,ai,596
D16856.docx,batch04,abstract-ART000891852,P3b,qwen3-8b,ai,399
D16857.docx,batch04,abstract-ART000896228,P3b,qwen3-8b,ai,375
D16858.docx,batch04,abstract-ART000900900,P3b,qwen3-8b,ai,706
D16859.docx,batch04,abstract-ART000888617,P3b,qwen3-8b,ai,1040
D16860.docx,batch04,abstract-ART000880119,P3b,qwen3-8b,ai,346
D16861.docx,batch04,abstract-ART000858193,P3b,qwen3-8b,ai,1081
D16862.docx,batch04,abstract-ART000894100,P3b,qwen3-8b,ai,667
D16863.docx,batch04,abstract-ART000869342,P3b,qwen3-8b,ai,704
D16864.docx,batch04,abstract-ART000864118,P3b,qwen3-8b,ai,481
D16865.docx,batch04,abstract-ART000861260,P3b,qwen3-8b,ai,708
D16866.docx,batch04,abstract-ART000864364,P3b,qwen3-8b,ai,846
D16867.docx,batch04,abstract-ART000902781,P3b,qwen3-8b,ai,325
D16868.docx,batch04,abstract-ART000862171,P3b,qwen3-8b,ai,522
D16869.docx,batch04,abstract-ART000896131,P3b,qwen3-8b,ai,586
D16870.docx,batch04,abstract-ART002238089,P3b,qwen3-8b,ai,468
D16871.docx,batch04,abstract-ART000902541,P3b,qwen3-8b,ai,526
D16872.docx,batch04,abstract-ART000864667,P3b,qwen3-8b,ai,356
D16873.docx,batch04,abstract-ART000869568,P3b,qwen3-8b,ai,553
D16874.docx,batch04,abstract-ART000897655,P3b,qwen3-8b,ai,931
D16875.docx,batch04,abstract-ART000875637,P3b,qwen3-8b,ai,776
D16876.docx,batch04,abstract-ART000906522,P3b,qwen3-8b,ai,426
D16877.docx,batch04,abstract-ART000877413,P3b,qwen3-8b,ai,389
D16878.docx,batch04,abstract-ART000868535,P3b,qwen3-8b,ai,606
D16879.docx,batch04,abstract-ART000871497,P3b,qwen3-8b,ai,515
D16880.docx,batch04,abstract-ART000856021,P3b,qwen3-8b,ai,906
D16881.docx,batch04,abstract-ART000880801,P3b,qwen3-8b,ai,320
D16882.docx,batch04,abstract-ART000875401,P3b,qwen3-8b,ai,531
D16883.docx,batch04,abstract-ART000889263,P3b,qwen3-8b,ai,336
D16884.docx,batch04,abstract-ART000872170,P3b,qwen3-8b,ai,710
D16885.docx,batch04,abstract-ART000900079,P3b,qwen3-8b,ai,749
D16886.docx,batch04,abstract-ART001900987,P3b,qwen3-8b,ai,470
D16887.docx,batch04,abstract-ART000901469,P3b,qwen3-8b,ai,798
D16888.docx,batch04,abstract-ART000884322,P3b,qwen3-8b,ai,1102
D16889.docx,batch04,abstract-ART000858413,P3b,qwen3-8b,ai,390
D16890.docx,batch04,abstract-ART000873160,P3b,qwen3-8b,ai,443
D16891.docx,batch04,abstract-ART000892982,P3b,qwen3-8b,ai,755
D16892.docx,batch04,abstract-ART000868501,P3b,qwen3-8b,ai,1038
D16893.docx,batch04,abstract-ART000869408,P3b,qwen3-8b,ai,742
D16894.docx,batch04,abstract-ART000893675,P3b,qwen3-8b,ai,593
D16895.docx,batch04,abstract-ART000903056,P3b,qwen3-8b,ai,391
D16896.docx,batch04,abstract-ART002228985,P3b,qwen3-8b,ai,586
D16897.docx,batch04,abstract-ART001584930,P3b,qwen3-8b,ai,983
D16898.docx,batch04,abstract-ART000875484,P3b,qwen3-8b,ai,811
D16899.docx,batch04,abstract-ART000903422,P3b,qwen3-8b,ai,459
D16900.docx,batch04,abstract-ART000898535,P3b,qwen3-8b,ai,737
D16901.docx,batch04,abstract-ART002446591,P3b,qwen3-8b,ai,695
D16902.docx,batch04,abstract-ART000868257,P3b,qwen3-8b,ai,610
D16903.docx,batch04,abstract-ART000880456,P3b,qwen3-8b,ai,379
D16904.docx,batch04,abstract-ART002378849,P3b,qwen3-8b,ai,644
D16905.docx,batch04,abstract-ART000866954,P3b,qwen3-8b,ai,559
D16906.docx,batch04,abstract-ART000888298,P3b,qwen3-8b,ai,634
D16907.docx,batch04,abstract-ART000880340,P3b,qwen3-8b,ai,633
D16908.docx,batch04,abstract-ART000900480,P3b,qwen3-8b,ai,947
D16909.docx,batch04,abstract-ART000908127,P3b,qwen3-8b,ai,452
D16910.docx,batch04,abstract-ART000901863,P3b,qwen3-8b,ai,455
D16911.docx,batch04,abstract-ART000869538,P3b,qwen3-8b,ai,451
D16912.docx,batch04,abstract-ART000876924,P3b,qwen3-8b,ai,438
D16913.docx,batch04,abstract-ART002110089,P3b,qwen3-8b,ai,351
D16914.docx,batch04,abstract-ART000869327,P3b,qwen3-8b,ai,349
D16915.docx,batch04,abstract-ART000852427,P3b,qwen3-8b,ai,976
D16916.docx,batch04,abstract-ART000872348,P3b,qwen3-8b,ai,333
D16917.docx,batch04,abstract-ART000896280,P3b,qwen3-8b,ai,325
D16918.docx,batch04,abstract-ART000895568,P3b,qwen3-8b,ai,564
D16919.docx,batch04,abstract-ART000880342,P3b,qwen3-8b,ai,791
D16920.docx,batch04,abstract-ART000896207,P3b,qwen3-8b,ai,412
D16921.docx,batch04,abstract-ART002285992,P3b,qwen3-8b,ai,497
D16922.docx,batch04,abstract-ART000856090,P3b,qwen3-8b,ai,527
D16923.docx,batch04,abstract-ART000907235,P3b,qwen3-8b,ai,503
D16924.docx,batch04,abstract-ART000903794,P3b,qwen3-8b,ai,364
D16925.docx,batch04,abstract-ART000860160,P3b,qwen3-8b,ai,476
D16926.docx,batch04,abstract-ART000877727,P3b,qwen3-8b,ai,453
D16927.docx,batch04,abstract-ART000885298,P3b,qwen3-8b,ai,845
D16928.docx,batch04,abstract-ART000879187,P3b,qwen3-8b,ai,361
D16929.docx,batch04,abstract-ART000895372,P3b,qwen3-8b,ai,557
D16930.docx,batch04,abstract-ART002070653,P3b,qwen3-8b,ai,612
D16931.docx,batch04,abstract-ART000885506,P3b,qwen3-8b,ai,310
D16932.docx,batch04,abstract-ART001746683,P3b,qwen3-8b,ai,840
D16933.docx,batch04,abstract-ART001640236,P3b,qwen3-8b,ai,820
D16934.docx,batch04,abstract-ART000907352,P3b,qwen3-8b,ai,341
D16935.docx,batch04,abstract-ART000868868,P3b,qwen3-8b,ai,304
D16936.docx,batch04,abstract-ART000852204,P3b,qwen3-8b,ai,595
D16937.docx,batch04,abstract-ART000892549,P3b,qwen3-8b,ai,418
D16938.docx,batch04,abstract-ART000878290,P3b,qwen3-8b,ai,428
D16939.docx,batch04,abstract-ART000865970,P3b,qwen3-8b,ai,318
D16940.docx,batch04,abstract-ART000868085,P3b,qwen3-8b,ai,670
D16941.docx,batch04,abstract-ART000871180,P3b,qwen3-8b,ai,1128
D16942.docx,batch04,abstract-ART000882372,P3b,qwen3-8b,ai,670
D16943.docx,batch04,abstract-ART000898550,P3b,qwen3-8b,ai,353
D16944.docx,batch04,abstract-ART002469065,P3b,qwen3-8b,ai,623
D16945.docx,batch04,abstract-ART000861287,P3b,qwen3-8b,ai,949
D16946.docx,batch04,abstract-ART002093359,P3b,qwen3-8b,ai,767
D16947.docx,batch04,abstract-ART000889269,P3b,qwen3-8b,ai,377
D16948.docx,batch04,abstract-ART000888569,P3b,qwen3-8b,ai,799
D16949.docx,batch04,abstract-ART000861774,P3b,qwen3-8b,ai,560
D16950.docx,batch04,abstract-ART000895481,P3b,qwen3-8b,ai,540
D16951.docx,batch04,abstract-ART000884050,P3b,qwen3-8b,ai,1156
D16952.docx,batch04,abstract-ART000856403,P3b,qwen3-8b,ai,494
D16953.docx,batch04,abstract-ART000880146,P3b,qwen3-8b,ai,357
D16954.docx,batch04,abstract-ART000861023,P3b,qwen3-8b,ai,613
D16955.docx,batch04,abstract-ART000894252,P3b,qwen3-8b,ai,450
D16956.docx,batch04,abstract-ART002123977,P3b,qwen3-8b,ai,480
D16957.docx,batch04,abstract-ART001640240,P3b,qwen3-8b,ai,635
D16958.docx,batch04,abstract-ART000861273,P3b,qwen3-8b,ai,574
D16959.docx,batch04,abstract-ART000900688,P3b,qwen3-8b,ai,416
D16960.docx,batch04,abstract-ART000861196,P3b,qwen3-8b,ai,549
D16961.docx,batch04,abstract-ART001681481,P3b,qwen3-8b,ai,652
D16962.docx,batch04,abstract-ART002089510,P3b,qwen3-8b,ai,321
D16963.docx,batch04,abstract-ART000854032,P3b,qwen3-8b,ai,452
D16964.docx,batch04,abstract-ART000889522,P3b,qwen3-8b,ai,1016
D16965.docx,batch04,abstract-ART001270782,P3b,qwen3-8b,ai,355
D16966.docx,batch04,abstract-ART002137022,P3b,qwen3-8b,ai,721
D16967.docx,batch04,abstract-ART000904423,P3b,qwen3-8b,ai,406
D16968.docx,batch04,abstract-ART000899722,P3b,qwen3-8b,ai,704
D16969.docx,batch04,abstract-ART000869412,P3b,qwen3-8b,ai,378
D16970.docx,batch04,abstract-ART000863298,P3b,qwen3-8b,ai,683
D16971.docx,batch04,abstract-ART000873012,P3b,qwen3-8b,ai,476
D16972.docx,batch04,abstract-ART000876989,P3b,qwen3-8b,ai,437
D16973.docx,batch04,abstract-ART000857381,P3b,qwen3-8b,ai,644
D16974.docx,batch04,abstract-ART000857306,P3b,qwen3-8b,ai,775
D16975.docx,batch04,abstract-ART001064649,P3b,qwen3-8b,ai,490
D16976.docx,batch04,abstract-ART000902204,P3b,qwen3-8b,ai,294
D16977.docx,batch04,abstract-ART000858591,P3b,qwen3-8b,ai,962
D16978.docx,batch04,abstract-ART000888494,P3b,qwen3-8b,ai,597
D16979.docx,batch04,abstract-ART000902635,P3b,qwen3-8b,ai,451
D16980.docx,batch04,abstract-ART000863797,P3b,qwen3-8b,ai,481
D16981.docx,batch04,abstract-ART000872361,P3b,qwen3-8b,ai,324
D16982.docx,batch04,abstract-ART000888416,P3b,qwen3-8b,ai,467
D16983.docx,batch04,abstract-ART000865966,P3b,qwen3-8b,ai,379
D16984.docx,batch04,abstract-ART000868532,P3b,qwen3-8b,ai,887
D16985.docx,batch04,abstract-ART000877180,P3b,qwen3-8b,ai,639
D16986.docx,batch04,abstract-ART000897440,P3b,qwen3-8b,ai,587
D16987.docx,batch04,abstract-ART000902203,P3b,qwen3-8b,ai,418
D16988.docx,batch04,abstract-ART000863310,P3b,qwen3-8b,ai,672
D16989.docx,batch04,abstract-ART000875844,P3b,qwen3-8b,ai,667
D16990.docx,batch04,abstract-ART000854367,P3b,qwen3-8b,ai,309
D16991.docx,batch04,abstract-ART000903557,P3b,qwen3-8b,ai,483
D16992.docx,batch04,abstract-ART000967215,P3b,qwen3-8b,ai,549
D16993.docx,batch04,abstract-ART000892694,P3b,qwen3-8b,ai,455
D16994.docx,batch04,abstract-ART000894154,P3b,qwen3-8b,ai,385
D16995.docx,batch04,abstract-ART000904708,P3b,qwen3-8b,ai,696
D16996.docx,batch04,abstract-ART001994257,P3b,qwen3-8b,ai,818
D16997.docx,batch04,abstract-ART000861030,P3b,qwen3-8b,ai,589
D16998.docx,batch04,abstract-ART000878984,P3b,qwen3-8b,ai,315
D16999.docx,batch04,abstract-ART000875664,P3b,qwen3-8b,ai,753
D17000.docx,batch04,abstract-ART000905877,P3b,qwen3-8b,ai,290
D17001.docx,batch04,abstract-ART000851316,P3b,qwen3-8b,ai,784
D17002.docx,batch04,abstract-ART001424856,P3b,qwen3-8b,ai,727
D17003.docx,batch04,abstract-ART000887409,P3b,qwen3-8b,ai,388
D17004.docx,batch04,abstract-ART000868787,P3b,qwen3-8b,ai,793
D17005.docx,batch04,abstract-ART000867290,P3b,qwen3-8b,ai,387
D17006.docx,batch04,abstract-ART001950621,P3b,qwen3-8b,ai,694
D17007.docx,batch04,abstract-ART000874914,P3b,qwen3-8b,ai,867
D17008.docx,batch04,abstract-ART000888178,P3b,qwen3-8b,ai,868
D17009.docx,batch04,abstract-ART000905257,P3b,qwen3-8b,ai,369
D17010.docx,batch04,abstract-ART000864277,P3b,qwen3-8b,ai,909
D17011.docx,batch04,abstract-ART000893849,P3b,qwen3-8b,ai,364
D17012.docx,batch04,abstract-ART001735873,P3b,qwen3-8b,ai,645
D17013.docx,batch04,abstract-ART001375359,P3b,qwen3-8b,ai,486
D17014.docx,batch04,abstract-ART000903809,P3b,qwen3-8b,ai,727
D17015.docx,batch04,abstract-ART000888380,P3b,qwen3-8b,ai,529
D17016.docx,batch04,abstract-ART000901749,P3b,qwen3-8b,ai,391
D17017.docx,batch04,abstract-ART000878866,P3b,qwen3-8b,ai,650
D17018.docx,batch04,abstract-ART000880663,P3b,qwen3-8b,ai,477
D17019.docx,batch04,abstract-ART001683123,P3b,qwen3-8b,ai,638
D17020.docx,batch04,abstract-ART000866795,P3b,qwen3-8b,ai,1006
D17021.docx,batch04,abstract-ART001707594,P3b,qwen3-8b,ai,626
D17022.docx,batch04,abstract-ART000854788,P3b,qwen3-8b,ai,972
D17023.docx,batch04,abstract-ART000871226,P3b,qwen3-8b,ai,550
D17024.docx,batch04,abstract-ART000893842,P3b,qwen3-8b,ai,495
D17025.docx,batch04,abstract-ART000869082,P3b,qwen3-8b,ai,557
D17026.docx,batch04,abstract-ART000882778,P3b,qwen3-8b,ai,411
D17027.docx,batch04,abstract-ART000852538,P3b,qwen3-8b,ai,405
D17028.docx,batch04,abstract-ART001305218,P3b,qwen3-8b,ai,677
D17029.docx,batch04,abstract-ART000897282,P3b,qwen3-8b,ai,835
D17030.docx,batch04,abstract-ART000903556,P3b,qwen3-8b,ai,797
D17031.docx,batch04,abstract-ART000902037,P3b,qwen3-8b,ai,729
D17032.docx,batch04,abstract-ART000861281,P3b,qwen3-8b,ai,557
D17033.docx,batch04,abstract-ART000905232,P3b,qwen3-8b,ai,375
D17034.docx,batch04,abstract-ART001252737,P3b,qwen3-8b,ai,455
D17035.docx,batch04,abstract-ART001707121,P3b,qwen3-8b,ai,741
D17036.docx,batch04,abstract-ART000871099,P3b,qwen3-8b,ai,781
D17037.docx,batch04,abstract-ART000889256,P3b,qwen3-8b,ai,507
D17038.docx,batch04,abstract-ART000874413,P3b,qwen3-8b,ai,644
D17039.docx,batch04,abstract-ART000897652,P3b,qwen3-8b,ai,633
D17040.docx,batch04,abstract-ART000905873,P3b,qwen3-8b,ai,331
D17041.docx,batch04,abstract-ART000876899,P3b,qwen3-8b,ai,411
D17042.docx,batch04,abstract-ART000869148,P3b,qwen3-8b,ai,382
D17043.docx,batch04,abstract-ART000903810,P3b,qwen3-8b,ai,400
D17044.docx,batch04,abstract-ART000862003,P3b,qwen3-8b,ai,329
D17045.docx,batch04,abstract-ART000881766,P3b,qwen3-8b,ai,471
D17046.docx,batch04,abstract-ART001292756,P3b,qwen3-8b,ai,688
D17047.docx,batch04,abstract-ART000892688,P3b,qwen3-8b,ai,420
D17048.docx,batch04,abstract-ART000873446,P3b,qwen3-8b,ai,608
D17049.docx,batch04,abstract-ART000892186,P3b,qwen3-8b,ai,335
D17050.docx,batch04,abstract-ART000868267,P3b,qwen3-8b,ai,605
D17051.docx,batch04,abstract-ART000875008,P3b,qwen3-8b,ai,404
D17052.docx,batch04,abstract-ART000872895,P3b,qwen3-8b,ai,804
D17053.docx,batch04,abstract-ART000900078,P3b,qwen3-8b,ai,727
D17054.docx,batch04,abstract-ART000905318,P3b,qwen3-8b,ai,417
D17055.docx,batch04,abstract-ART000869881,P3b,qwen3-8b,ai,583
D17056.docx,batch04,abstract-ART000894042,P3b,qwen3-8b,ai,488
D17057.docx,batch04,abstract-ART000887272,P3b,qwen3-8b,ai,327
D17058.docx,batch04,abstract-ART000885873,P3b,qwen3-8b,ai,963
D17059.docx,batch04,abstract-ART000906496,P3b,qwen3-8b,ai,470
D17060.docx,batch04,abstract-ART001473415,P3b,qwen3-8b,ai,448
D17061.docx,batch04,abstract-ART000902708,P3b,qwen3-8b,ai,368
D17062.docx,batch04,abstract-ART001584915,P3b,qwen3-8b,ai,342
D17063.docx,batch04,abstract-ART000874356,P3b,qwen3-8b,ai,514
D17064.docx,batch04,abstract-ART000894095,P3b,qwen3-8b,ai,332
D17065.docx,batch04,abstract-ART000875940,P3b,qwen3-8b,ai,458
D17066.docx,batch04,abstract-ART002446558,P3b,qwen3-8b,ai,526
D17067.docx,batch04,abstract-ART000872295,P3b,qwen3-8b,ai,587
D17068.docx,batch04,abstract-ART000853221,P3b,qwen3-8b,ai,950
D17069.docx,batch04,abstract-ART000858897,P3b,qwen3-8b,ai,447
D17070.docx,batch04,abstract-ART000888217,P3b,qwen3-8b,ai,406
D17071.docx,batch04,abstract-ART000860263,P3b,qwen3-8b,ai,699
D17072.docx,batch04,abstract-ART000895501,P3b,qwen3-8b,ai,549
D17073.docx,batch04,abstract-ART000904413,P3b,qwen3-8b,ai,425
D17074.docx,batch04,abstract-ART000862024,P3b,qwen3-8b,ai,430
D17075.docx,batch04,abstract-ART000902112,P3b,qwen3-8b,ai,408
D17076.docx,batch04,abstract-ART000861230,P3b,qwen3-8b,ai,712
D17077.docx,batch04,abstract-ART001180995,P3b,qwen3-8b,ai,485
D17078.docx,batch04,abstract-ART000884160,P3b,qwen3-8b,ai,1005
D17079.docx,batch04,abstract-ART000857309,P3b,qwen3-8b,ai,1009
D17080.docx,batch04,abstract-ART000872156,P3b,qwen3-8b,ai,515
D17081.docx,batch04,abstract-ART000865986,P3b,qwen3-8b,ai,349
D17082.docx,batch04,abstract-ART000869326,P3b,qwen3-8b,ai,619
D17083.docx,batch04,abstract-ART000887467,P3b,qwen3-8b,ai,829
D17084.docx,batch04,abstract-ART000905981,P3b,qwen3-8b,ai,518
D17085.docx,batch04,abstract-ART000902575,P3b,qwen3-8b,ai,303
D17086.docx,batch04,abstract-ART000852594,P3b,qwen3-8b,ai,553
D17087.docx,batch04,abstract-ART000870286,P3b,qwen3-8b,ai,399
D17088.docx,batch04,abstract-ART000864885,P3b,qwen3-8b,ai,337
D17089.docx,batch04,abstract-ART000888923,P3b,qwen3-8b,ai,489
D17090.docx,batch04,abstract-ART000857670,P3b,qwen3-8b,ai,733
D17091.docx,batch04,abstract-ART002285923,P3b,qwen3-8b,ai,709
D17092.docx,batch04,abstract-ART001955640,P3b,qwen3-8b,ai,365
D17093.docx,batch04,abstract-ART000884535,P3b,qwen3-8b,ai,661
D17094.docx,batch04,abstract-ART000871795,P3b,qwen3-8b,ai,713
D17095.docx,batch04,abstract-ART000903215,P3b,qwen3-8b,ai,470
D17096.docx,batch04,abstract-ART000902029,P3b,qwen3-8b,ai,553
D17097.docx,batch04,abstract-ART002502690,P3b,qwen3-8b,ai,633
D17098.docx,batch04,abstract-ART000879191,P3b,qwen3-8b,ai,598
D17099.docx,batch04,abstract-ART000892524,P3b,qwen3-8b,ai,568
D17100.docx,batch04,abstract-ART000903507,P3b,qwen3-8b,ai,296
D17101.docx,batch04,abstract-ART000877519,P3b,qwen3-8b,ai,593
D17102.docx,batch04,abstract-ART000887465,P3b,qwen3-8b,ai,786
D17103.docx,batch04,abstract-ART000881318,P3b,qwen3-8b,ai,544
D17104.docx,batch04,abstract-ART000902983,P3b,qwen3-8b,ai,450
D17105.docx,batch04,abstract-ART000882762,P3b,qwen3-8b,ai,661
D17106.docx,batch04,abstract-ART000864276,P3b,qwen3-8b,ai,688
D17107.docx,batch04,abstract-ART000901988,P3b,qwen3-8b,ai,350
D17108.docx,batch04,abstract-ART000854038,P3b,qwen3-8b,ai,510
D17109.docx,batch04,abstract-ART000905657,P3b,qwen3-8b,ai,698
D17110.docx,batch04,abstract-ART002407472,P3b,qwen3-8b,ai,581
D17111.docx,batch04,abstract-ART001423482,P3b,qwen3-8b,ai,608
D17112.docx,batch04,abstract-ART000862011,P3b,qwen3-8b,ai,787
D17113.docx,batch04,abstract-ART000900927,P3b,qwen3-8b,ai,461
D17114.docx,batch04,abstract-ART000889756,P3b,qwen3-8b,ai,411
D17115.docx,batch04,abstract-ART000874258,P3b,qwen3-8b,ai,508
D17116.docx,batch04,abstract-ART002226302,P3b,qwen3-8b,ai,501
D17117.docx,batch04,abstract-ART000865795,P3b,qwen3-8b,ai,403
D17118.docx,batch04,abstract-ART000861072,P3b,qwen3-8b,ai,579
D17119.docx,batch04,abstract-ART000857036,P3b,qwen3-8b,ai,966
D17120.docx,batch04,abstract-ART000857762,P3b,qwen3-8b,ai,830
D17121.docx,batch04,abstract-ART000905629,P3b,qwen3-8b,ai,407
D17122.docx,batch04,abstract-ART000905150,P3b,qwen3-8b,ai,324
D17123.docx,batch04,abstract-ART000904961,P3b,qwen3-8b,ai,421
D17124.docx,batch04,abstract-ART000875744,P3b,qwen3-8b,ai,682
D17125.docx,batch04,abstract-ART000861033,P3b,qwen3-8b,ai,572
D17126.docx,batch04,abstract-ART001507451,P3b,qwen3-8b,ai,389
D17127.docx,batch04,abstract-ART000908118,P3b,qwen3-8b,ai,451
D17128.docx,batch04,abstract-ART000895893,P3b,qwen3-8b,ai,498
D17129.docx,batch04,abstract-ART000888993,P3b,qwen3-8b,ai,593
D17130.docx,batch04,abstract-ART000903389,P3b,qwen3-8b,ai,411
D17131.docx,batch04,abstract-ART000905571,P3b,qwen3-8b,ai,461
D17132.docx,batch04,abstract-ART000869017,P3b,qwen3-8b,ai,461
D17133.docx,batch04,abstract-ART000890247,P3b,qwen3-8b,ai,1103
D17134.docx,batch04,abstract-ART000869796,P3b,qwen3-8b,ai,385
D17135.docx,batch04,abstract-ART000895584,P3b,qwen3-8b,ai,289
D17136.docx,batch04,abstract-ART000888505,P3b,qwen3-8b,ai,317
D17137.docx,batch04,abstract-ART000905160,P3b,qwen3-8b,ai,531
D17138.docx,batch04,abstract-ART000906311,P3b,qwen3-8b,ai,310
D17139.docx,batch04,abstract-ART000905803,P3b,qwen3-8b,ai,471
D17140.docx,batch04,abstract-ART000882410,P3b,qwen3-8b,ai,356
D17141.docx,batch04,abstract-ART002147686,P3b,qwen3-8b,ai,816
D17142.docx,batch04,abstract-ART000892194,P3b,qwen3-8b,ai,578
D17143.docx,batch04,abstract-ART000902705,P3b,qwen3-8b,ai,412
D17144.docx,batch04,abstract-ART000889052,P3b,qwen3-8b,ai,362
D17145.docx,batch04,abstract-ART000864201,P3b,qwen3-8b,ai,1093
D17146.docx,batch04,abstract-ART000873489,P3b,qwen3-8b,ai,1044
D17147.docx,batch04,abstract-ART000861166,P3b,qwen3-8b,ai,430
D17148.docx,batch04,abstract-ART001962379,P3b,qwen3-8b,ai,522
D17149.docx,batch04,abstract-ART000905243,P3b,qwen3-8b,ai,356
D17150.docx,batch04,abstract-ART000892892,P3b,qwen3-8b,ai,355
D17151.docx,batch04,abstract-ART000887414,P3b,qwen3-8b,ai,752
D17152.docx,batch04,abstract-ART000895770,P3b,qwen3-8b,ai,401
D17153.docx,batch04,abstract-ART000875795,P3b,qwen3-8b,ai,569
D17154.docx,batch04,abstract-ART000901243,P3b,qwen3-8b,ai,745
D17155.docx,batch04,abstract-ART001414234,P3b,qwen3-8b,ai,418
D17156.docx,batch04,abstract-ART000872664,P3b,qwen3-8b,ai,734
D17157.docx,batch04,abstract-ART002378679,P3b,qwen3-8b,ai,617
D17158.docx,batch04,abstract-ART000897349,P3b,qwen3-8b,ai,573
D17159.docx,batch04,abstract-ART000861502,P3b,qwen3-8b,ai,533
D17160.docx,batch04,abstract-ART000906139,P3b,qwen3-8b,ai,381
D17161.docx,batch04,abstract-ART000857864,P3b,qwen3-8b,ai,659
D17162.docx,batch04,abstract-ART000878107,P3b,qwen3-8b,ai,466
D17163.docx,batch04,abstract-ART000903227,P3b,qwen3-8b,ai,847
D17164.docx,batch04,abstract-ART000861858,P3b,qwen3-8b,ai,727
D17165.docx,batch04,abstract-ART001786262,P3b,qwen3-8b,ai,621
D17166.docx,batch04,abstract-ART000892555,P3b,qwen3-8b,ai,361
D17167.docx,batch04,abstract-ART000889395,P3b,qwen3-8b,ai,466
D17168.docx,batch04,abstract-ART000863793,P3b,qwen3-8b,ai,502
D17169.docx,batch04,abstract-ART000902392,P3b,qwen3-8b,ai,450
D17170.docx,batch04,abstract-ART000870025,P3b,qwen3-8b,ai,306
D17171.docx,batch04,abstract-ART000903650,P3b,qwen3-8b,ai,413
D17172.docx,batch04,abstract-ART000892898,P3b,qwen3-8b,ai,397
D17173.docx,batch04,abstract-ART000856019,P3b,qwen3-8b,ai,575
D17174.docx,batch04,abstract-ART000894831,P3b,qwen3-8b,ai,405
D17175.docx,batch04,abstract-ART000902860,P3b,qwen3-8b,ai,288
D17176.docx,batch04,abstract-ART000852227,P3b,qwen3-8b,ai,523
D17177.docx,batch04,abstract-ART002494520,P3b,qwen3-8b,ai,527
D17178.docx,batch04,abstract-ART001503058,P3b,qwen3-8b,ai,678
D17179.docx,batch04,abstract-ART000905852,P3b,qwen3-8b,ai,671
D17180.docx,batch04,abstract-ART000884833,P3b,qwen3-8b,ai,565
D17181.docx,batch04,abstract-ART000862384,P3b,qwen3-8b,ai,610
D17182.docx,batch04,abstract-ART000869475,P3b,qwen3-8b,ai,530
D17183.docx,batch04,abstract-ART000888529,P3b,qwen3-8b,ai,816
D17184.docx,batch04,abstract-ART000894144,P3b,qwen3-8b,ai,443
D17185.docx,batch04,abstract-ART000902418,P3b,qwen3-8b,ai,490
D17186.docx,batch04,abstract-ART000903812,P3b,qwen3-8b,ai,446
D17187.docx,batch04,abstract-ART000868099,P3b,qwen3-8b,ai,332
D17188.docx,batch04,abstract-ART000901867,P3b,qwen3-8b,ai,825
D17189.docx,batch04,abstract-ART000861284,P3b,qwen3-8b,ai,447
D17190.docx,batch04,abstract-ART000869721,P3b,qwen3-8b,ai,946
D17191.docx,batch04,abstract-ART000851244,P3b,qwen3-8b,ai,401
D17192.docx,batch04,abstract-ART002118018,P3b,qwen3-8b,ai,651
D17193.docx,batch04,abstract-ART000862020,P3b,qwen3-8b,ai,357
D17194.docx,batch04,abstract-ART001360786,P3b,qwen3-8b,ai,491
D17195.docx,batch04,abstract-ART000884628,P3b,qwen3-8b,ai,470
D17196.docx,batch04,abstract-ART000870156,P3b,qwen3-8b,ai,442
D17197.docx,batch04,abstract-ART000867512,P3b,qwen3-8b,ai,402
D17198.docx,batch04,abstract-ART000901051,P3b,qwen3-8b,ai,667
D17199.docx,batch04,abstract-ART000852199,P3b,qwen3-8b,ai,494
D17200.docx,batch04,abstract-ART000867753,P3b,qwen3-8b,ai,600
D17201.docx,batch04,abstract-ART000852989,P3b,qwen3-8b,ai,314
D17202.docx,batch04,abstract-ART000864453,P3b,qwen3-8b,ai,827
D17203.docx,batch04,abstract-ART000852672,P3b,qwen3-8b,ai,901
D17204.docx,batch04,abstract-ART001903727,P3b,qwen3-8b,ai,450
D17205.docx,batch04,abstract-ART000888623,P3b,qwen3-8b,ai,857
D17206.docx,batch04,abstract-ART000900302,P3b,qwen3-8b,ai,528
D17207.docx,batch04,abstract-ART000900928,P3b,qwen3-8b,ai,673
D17208.docx,batch04,abstract-ART000884960,P3b,qwen3-8b,ai,526
D17209.docx,batch04,abstract-ART000866945,P3b,qwen3-8b,ai,604
D17210.docx,batch04,abstract-ART002442856,P3b,qwen3-8b,ai,857
D17211.docx,batch04,abstract-ART000860702,P3b,qwen3-8b,ai,706
D17212.docx,batch04,abstract-ART000868398,P3b,qwen3-8b,ai,776
D17213.docx,batch04,abstract-ART000874755,P3b,qwen3-8b,ai,599
D17214.docx,batch04,abstract-ART001832998,P3b,qwen3-8b,ai,622
D17215.docx,batch04,abstract-ART000899509,P3b,qwen3-8b,ai,389
D17216.docx,batch04,abstract-ART000885760,P3b,qwen3-8b,ai,592
D17217.docx,batch04,abstract-ART000902715,P3b,qwen3-8b,ai,406
D17218.docx,batch04,abstract-ART000879959,P3b,qwen3-8b,ai,318
D17219.docx,batch04,abstract-ART000887702,P3b,qwen3-8b,ai,644
D17220.docx,batch04,abstract-ART000900482,P3b,qwen3-8b,ai,789
D17221.docx,batch04,abstract-ART002073443,P3b,qwen3-8b,ai,538
D17222.docx,batch04,abstract-ART000888458,P3b,qwen3-8b,ai,551
D17223.docx,batch04,abstract-ART000884974,P3b,qwen3-8b,ai,756
D17224.docx,batch04,abstract-ART000863910,P3b,qwen3-8b,ai,494
D17225.docx,batch04,abstract-ART000857680,P3b,qwen3-8b,ai,426
D17226.docx,batch04,abstract-ART000867510,P3b,qwen3-8b,ai,410
D17227.docx,batch04,abstract-ART000897228,P3b,qwen3-8b,ai,614
D17228.docx,batch04,abstract-ART000854705,P3b,qwen3-8b,ai,953
D17229.docx,batch04,abstract-ART000893856,P3b,qwen3-8b,ai,494
D17230.docx,batch04,abstract-ART000886958,P3b,qwen3-8b,ai,475
D17231.docx,batch04,abstract-ART000889093,P3b,qwen3-8b,ai,566
D17232.docx,batch04,abstract-ART000854225,P3b,qwen3-8b,ai,644
D17233.docx,batch04,abstract-ART000903298,P3b,qwen3-8b,ai,389
D17234.docx,batch04,abstract-ART000886181,P3b,qwen3-8b,ai,485
D17235.docx,batch04,abstract-ART000879095,P3b,qwen3-8b,ai,597
D17236.docx,batch04,abstract-ART000889257,P3b,qwen3-8b,ai,361
D17237.docx,batch04,abstract-ART000858488,P3b,qwen3-8b,ai,529
D17238.docx,batch04,abstract-ART000870288,P3b,qwen3-8b,ai,1048
D17239.docx,batch04,abstract-ART000901332,P3b,qwen3-8b,ai,614
D17240.docx,batch04,abstract-ART000903659,P3b,qwen3-8b,ai,350
D17241.docx,batch04,abstract-ART000877515,P3b,qwen3-8b,ai,541
D17242.docx,batch04,abstract-ART000889374,P3b,qwen3-8b,ai,556
D17243.docx,batch04,abstract-ART000903285,P3b,qwen3-8b,ai,326
D17244.docx,batch04,abstract-ART000880134,P3b,qwen3-8b,ai,339
D17245.docx,batch04,abstract-ART000892812,P3b,qwen3-8b,ai,388
D17246.docx,batch04,abstract-ART000877327,P3b,qwen3-8b,ai,479
D17247.docx,batch04,abstract-ART000905887,P3b,qwen3-8b,ai,314
D17248.docx,batch04,abstract-ART000885220,P3b,qwen3-8b,ai,282
D17249.docx,batch04,abstract-ART000871982,P3b,qwen3-8b,ai,1026
D17250.docx,batch04,abstract-ART000902815,P3b,qwen3-8b,ai,366
D17251.docx,batch04,abstract-ART000893688,P3b,qwen3-8b,ai,929
D17252.docx,batch04,abstract-ART002459559,P3b,qwen3-8b,ai,473
D17253.docx,batch04,abstract-ART000903492,P3b,qwen3-8b,ai,481
D17254.docx,batch04,abstract-ART000874603,P3b,qwen3-8b,ai,482
D17255.docx,batch04,abstract-ART000862168,P3b,qwen3-8b,ai,326
D17256.docx,batch04,abstract-ART000899953,P3b,qwen3-8b,ai,371
D17257.docx,batch04,abstract-ART000884630,P3b,qwen3-8b,ai,679
D17258.docx,batch04,abstract-ART000902861,P3b,qwen3-8b,ai,426
D17259.docx,batch04,abstract-ART000880805,P3b,qwen3-8b,ai,498
D17260.docx,batch04,abstract-ART000864512,P3b,qwen3-8b,ai,526
D17261.docx,batch04,abstract-ART000905154,P3b,qwen3-8b,ai,503
D17262.docx,batch04,abstract-ART000908104,P3b,qwen3-8b,ai,443
D17263.docx,batch04,abstract-ART000899921,P3b,qwen3-8b,ai,845
D17264.docx,batch04,abstract-ART000905301,P3b,qwen3-8b,ai,833
D17265.docx,batch04,abstract-ART000852548,P3b,qwen3-8b,ai,386
D17266.docx,batch04,abstract-ART002407464,P3b,qwen3-8b,ai,746
D17267.docx,batch04,abstract-ART000863539,P3b,qwen3-8b,ai,510
D17268.docx,batch04,abstract-ART000889091,P3b,qwen3-8b,ai,323
D17269.docx,batch04,abstract-ART000905993,P3b,qwen3-8b,ai,696
D17270.docx,batch04,abstract-ART002560750,P3b,qwen3-8b,ai,725
D17271.docx,batch04,abstract-ART002408150,P3b,qwen3-8b,ai,603
D17272.docx,batch04,abstract-ART000856479,P3b,qwen3-8b,ai,433
D17273.docx,batch04,abstract-ART001917119,P3b,qwen3-8b,ai,338
D17274.docx,batch04,abstract-ART000899257,P3b,qwen3-8b,ai,384
D17275.docx,batch04,abstract-ART000902863,P3b,qwen3-8b,ai,592
D17276.docx,batch04,abstract-ART000872667,P3b,qwen3-8b,ai,652
D17277.docx,batch04,abstract-ART002453112,P3b,qwen3-8b,ai,705
D17278.docx,batch04,abstract-ART000895621,P3b,qwen3-8b,ai,483
D17279.docx,batch04,abstract-ART001716283,P3b,qwen3-8b,ai,776
D17280.docx,batch04,abstract-ART000905070,P3b,qwen3-8b,ai,802
D17281.docx,batch04,abstract-ART002513702,P3b,qwen3-8b,ai,538
D17282.docx,batch04,abstract-ART000881242,P3b,qwen3-8b,ai,753
D17283.docx,batch04,abstract-ART000902990,P3b,qwen3-8b,ai,601
D17284.docx,batch04,abstract-ART000871798,P3b,qwen3-8b,ai,483
D17285.docx,batch04,abstract-ART000884830,P3b,qwen3-8b,ai,460
D17286.docx,batch04,abstract-ART000883490,P3b,qwen3-8b,ai,572
D17287.docx,batch04,abstract-ART000903142,P3b,qwen3-8b,ai,501
D17288.docx,batch04,abstract-ART000852295,P3b,qwen3-8b,ai,480
D17289.docx,batch04,abstract-ART000889896,P3b,qwen3-8b,ai,694
D17290.docx,batch04,abstract-ART000886248,P3b,qwen3-8b,ai,755
D17291.docx,batch04,abstract-ART000895839,P3b,qwen3-8b,ai,974
D17292.docx,batch04,abstract-ART000851556,P3b,qwen3-8b,ai,418
D17293.docx,batch04,abstract-ART000880956,P3b,qwen3-8b,ai,487
D17294.docx,batch04,abstract-ART000906259,P3b,qwen3-8b,ai,499
D17295.docx,batch04,abstract-ART000906303,P3b,qwen3-8b,ai,537
D17296.docx,batch04,abstract-ART001844881,P3b,qwen3-8b,ai,547
D17297.docx,batch04,abstract-ART000857588,P3b,qwen3-8b,ai,392
D17298.docx,batch04,abstract-ART000903060,P3b,qwen3-8b,ai,545
D17299.docx,batch04,abstract-ART000900618,P3b,qwen3-8b,ai,359
D17300.docx,batch04,abstract-ART000868277,P3b,qwen3-8b,ai,520
D17301.docx,batch04,abstract-ART000899833,P3b,qwen3-8b,ai,650
D17302.docx,batch04,abstract-ART000863372,P3b,qwen3-8b,ai,700
D17303.docx,batch04,abstract-ART001473404,P3b,qwen3-8b,ai,417
D17304.docx,batch04,abstract-ART000857775,P3b,qwen3-8b,ai,406
D17305.docx,batch04,abstract-ART000880118,P3b,qwen3-8b,ai,902
D17306.docx,batch04,abstract-ART002494522,P3b,qwen3-8b,ai,574
D17307.docx,batch04,abstract-ART000861909,P3b,qwen3-8b,ai,487
D17308.docx,batch04,abstract-ART001433115,P3b,qwen3-8b,ai,538
D17309.docx,batch04,abstract-ART000906426,P3b,qwen3-8b,ai,374
D17310.docx,batch04,abstract-ART000903645,P3b,qwen3-8b,ai,429
D17311.docx,batch04,abstract-ART000892842,P3b,qwen3-8b,ai,707
D17312.docx,batch04,abstract-ART000899719,P3b,qwen3-8b,ai,787
D17313.docx,batch04,abstract-ART000902982,P3b,qwen3-8b,ai,365
D17314.docx,batch04,abstract-ART000875650,P3b,qwen3-8b,ai,419
D17315.docx,batch04,abstract-ART000892661,P3b,qwen3-8b,ai,462
D17316.docx,batch04,abstract-ART000852041,P3b,qwen3-8b,ai,443
D17317.docx,batch04,abstract-ART000896178,P3b,qwen3-8b,ai,487
D17318.docx,batch04,abstract-ART000885515,P3b,qwen3-8b,ai,344
D17319.docx,batch04,abstract-ART000885762,P3b,qwen3-8b,ai,393
D17320.docx,batch04,abstract-ART000874537,P3b,qwen3-8b,ai,391
D17321.docx,batch04,abstract-ART000868109,P3b,qwen3-8b,ai,388
D17322.docx,batch04,abstract-ART000887632,P3b,qwen3-8b,ai,565
D17323.docx,batch04,abstract-ART000896292,P3b,qwen3-8b,ai,526
D17324.docx,batch04,abstract-ART000902358,P3b,qwen3-8b,ai,461
D17325.docx,batch04,abstract-ART000891699,P3b,qwen3-8b,ai,484
D17326.docx,batch04,abstract-ART000891855,P3b,qwen3-8b,ai,471
D17327.docx,batch04,abstract-ART000888573,P3b,qwen3-8b,ai,762
D17328.docx,batch04,abstract-ART000889519,P3b,qwen3-8b,ai,1003
D17329.docx,batch04,abstract-ART001569165,P3b,qwen3-8b,ai,519
D17330.docx,batch04,abstract-ART000859131,P3b,qwen3-8b,ai,579
D17331.docx,batch04,abstract-ART000905986,P3b,qwen3-8b,ai,509
D17332.docx,batch04,abstract-ART000905407,P3b,qwen3-8b,ai,565
D17333.docx,batch04,abstract-ART000852260,P3b,qwen3-8b,ai,831
D17334.docx,batch04,abstract-ART000867381,P3b,qwen3-8b,ai,688
D17335.docx,batch04,abstract-ART000881735,P3b,qwen3-8b,ai,693
D17336.docx,batch04,abstract-ART000869804,P3b,qwen3-8b,ai,354
D17337.docx,batch04,abstract-ART000903293,P3b,qwen3-8b,ai,497
D17338.docx,batch04,abstract-ART000900332,P3b,qwen3-8b,ai,334
D17339.docx,batch04,abstract-ART000899522,P3b,qwen3-8b,ai,517
D17340.docx,batch04,abstract-ART000854228,P3b,qwen3-8b,ai,520
D17341.docx,batch04,abstract-ART000886270,P3b,qwen3-8b,ai,834
D17342.docx,batch04,abstract-ART001621058,P3b,qwen3-8b,ai,779
D17343.docx,batch04,abstract-ART000869338,P3b,qwen3-8b,ai,599
D17344.docx,batch04,abstract-ART000888683,P3b,qwen3-8b,ai,391
D17345.docx,batch04,abstract-ART000903889,P3b,qwen3-8b,ai,1055
D17346.docx,batch04,abstract-ART000874247,P3b,qwen3-8b,ai,507
D17347.docx,batch04,abstract-ART000869791,P3b,qwen3-8b,ai,734
D17348.docx,batch04,abstract-ART000869803,P3b,qwen3-8b,ai,455
D17349.docx,batch04,abstract-ART000874255,P3b,qwen3-8b,ai,618
D17350.docx,batch04,abstract-ART000864224,P3b,qwen3-8b,ai,679
D17351.docx,batch04,abstract-ART000901522,P3b,qwen3-8b,ai,660
D17352.docx,batch04,abstract-ART000863141,P3b,qwen3-8b,ai,733
D17353.docx,batch04,abstract-ART000901002,P3b,qwen3-8b,ai,375
D17354.docx,batch04,abstract-ART000874753,P3b,qwen3-8b,ai,452
D17355.docx,batch04,abstract-ART000901082,P3b,qwen3-8b,ai,659
D17356.docx,batch04,abstract-ART000861903,P3b,qwen3-8b,ai,488
D17357.docx,batch04,abstract-ART000856028,P3b,qwen3-8b,ai,490
D17358.docx,batch04,abstract-ART000897950,P3b,qwen3-8b,ai,918
D17359.docx,batch04,abstract-ART000894212,P3b,qwen3-8b,ai,467
D17360.docx,batch04,abstract-ART000897350,P3b,qwen3-8b,ai,690
D17361.docx,batch04,abstract-ART002462384,P3b,qwen3-8b,ai,409
D17362.docx,batch04,abstract-ART002083439,P3b,qwen3-8b,ai,439
D17363.docx,batch04,abstract-ART001821349,P3b,qwen3-8b,ai,497
D17364.docx,batch04,abstract-ART000901592,P3b,qwen3-8b,ai,522
D17365.docx,batch04,abstract-ART002525652,P3b,qwen3-8b,ai,624
D17366.docx,batch04,abstract-ART000903091,P3b,qwen3-8b,ai,591
D17367.docx,batch04,abstract-ART000903170,P3b,qwen3-8b,ai,486
D17368.docx,batch04,abstract-ART000854203,P3b,qwen3-8b,ai,451
D17369.docx,batch04,abstract-ART000902762,P3b,qwen3-8b,ai,436
D17370.docx,batch04,abstract-ART000851245,P3b,qwen3-8b,ai,806
D17371.docx,batch04,abstract-ART000879799,P3b,qwen3-8b,ai,925
D17372.docx,batch04,abstract-ART000869477,P3b,qwen3-8b,ai,676
D17373.docx,batch04,abstract-ART000858577,P3b,qwen3-8b,ai,737
D17374.docx,batch04,abstract-ART000908116,P3b,qwen3-8b,ai,797
D17375.docx,batch04,abstract-ART000857312,P3b,qwen3-8b,ai,795
D17376.docx,batch04,abstract-ART000903361,P3b,qwen3-8b,ai,534
D17377.docx,batch04,abstract-ART000875869,P3b,qwen3-8b,ai,404
D17378.docx,batch04,abstract-ART000854533,P3b,qwen3-8b,ai,643
D17379.docx,batch04,abstract-ART000893065,P3b,qwen3-8b,ai,403
D17380.docx,batch04,abstract-ART002148028,P3b,qwen3-8b,ai,398
D17381.docx,batch04,abstract-ART000869405,P3b,qwen3-8b,ai,934
D17382.docx,batch04,abstract-ART000877096,P3b,qwen3-8b,ai,482
D17383.docx,batch04,abstract-ART001930171,P3b,qwen3-8b,ai,601
D17384.docx,batch04,abstract-ART000896013,P3b,qwen3-8b,ai,483
D17385.docx,batch04,abstract-ART001938114,P3b,qwen3-8b,ai,347
D17386.docx,batch04,abstract-ART000864806,P3b,qwen3-8b,ai,497
D17387.docx,batch04,abstract-ART000878988,P3b,qwen3-8b,ai,626
D17388.docx,batch04,abstract-ART000867652,P3b,qwen3-8b,ai,532
D17389.docx,batch04,abstract-ART002461955,P3b,qwen3-8b,ai,757
D17390.docx,batch04,abstract-ART000868352,P3b,qwen3-8b,ai,447
D17391.docx,batch04,abstract-ART000860646,P3b,qwen3-8b,ai,1005
D17392.docx,batch04,abstract-ART000899360,P3b,qwen3-8b,ai,581
D17393.docx,batch04,abstract-ART000904714,P3b,qwen3-8b,ai,442
D17394.docx,batch04,abstract-ART000895442,P3b,qwen3-8b,ai,565
D17395.docx,batch04,abstract-ART002147624,P3b,qwen3-8b,ai,805
D17396.docx,batch04,abstract-ART000852645,P3b,qwen3-8b,ai,593
D17397.docx,batch04,abstract-ART000874466,P3b,qwen3-8b,ai,778
D17398.docx,batch04,abstract-ART000902547,P3b,qwen3-8b,ai,360
D17399.docx,batch04,abstract-ART000866902,P3b,qwen3-8b,ai,392
D17400.docx,batch04,abstract-ART001474397,P3b,qwen3-8b,ai,497
D17401.docx,batch04,abstract-ART000902702,P3b,qwen3-8b,ai,383
D17402.docx,batch04,abstract-ART000888556,P3b,qwen3-8b,ai,343
D17403.docx,batch04,abstract-ART000851567,P3b,qwen3-8b,ai,475
D17404.docx,batch04,abstract-ART001497934,P3b,qwen3-8b,ai,313
D17405.docx,batch04,abstract-ART000865130,P3b,qwen3-8b,ai,385
D17406.docx,batch04,abstract-ART000851251,P3b,qwen3-8b,ai,628
D17407.docx,batch04,abstract-ART000867040,P3b,qwen3-8b,ai,433
D17408.docx,batch04,abstract-ART000868785,P3b,qwen3-8b,ai,636
D17409.docx,batch04,abstract-ART000850832,P3b,qwen3-8b,ai,875
D17410.docx,batch04,abstract-ART001655411,P3b,qwen3-8b,ai,436
D17411.docx,batch04,abstract-ART000852643,P3b,qwen3-8b,ai,427
D17412.docx,batch04,abstract-ART000892047,P3b,qwen3-8b,ai,458
D17413.docx,batch04,abstract-ART000907093,P3b,qwen3-8b,ai,700
D17414.docx,batch04,abstract-ART000902471,P3b,qwen3-8b,ai,470
D17415.docx,batch04,abstract-ART000905876,P3b,qwen3-8b,ai,384
D17416.docx,batch04,abstract-ART000896086,P3b,qwen3-8b,ai,474
D17417.docx,batch04,abstract-ART000895521,P3b,qwen3-8b,ai,567
D17418.docx,batch04,abstract-ART000905251,P3b,qwen3-8b,ai,808
D17419.docx,batch04,abstract-ART000867528,P3b,qwen3-8b,ai,677
D17420.docx,batch04,abstract-ART000892672,P3b,qwen3-8b,ai,1060
D17421.docx,batch04,abstract-ART001141256,P3b,qwen3-8b,ai,603
D17422.docx,batch04,abstract-ART001683124,P3b,qwen3-8b,ai,772
D17423.docx,batch04,abstract-ART000861621,P3b,qwen3-8b,ai,422
D17424.docx,batch04,abstract-ART000866950,P3b,qwen3-8b,ai,343
D17425.docx,batch04,abstract-ART000887706,P3b,qwen3-8b,ai,648
D17426.docx,batch04,abstract-ART000880302,P3b,qwen3-8b,ai,410
D17427.docx,batch04,abstract-ART000857903,P3b,qwen3-8b,ai,936
D17428.docx,batch04,abstract-ART000851310,P3b,qwen3-8b,ai,1052
D17429.docx,batch04,abstract-ART000899779,P3b,qwen3-8b,ai,646
D17430.docx,batch04,abstract-ART000863080,P3b,qwen3-8b,ai,770
D17431.docx,batch04,abstract-ART000869972,P3b,qwen3-8b,ai,475
D17432.docx,batch04,abstract-ART000900851,P3b,qwen3-8b,ai,366
D17433.docx,batch04,abstract-ART002176022,P3b,qwen3-8b,ai,377
D17434.docx,batch04,abstract-ART000905076,P3b,qwen3-8b,ai,320
D17435.docx,batch04,abstract-ART000899930,P3b,qwen3-8b,ai,830
D17436.docx,batch04,abstract-ART001692853,P3b,qwen3-8b,ai,758
D17437.docx,batch04,abstract-ART001440674,P3b,qwen3-8b,ai,578
D17438.docx,batch04,abstract-ART000893251,P3b,qwen3-8b,ai,570
D17439.docx,batch04,abstract-ART000869880,P3b,qwen3-8b,ai,397
D17440.docx,batch04,abstract-ART000902218,P3b,qwen3-8b,ai,741
D17441.docx,batch04,abstract-ART000869410,P3b,qwen3-8b,ai,430
D17442.docx,batch04,abstract-ART000862228,P3b,qwen3-8b,ai,971
D17443.docx,batch04,abstract-ART000893220,P3b,qwen3-8b,ai,1028
D17444.docx,batch04,abstract-ART000863916,P3b,qwen3-8b,ai,798
D17445.docx,batch04,abstract-ART000888513,P3b,qwen3-8b,ai,534
D17446.docx,batch04,abstract-ART000889316,P3b,qwen3-8b,ai,625
D17447.docx,batch04,abstract-ART000860342,P3b,qwen3-8b,ai,290
D17448.docx,batch04,abstract-ART000903078,P3b,qwen3-8b,ai,664
D17449.docx,batch04,abstract-ART000902728,P3b,qwen3-8b,ai,357
D17450.docx,batch04,abstract-ART000898051,P3b,qwen3-8b,ai,784
D17451.docx,batch04,abstract-ART000861525,P3b,qwen3-8b,ai,405
D17452.docx,batch04,abstract-ART000880720,P3b,qwen3-8b,ai,741
D17453.docx,batch04,abstract-ART000902186,P3b,qwen3-8b,ai,310
D17454.docx,batch04,abstract-ART000905502,P3b,qwen3-8b,ai,455
D17455.docx,batch04,abstract-ART000901982,P3b,qwen3-8b,ai,332
D17456.docx,batch04,abstract-ART000896068,P3b,qwen3-8b,ai,685
D17457.docx,batch04,abstract-ART000896177,P3b,qwen3-8b,ai,453
D17458.docx,batch04,abstract-ART000852796,P3b,qwen3-8b,ai,575
D17459.docx,batch04,abstract-ART000889455,P3b,qwen3-8b,ai,421
D17460.docx,batch04,abstract-ART000869528,P3b,qwen3-8b,ai,379
D17461.docx,batch04,abstract-ART000883806,P3b,qwen3-8b,ai,426
D17462.docx,batch04,abstract-ART000900937,P3b,qwen3-8b,ai,374
D17463.docx,batch04,abstract-ART000880869,P3b,qwen3-8b,ai,588
D17464.docx,batch04,abstract-ART000889652,P3b,qwen3-8b,ai,574
D17465.docx,batch04,abstract-ART000901084,P3b,qwen3-8b,ai,381
D17466.docx,batch04,abstract-ART002560690,P3b,qwen3-8b,ai,800
D17467.docx,batch04,abstract-ART000903586,P3b,qwen3-8b,ai,468
D17468.docx,batch04,abstract-ART000881223,P3b,qwen3-8b,ai,647
D17469.docx,batch04,abstract-ART001804299,P3b,qwen3-8b,ai,672
D17470.docx,batch04,abstract-ART000860373,P3b,qwen3-8b,ai,610
D17471.docx,batch04,abstract-ART002550606,P3b,qwen3-8b,ai,586
D17472.docx,batch04,abstract-ART000904718,P3b,qwen3-8b,ai,338
D17473.docx,batch04,abstract-ART000867036,P3b,qwen3-8b,ai,358
D17474.docx,batch04,abstract-ART001558084,P3b,qwen3-8b,ai,727
D17475.docx,batch04,abstract-ART000872631,P3b,qwen3-8b,ai,485
D17476.docx,batch04,abstract-ART000905565,P3b,qwen3-8b,ai,414
D17477.docx,batch04,abstract-ART000868062,P3b,qwen3-8b,ai,935
D17478.docx,batch04,abstract-ART000872677,P3b,qwen3-8b,ai,557
D17479.docx,batch04,abstract-ART000893843,P3b,qwen3-8b,ai,561
D17480.docx,batch04,abstract-ART000861025,P3b,qwen3-8b,ai,699
D17481.docx,batch04,abstract-ART000870368,P3b,qwen3-8b,ai,388
D17482.docx,batch04,abstract-ART000873018,P3b,qwen3-8b,ai,537
D17483.docx,batch04,abstract-ART000903425,P3b,qwen3-8b,ai,340
D17484.docx,batch04,abstract-ART000883643,P3b,qwen3-8b,ai,436
D17485.docx,batch04,abstract-ART000880955,P3b,qwen3-8b,ai,581
D17486.docx,batch04,abstract-ART000866104,P3b,qwen3-8b,ai,416
D17487.docx,batch04,abstract-ART001863101,P3b,qwen3-8b,ai,557
D17488.docx,batch04,abstract-ART000892117,P3b,qwen3-8b,ai,442
D17489.docx,batch04,abstract-ART000883450,P3b,qwen3-8b,ai,407
D17490.docx,batch04,abstract-ART001890460,P3b,qwen3-8b,ai,907
D17491.docx,batch04,abstract-ART000895890,P3b,qwen3-8b,ai,562
D17492.docx,batch04,abstract-ART001474404,P3b,qwen3-8b,ai,833
D17493.docx,batch04,abstract-ART001497964,P3b,qwen3-8b,ai,597
D17494.docx,batch04,abstract-ART001786189,P3b,qwen3-8b,ai,646
D17495.docx,batch04,abstract-ART000852534,P3b,qwen3-8b,ai,356
D17496.docx,batch04,abstract-ART000871715,P3b,qwen3-8b,ai,727
D17497.docx,batch04,abstract-ART000875657,P3b,qwen3-8b,ai,725
D17498.docx,batch04,abstract-ART000903211,P3b,qwen3-8b,ai,284
D17499.docx,batch04,abstract-ART000904855,P3b,qwen3-8b,ai,313
D17500.docx,batch04,abstract-ART000868857,P3b,qwen3-8b,ai,950
D17501.docx,batch04,abstract-ART000872434,P3b,qwen3-8b,ai,475
D17502.docx,batch04,abstract-ART000877186,P3b,qwen3-8b,ai,669
D17503.docx,batch04,abstract-ART000905241,P3b,qwen3-8b,ai,497
D17504.docx,batch04,abstract-ART000867291,P3b,qwen3-8b,ai,340
D17505.docx,batch04,abstract-ART000857760,P3b,qwen3-8b,ai,975
D17506.docx,batch04,abstract-ART000906043,P3b,qwen3-8b,ai,454
D17507.docx,batch04,abstract-ART000900686,P3b,qwen3-8b,ai,441
D17508.docx,batch04,abstract-ART000874905,P3b,qwen3-8b,ai,799
D17509.docx,batch04,abstract-ART000906242,P3b,qwen3-8b,ai,465
D17510.docx,batch04,abstract-ART000867508,P3b,qwen3-8b,ai,272
D17511.docx,batch04,abstract-ART000861125,P3b,qwen3-8b,ai,682
D17512.docx,batch04,abstract-ART000858027,P3b,qwen3-8b,ai,635
D17513.docx,batch04,abstract-ART000874418,P3b,qwen3-8b,ai,684
D17514.docx,batch04,abstract-ART000873711,P3b,qwen3-8b,ai,318
D17515.docx,batch04,abstract-ART000857104,P3b,qwen3-8b,ai,1094
D17516.docx,batch04,abstract-ART000896081,P3b,qwen3-8b,ai,359
D17517.docx,batch04,abstract-ART000868409,P3b,qwen3-8b,ai,764
D17518.docx,batch04,abstract-ART000900303,P3b,qwen3-8b,ai,707
D17519.docx,batch04,abstract-ART000867626,P3b,qwen3-8b,ai,679
D17520.docx,batch04,abstract-ART000869492,P3b,qwen3-8b,ai,394
D17521.docx,batch04,abstract-ART001705823,P3b,qwen3-8b,ai,883
D17522.docx,batch04,abstract-ART000873612,P3b,qwen3-8b,ai,582
D17523.docx,batch04,abstract-ART000904711,P3b,qwen3-8b,ai,691
D17524.docx,batch04,abstract-ART000856069,P3b,qwen3-8b,ai,474
D17525.docx,batch04,abstract-ART000895510,P3b,qwen3-8b,ai,559
D17526.docx,batch04,abstract-ART002453127,P3b,qwen3-8b,ai,578
D17527.docx,batch04,abstract-ART000902475,P3b,qwen3-8b,ai,477
D17528.docx,batch04,abstract-ART000875928,P3b,qwen3-8b,ai,473
D17529.docx,batch04,abstract-ART000896179,P3b,qwen3-8b,ai,424
D17530.docx,batch04,abstract-ART000880799,P3b,qwen3-8b,ai,917
D17531.docx,batch04,abstract-ART002197221,P3b,qwen3-8b,ai,586
D17532.docx,batch04,abstract-ART000852169,P3b,qwen3-8b,ai,406
D17533.docx,batch04,abstract-ART000858492,P3b,qwen3-8b,ai,996
D17534.docx,batch04,abstract-ART000864482,P3b,qwen3-8b,ai,566
D17535.docx,batch04,abstract-ART000891853,P3b,qwen3-8b,ai,385
D17536.docx,batch04,abstract-ART000851070,P3b,qwen3-8b,ai,914
D17537.docx,batch04,abstract-ART002133316,P3b,qwen3-8b,ai,619
D17538.docx,batch04,abstract-ART000904962,P3b,qwen3-8b,ai,598
D17539.docx,batch04,abstract-ART000901861,P3b,qwen3-8b,ai,499
D17540.docx,batch04,abstract-ART001445718,P3b,qwen3-8b,ai,794
D17541.docx,batch04,abstract-ART000900260,P3b,qwen3-8b,ai,514
D17542.docx,batch04,abstract-ART000880385,P3b,qwen3-8b,ai,581
D17543.docx,batch04,abstract-ART001938087,P3b,qwen3-8b,ai,582
D17544.docx,batch04,abstract-ART000883991,P3b,qwen3-8b,ai,804
D17545.docx,batch04,abstract-ART002093454,P3b,qwen3-8b,ai,562
D17546.docx,batch04,abstract-ART002468196,P3b,qwen3-8b,ai,598
D17547.docx,batch04,abstract-ART000868266,P3b,qwen3-8b,ai,449
D17548.docx,batch04,abstract-ART000884190,P3b,qwen3-8b,ai,674
D17549.docx,batch04,abstract-ART000851139,P3b,qwen3-8b,ai,531
D17550.docx,batch04,abstract-ART000872901,P3b,qwen3-8b,ai,469
D17551.docx,batch04,abstract-ART000901744,P3b,qwen3-8b,ai,549
D17552.docx,batch04,abstract-ART000905393,P3b,qwen3-8b,ai,731
D17553.docx,batch04,abstract-ART000875551,P3b,qwen3-8b,ai,836
D17554.docx,batch04,abstract-ART001400181,P3b,qwen3-8b,ai,693
D17555.docx,batch04,abstract-ART000862089,P3b,qwen3-8b,ai,360
D17556.docx,batch04,abstract-ART000904786,P3b,qwen3-8b,ai,395
D17557.docx,batch04,abstract-ART000888225,P3b,qwen3-8b,ai,611
D17558.docx,batch04,abstract-ART000905864,P3b,qwen3-8b,ai,393
D17559.docx,batch04,abstract-ART000903797,P3b,qwen3-8b,ai,553
D17560.docx,batch04,abstract-ART000905497,P3b,qwen3-8b,ai,384
D17561.docx,batch04,abstract-ART001256761,P3b,qwen3-8b,ai,496
D17562.docx,batch04,abstract-ART000905391,P3b,qwen3-8b,ai,730
D17563.docx,batch04,abstract-ART000857854,P3b,qwen3-8b,ai,1092
D17564.docx,batch04,abstract-ART000906305,P3b,qwen3-8b,ai,499
D17565.docx,batch04,abstract-ART000855227,P3b,qwen3-8b,ai,441
D17566.docx,batch04,abstract-ART000874608,P3b,qwen3-8b,ai,430
D17567.docx,batch04,abstract-ART000862025,P3b,qwen3-8b,ai,510
D17568.docx,batch04,abstract-ART000910993,P3b,qwen3-8b,ai,440
D17569.docx,batch04,abstract-ART000859811,P3b,qwen3-8b,ai,703
D17570.docx,batch04,abstract-ART000884442,P3b,qwen3-8b,ai,307
D17571.docx,batch04,abstract-ART000905566,P3b,qwen3-8b,ai,631
D17572.docx,batch04,abstract-ART000863985,P3b,qwen3-8b,ai,625
D17573.docx,batch04,abstract-ART000858410,P3b,qwen3-8b,ai,459
D17574.docx,batch04,abstract-ART001746087,P3b,qwen3-8b,ai,593
D17575.docx,batch04,abstract-ART000902095,P3b,qwen3-8b,ai,494
D17576.docx,batch04,abstract-ART002389239,P3b,qwen3-8b,ai,901
D17577.docx,batch04,abstract-ART000905843,P3b,qwen3-8b,ai,466
D17578.docx,batch04,abstract-ART000878294,P3b,qwen3-8b,ai,419
D17579.docx,batch04,abstract-ART000887092,P3b,qwen3-8b,ai,839
D17580.docx,batch04,abstract-ART000906253,P3b,qwen3-8b,ai,526
D17581.docx,batch04,abstract-ART000874480,P3b,qwen3-8b,ai,673
D17582.docx,batch04,abstract-ART000880220,P3b,qwen3-8b,ai,489
D17583.docx,batch04,abstract-ART000854459,P3b,qwen3-8b,ai,539
D17584.docx,batch04,abstract-ART000861622,P3b,qwen3-8b,ai,675
D17585.docx,batch04,abstract-ART000872160,P3b,qwen3-8b,ai,353
D17586.docx,batch04,abstract-ART000880301,P3b,qwen3-8b,ai,422
D17587.docx,batch04,abstract-ART000877417,P3b,qwen3-8b,ai,377
D17588.docx,batch04,abstract-ART000885214,P3b,qwen3-8b,ai,653
D17589.docx,batch04,abstract-ART001339233,P3b,qwen3-8b,ai,645
D17590.docx,batch04,abstract-ART000865127,P3b,qwen3-8b,ai,455
D17591.docx,batch04,abstract-ART000903390,P3b,qwen3-8b,ai,425
D17592.docx,batch04,abstract-ART000860186,P3b,qwen3-8b,ai,378
D17593.docx,batch04,abstract-ART000893949,P3b,qwen3-8b,ai,355
D17594.docx,batch04,abstract-ART000851133,P3b,qwen3-8b,ai,646
D17595.docx,batch04,abstract-ART001517099,P3b,qwen3-8b,ai,697
D17596.docx,batch04,abstract-ART000903574,P3b,qwen3-8b,ai,372
D17597.docx,batch04,abstract-ART000893139,P3b,qwen3-8b,ai,462
D17598.docx,batch04,abstract-ART001662904,P3b,qwen3-8b,ai,776
D17599.docx,batch04,abstract-ART000905872,P3b,qwen3-8b,ai,845
D17600.docx,batch04,abstract-ART000866033,P3b,qwen3-8b,ai,323
D17601.docx,batch04,abstract-ART000884200,P3b,qwen3-8b,ai,535
D17602.docx,batch04,abstract-ART000901116,P3b,qwen3-8b,ai,959
D17603.docx,batch04,abstract-ART000902034,P3b,qwen3-8b,ai,561
D17604.docx,batch04,abstract-ART000901345,P3b,qwen3-8b,ai,758
D17605.docx,batch04,abstract-ART002453104,P3b,qwen3-8b,ai,651
D17606.docx,batch04,abstract-ART002546426,P3b,qwen3-8b,ai,411
D17607.docx,batch04,abstract-ART001688381,P3b,qwen3-8b,ai,653
D17608.docx,batch04,abstract-ART000882826,P3b,qwen3-8b,ai,480
D17609.docx,batch04,abstract-ART000867160,P3b,qwen3-8b,ai,624
D17610.docx,batch04,abstract-ART000865308,P3b,qwen3-8b,ai,618
D17611.docx,batch04,abstract-ART000869391,P3b,qwen3-8b,ai,299
D17612.docx,batch04,abstract-ART000900902,P3b,qwen3-8b,ai,824
D17613.docx,batch04,abstract-ART000887447,P3b,qwen3-8b,ai,391
D17614.docx,batch04,abstract-ART000867242,P3b,qwen3-8b,ai,746
D17615.docx,batch04,abstract-ART000877080,P3b,qwen3-8b,ai,696
D17616.docx,batch04,abstract-ART000867385,P3b,qwen3-8b,ai,435
D17617.docx,batch04,abstract-ART000896208,P3b,qwen3-8b,ai,537
D17618.docx,batch04,abstract-ART000864471,P3b,qwen3-8b,ai,878
D17619.docx,batch04,abstract-ART000869416,P3b,qwen3-8b,ai,414
D17620.docx,batch04,abstract-ART000862389,P3b,qwen3-8b,ai,493
D17621.docx,batch04,abstract-ART002561001,P3b,qwen3-8b,ai,768
D17622.docx,batch04,abstract-ART002494521,P3b,qwen3-8b,ai,650
D17623.docx,batch04,abstract-ART000872944,P3b,qwen3-8b,ai,514
D17624.docx,batch04,abstract-ART000905313,P3b,qwen3-8b,ai,392
D17625.docx,batch04,abstract-ART000893206,P3b,qwen3-8b,ai,378
D17626.docx,batch04,abstract-ART000902761,P3b,qwen3-8b,ai,542
D17627.docx,batch04,abstract-ART000851568,P3b,qwen3-8b,ai,572
D17628.docx,batch04,abstract-ART000885509,P3b,qwen3-8b,ai,456
D17629.docx,batch04,abstract-ART000892622,P3b,qwen3-8b,ai,427
D17630.docx,batch04,abstract-ART000858498,P3b,qwen3-8b,ai,375
D17631.docx,batch04,abstract-ART000864675,P3b,qwen3-8b,ai,563
D17632.docx,batch04,abstract-ART000902988,P3b,qwen3-8b,ai,542
D17633.docx,batch04,abstract-ART000903381,P3b,qwen3-8b,ai,404
D17634.docx,batch04,abstract-ART000895525,P3b,qwen3-8b,ai,332
D17635.docx,batch04,abstract-ART000905892,P3b,qwen3-8b,ai,362
D17636.docx,batch04,abstract-ART000905345,P3b,qwen3-8b,ai,572
D17637.docx,batch04,abstract-ART000874467,P3b,qwen3-8b,ai,916
D17638.docx,batch04,abstract-ART002112892,P3b,qwen3-8b,ai,571
D17639.docx,batch04,abstract-ART001895644,P3b,qwen3-8b,ai,367
D17640.docx,batch04,abstract-ART000867399,P3b,qwen3-8b,ai,502
D17641.docx,batch04,abstract-ART000868083,P3b,qwen3-8b,ai,408
D17642.docx,batch04,abstract-ART000852988,P3b,qwen3-8b,ai,501
D17643.docx,batch04,abstract-ART000851936,P3b,qwen3-8b,ai,493
D17644.docx,batch04,abstract-ART000903501,P3b,qwen3-8b,ai,331
D17645.docx,batch04,abstract-ART000902453,P3b,qwen3-8b,ai,470
D17646.docx,batch04,abstract-ART000880557,P3b,qwen3-8b,ai,1128
D17647.docx,batch04,abstract-ART000889901,P3b,qwen3-8b,ai,851
D17648.docx,batch04,abstract-ART000901339,P3b,qwen3-8b,ai,1212
D17649.docx,batch04,abstract-ART000857892,P3b,qwen3-8b,ai,674
D17650.docx,batch04,abstract-ART000881321,P3b,qwen3-8b,ai,872
D17651.docx,batch04,abstract-ART002440813,P3b,qwen3-8b,ai,777
D17652.docx,batch04,abstract-ART000864280,P3b,qwen3-8b,ai,541
D17653.docx,batch04,abstract-ART000893137,P3b,qwen3-8b,ai,554
D17654.docx,batch04,abstract-ART000891935,P3b,qwen3-8b,ai,382
D17655.docx,batch04,abstract-ART000884763,P3b,qwen3-8b,ai,445
D17656.docx,batch04,abstract-ART000890177,P3b,qwen3-8b,ai,374
D17657.docx,batch04,abstract-ART000888491,P3b,qwen3-8b,ai,497
D17658.docx,batch04,abstract-ART002141379,P3b,qwen3-8b,ai,681
D17659.docx,batch04,abstract-ART000986900,P3b,qwen3-8b,ai,816
D17660.docx,batch04,abstract-ART000893699,P3b,qwen3-8b,ai,759
D17661.docx,batch04,abstract-ART000903639,P3b,qwen3-8b,ai,906
D17662.docx,batch04,abstract-ART000880288,P3b,qwen3-8b,ai,565
D17663.docx,batch04,abstract-ART000905231,P3b,qwen3-8b,ai,551
D17664.docx,batch04,abstract-ART000865984,P3b,qwen3-8b,ai,615
D17665.docx,batch04,abstract-ART000867339,P3b,qwen3-8b,ai,470
D17666.docx,batch04,abstract-ART000882999,P3b,qwen3-8b,ai,392
D17667.docx,batch04,abstract-ART000906507,P3b,qwen3-8b,ai,413
D17668.docx,batch04,abstract-ART000868058,P3b,qwen3-8b,ai,840
D17669.docx,batch04,abstract-ART000883946,P3b,qwen3-8b,ai,804
D17670.docx,batch04,abstract-ART000856401,P3b,qwen3-8b,ai,453
D17671.docx,batch04,abstract-ART000903362,P3b,qwen3-8b,ai,452
D17672.docx,batch04,abstract-ART000853215,P3b,qwen3-8b,ai,553
D17673.docx,batch04,abstract-ART000867171,P3b,qwen3-8b,ai,589
D17674.docx,batch04,abstract-ART002066355,P3b,qwen3-8b,ai,510
D17675.docx,batch04,abstract-ART000854668,P3b,qwen3-8b,ai,543
D17676.docx,batch04,abstract-ART000903354,P3b,qwen3-8b,ai,906
D17677.docx,batch04,abstract-ART000897794,P3b,qwen3-8b,ai,855
D17678.docx,batch04,abstract-ART000898053,P3b,qwen3-8b,ai,647
D17679.docx,batch04,abstract-ART000880804,P3b,qwen3-8b,ai,358
D17680.docx,batch04,abstract-ART000869157,P3b,qwen3-8b,ai,390
D17681.docx,batch04,abstract-ART000907874,P3b,qwen3-8b,ai,396
D17682.docx,batch04,abstract-ART000905683,P3b,qwen3-8b,ai,490
D17683.docx,batch04,abstract-ART000884323,P3b,qwen3-8b,ai,563
D17684.docx,batch04,abstract-ART000900358,P3b,qwen3-8b,ai,880
D17685.docx,batch04,abstract-ART000883652,P3b,qwen3-8b,ai,463
D17686.docx,batch04,abstract-ART001871462,P3b,qwen3-8b,ai,910
D17687.docx,batch04,abstract-ART000861415,P3b,qwen3-8b,ai,649
D17688.docx,batch04,abstract-ART000896631,P3b,qwen3-8b,ai,581
D17689.docx,batch04,abstract-ART000864758,P3b,qwen3-8b,ai,333
D17690.docx,batch04,abstract-ART000872909,P3b,qwen3-8b,ai,844
D17691.docx,batch04,abstract-ART000884324,P3b,qwen3-8b,ai,1016
D17692.docx,batch04,abstract-ART000863204,P3b,qwen3-8b,ai,513
D17693.docx,batch04,abstract-ART000858480,P3b,qwen3-8b,ai,397
D17694.docx,batch04,abstract-ART000873608,P3b,qwen3-8b,ai,527
D17695.docx,batch04,abstract-ART000887645,P3b,qwen3-8b,ai,651
D17696.docx,batch04,abstract-ART000876561,P3b,qwen3-8b,ai,1039
D17697.docx,batch04,abstract-ART000863706,P3b,qwen3-8b,ai,506
D17698.docx,batch04,abstract-ART000876974,P3b,qwen3-8b,ai,554
D17699.docx,batch04,abstract-ART000873542,P3b,qwen3-8b,ai,582
D17700.docx,batch04,abstract-ART000864516,P3b,qwen3-8b,ai,659
D17701.docx,batch04,abstract-ART000873023,P3b,qwen3-8b,ai,339
D17702.docx,batch04,abstract-ART001579863,P3b,qwen3-8b,ai,718
D17703.docx,batch04,abstract-ART000896289,P3b,qwen3-8b,ai,627
D17704.docx,batch04,abstract-ART000867030,P3b,qwen3-8b,ai,940
D17705.docx,batch04,abstract-ART000875767,P3b,qwen3-8b,ai,620
D17706.docx,batch04,abstract-ART000873614,P3b,qwen3-8b,ai,343
D17707.docx,batch04,abstract-ART002003428,P3b,qwen3-8b,ai,672
D17708.docx,batch04,abstract-ART000893246,P3b,qwen3-8b,ai,363
D17709.docx,batch04,abstract-ART002551616,P3b,qwen3-8b,ai,409
D17710.docx,batch04,abstract-ART001947600,P3b,qwen3-8b,ai,588
D17711.docx,batch04,abstract-ART000902143,P3b,qwen3-8b,ai,453
D17712.docx,batch04,abstract-ART000877329,P3b,qwen3-8b,ai,413
D17713.docx,batch04,abstract-ART000908067,P3b,qwen3-8b,ai,1087
D17714.docx,batch04,abstract-ART000856295,P3b,qwen3-8b,ai,482
D17715.docx,batch04,abstract-ART000862165,P3b,qwen3-8b,ai,344
D17716.docx,batch04,abstract-ART000879973,P3b,qwen3-8b,ai,504
D17717.docx,batch04,abstract-ART000908063,P3b,qwen3-8b,ai,427
D17718.docx,batch04,abstract-ART000861144,P3b,qwen3-8b,ai,713
D17719.docx,batch04,abstract-ART000904625,P3b,qwen3-8b,ai,354
D17720.docx,batch04,abstract-ART000893840,P3b,qwen3-8b,ai,555
D17721.docx,batch04,abstract-ART000888229,P3b,qwen3-8b,ai,585
D17722.docx,batch04,abstract-ART000852920,P3b,qwen3-8b,ai,479
D17723.docx,batch04,abstract-ART000850835,P3b,qwen3-8b,ai,494
D17724.docx,batch04,abstract-ART000889261,P3b,qwen3-8b,ai,499
D17725.docx,batch04,abstract-ART000883729,P3b,qwen3-8b,ai,335
D17726.docx,batch04,abstract-ART000895448,P3b,qwen3-8b,ai,385
D17727.docx,batch04,abstract-ART000903566,P3b,qwen3-8b,ai,691
D17728.docx,batch04,abstract-ART001713840,P3b,qwen3-8b,ai,643
D17729.docx,batch04,abstract-ART000891251,P3b,qwen3-8b,ai,484
D17730.docx,batch04,abstract-ART000851704,P3b,qwen3-8b,ai,599
D17731.docx,batch04,abstract-ART000889766,P3b,qwen3-8b,ai,744
D17732.docx,batch04,abstract-ART000859360,P3b,qwen3-8b,ai,421
D17733.docx,batch04,abstract-ART000875921,P3b,qwen3-8b,ai,442
D17734.docx,batch04,abstract-ART000901079,P3b,qwen3-8b,ai,307
D17735.docx,batch04,abstract-ART000902753,P3b,qwen3-8b,ai,410
D17736.docx,batch04,abstract-ART000893956,P3b,qwen3-8b,ai,433
D17737.docx,batch04,abstract-ART000881814,P3b,qwen3-8b,ai,348
D17738.docx,batch04,abstract-ART002515692,P3b,qwen3-8b,ai,620
D17739.docx,batch04,abstract-ART002431613,P3b,qwen3-8b,ai,690
D17740.docx,batch04,abstract-ART000888918,P3b,qwen3-8b,ai,331
D17741.docx,batch04,abstract-ART000895651,P3b,qwen3-8b,ai,395
D17742.docx,batch04,abstract-ART000851859,P3b,qwen3-8b,ai,732
D17743.docx,batch04,abstract-ART000901342,P3b,qwen3-8b,ai,1120
D17744.docx,batch04,abstract-ART002226256,P3b,qwen3-8b,ai,353
D17745.docx,batch04,abstract-ART000875919,P3b,qwen3-8b,ai,544
D17746.docx,batch04,abstract-ART000893118,P3b,qwen3-8b,ai,498
D17747.docx,batch04,abstract-ART000894250,P3b,qwen3-8b,ai,497
D17748.docx,batch04,abstract-ART000903377,P3b,qwen3-8b,ai,462
D17749.docx,batch04,abstract-ART000851940,P3b,qwen3-8b,ai,558
D17750.docx,batch04,abstract-ART000855981,P3b,qwen3-8b,ai,937
D17751.docx,batch04,abstract-ART000869341,P3b,qwen3-8b,ai,599
D17752.docx,batch04,abstract-ART000889179,P3b,qwen3-8b,ai,436
D17753.docx,batch04,abstract-ART000860145,P3b,qwen3-8b,ai,542
D17754.docx,batch04,abstract-ART000857915,P3b,qwen3-8b,ai,429
D17755.docx,batch04,abstract-ART000868010,P3b,qwen3-8b,ai,312
D17756.docx,batch04,abstract-ART000888565,P3b,qwen3-8b,ai,741
D17757.docx,batch04,abstract-ART000895472,P3b,qwen3-8b,ai,832
D17758.docx,batch04,abstract-ART000868784,P3b,qwen3-8b,ai,738
D17759.docx,batch04,abstract-ART000895385,P3b,qwen3-8b,ai,562
D17760.docx,batch04,abstract-ART000895520,P3b,qwen3-8b,ai,552
D17761.docx,batch04,abstract-ART000863895,P3b,qwen3-8b,ai,577
D17762.docx,batch04,abstract-ART000902033,P3b,qwen3-8b,ai,492
D17763.docx,batch04,abstract-ART000862108,P3b,qwen3-8b,ai,878
D17764.docx,batch04,abstract-ART000884064,P3b,qwen3-8b,ai,601
D17765.docx,batch04,abstract-ART000874465,P3b,qwen3-8b,ai,887
D17766.docx,batch04,abstract-ART000872619,P3b,qwen3-8b,ai,714
D17767.docx,batch04,abstract-ART000905342,P3b,qwen3-8b,ai,490
D17768.docx,batch04,abstract-ART000850915,P3b,qwen3-8b,ai,467
D17769.docx,batch04,abstract-ART001412160,P3b,qwen3-8b,ai,365
D17770.docx,batch04,abstract-ART000905236,P3b,qwen3-8b,ai,435
D17771.docx,batch04,abstract-ART001513484,P3b,qwen3-8b,ai,545
D17772.docx,batch04,abstract-ART000889267,P3b,qwen3-8b,ai,598
D17773.docx,batch04,abstract-ART001336828,P3b,qwen3-8b,ai,575
D17774.docx,batch04,abstract-ART000887091,P3b,qwen3-8b,ai,927
D17775.docx,batch04,abstract-ART000905765,P3b,qwen3-8b,ai,471
D17776.docx,batch04,abstract-ART000908135,P3b,qwen3-8b,ai,462
D17777.docx,batch04,abstract-ART000897030,P3b,qwen3-8b,ai,618
D17778.docx,batch04,abstract-ART000858025,P3b,qwen3-8b,ai,471
D17779.docx,batch04,abstract-ART002207446,P3b,qwen3-8b,ai,497
D17780.docx,batch04,abstract-ART000896787,P3b,qwen3-8b,ai,461
D17781.docx,batch04,abstract-ART000888787,P3b,qwen3-8b,ai,687
D17782.docx,batch04,abstract-ART000865797,P3b,qwen3-8b,ai,277
D17783.docx,batch04,abstract-ART000864362,P3b,qwen3-8b,ai,772
D17784.docx,batch04,abstract-ART001433102,P3b,qwen3-8b,ai,788
D17785.docx,batch04,abstract-ART000901944,P3b,qwen3-8b,ai,580
D17786.docx,batch04,abstract-ART000888564,P3b,qwen3-8b,ai,539
D17787.docx,batch04,abstract-ART000851863,P3b,qwen3-8b,ai,1006
D17788.docx,batch04,abstract-ART000902985,P3b,qwen3-8b,ai,435
D17789.docx,batch04,abstract-ART000879096,P3b,qwen3-8b,ai,486
D17790.docx,batch04,abstract-ART000903027,P3b,qwen3-8b,ai,560
D17791.docx,batch04,abstract-ART000902287,P3b,qwen3-8b,ai,661
D17792.docx,batch04,abstract-ART002002482,P3b,qwen3-8b,ai,690
D17793.docx,batch04,abstract-ART000883020,P3b,qwen3-8b,ai,676
D17794.docx,batch04,abstract-ART000905258,P3b,qwen3-8b,ai,384
D17795.docx,batch04,abstract-ART000904868,P3b,qwen3-8b,ai,513
D17796.docx,batch04,abstract-ART000874917,P3b,qwen3-8b,ai,790
D17797.docx,batch04,abstract-ART002066351,P3b,qwen3-8b,ai,532
D17798.docx,batch04,abstract-ART000895580,P3b,qwen3-8b,ai,388
D17799.docx,batch04,abstract-ART000856296,P3b,qwen3-8b,ai,433
D17800.docx,batch04,abstract-ART000860324,P3b,qwen3-8b,ai,492
D17801.docx,batch04,abstract-ART000906255,P3b,qwen3-8b,ai,483
D17802.docx,batch04,abstract-ART000889098,P3b,qwen3-8b,ai,789
D17803.docx,batch04,abstract-ART002350176,P3b,qwen3-8b,ai,811
D17804.docx,batch04,abstract-ART001548208,P3b,qwen3-8b,ai,615
D17805.docx,batch04,abstract-ART000876972,P3b,qwen3-8b,ai,624
D17806.docx,batch04,abstract-ART000857767,P3b,qwen3-8b,ai,647
D17807.docx,batch04,abstract-ART000867158,P3b,qwen3-8b,ai,543
D17808.docx,batch04,abstract-ART000864270,P3b,qwen3-8b,ai,849
D17809.docx,batch04,abstract-ART001474174,P3b,qwen3-8b,ai,773
D17810.docx,batch04,abstract-ART000900616,P3b,qwen3-8b,ai,384
D17811.docx,batch04,abstract-ART000902642,P3b,qwen3-8b,ai,570
D17812.docx,batch04,abstract-ART000888230,P3b,qwen3-8b,ai,478
D17813.docx,batch04,abstract-ART000896460,P3b,qwen3-8b,ai,711
D17814.docx,batch04,abstract-ART002551569,P3b,qwen3-8b,ai,737
D17815.docx,batch04,abstract-ART000902862,P3b,qwen3-8b,ai,683
D17816.docx,batch04,abstract-ART000866871,P3b,qwen3-8b,ai,315
D17817.docx,batch04,abstract-ART000872794,P3b,qwen3-8b,ai,669
D17818.docx,batch04,abstract-ART000888580,P3b,qwen3-8b,ai,744
D17819.docx,batch04,abstract-ART000878860,P3b,qwen3-8b,ai,751
D17820.docx,batch04,abstract-ART001697698,P3b,qwen3-8b,ai,679
D17821.docx,batch04,abstract-ART001256759,P3b,qwen3-8b,ai,848
D17822.docx,batch04,abstract-ART000903352,P3b,qwen3-8b,ai,663
D17823.docx,batch04,abstract-ART000900252,P3b,qwen3-8b,ai,444
D17824.docx,batch04,abstract-ART000883488,P3b,qwen3-8b,ai,374
D17825.docx,batch04,abstract-ART000894101,P3b,qwen3-8b,ai,426
D17826.docx,batch04,abstract-ART002541523,P3b,qwen3-8b,ai,608
D17827.docx,batch04,abstract-ART000854478,P3b,qwen3-8b,ai,525
D17828.docx,batch04,abstract-ART000872670,P3b,qwen3-8b,ai,352
D17829.docx,batch04,abstract-ART000892920,P3b,qwen3-8b,ai,735
D17830.docx,batch04,abstract-ART000852465,P3b,qwen3-8b,ai,499
D17831.docx,batch04,abstract-ART000885423,P3b,qwen3-8b,ai,783
D17832.docx,batch04,abstract-ART000871706,P3b,qwen3-8b,ai,615
D17833.docx,batch04,abstract-ART000858416,P3b,qwen3-8b,ai,769
D17834.docx,batch04,abstract-ART000876822,P3b,qwen3-8b,ai,969
D17835.docx,batch04,abstract-ART000892531,P3b,qwen3-8b,ai,560
D17836.docx,batch04,abstract-ART000884976,P3b,qwen3-8b,ai,533
D17837.docx,batch04,abstract-ART000861262,P3b,qwen3-8b,ai,386
D17838.docx,batch04,abstract-ART000884627,P3b,qwen3-8b,ai,834
D17839.docx,batch04,abstract-ART000899614,P3b,qwen3-8b,ai,783
D17840.docx,batch04,abstract-ART000901316,P3b,qwen3-8b,ai,699
D17841.docx,batch04,abstract-ART000902357,P3b,qwen3-8b,ai,522
D17842.docx,batch04,abstract-ART002261726,P3b,qwen3-8b,ai,846
D17843.docx,batch04,abstract-ART001771867,P3b,qwen3-8b,ai,580
D17844.docx,batch04,abstract-ART000903503,P3b,qwen3-8b,ai,435
D17845.docx,batch04,abstract-ART000896150,P3b,qwen3-8b,ai,376
D17846.docx,batch04,abstract-ART000868524,P3b,qwen3-8b,ai,561
D17847.docx,batch04,abstract-ART000901409,P3b,qwen3-8b,ai,761
D17848.docx,batch04,abstract-ART000889375,P3b,qwen3-8b,ai,717
D17849.docx,batch04,abstract-ART000869560,P3b,qwen3-8b,ai,669
D17850.docx,batch04,abstract-ART000852226,P3b,qwen3-8b,ai,491
D17851.docx,batch04,abstract-ART000871800,P3b,qwen3-8b,ai,656
D17852.docx,batch04,abstract-ART002335533,P3b,qwen3-8b,ai,380
D17853.docx,batch04,abstract-ART000873079,P3b,qwen3-8b,ai,369
D17854.docx,batch04,abstract-ART000870022,P3b,qwen3-8b,ai,368
D17855.docx,batch04,abstract-ART000908117,P3b,qwen3-8b,ai,553
D17856.docx,batch04,abstract-ART001804631,P3b,qwen3-8b,ai,707
D17857.docx,batch04,abstract-ART000858222,P3b,qwen3-8b,ai,346
D17858.docx,batch04,abstract-ART000874566,P3b,qwen3-8b,ai,673
D17859.docx,batch04,abstract-ART000901860,P3b,qwen3-8b,ai,839
D17860.docx,batch04,abstract-ART000888870,P3b,qwen3-8b,ai,793
D17861.docx,batch04,abstract-ART000904796,P3b,qwen3-8b,ai,738
D17862.docx,batch04,abstract-ART000902710,P3b,qwen3-8b,ai,516
D17863.docx,batch04,abstract-ART000906283,P3b,qwen3-8b,ai,378
D17864.docx,batch04,abstract-ART002502693,P3b,qwen3-8b,ai,703
D17865.docx,batch04,abstract-ART000906050,P3b,qwen3-8b,ai,337
D17866.docx,batch04,abstract-ART000902771,P3b,qwen3-8b,ai,494
D17867.docx,batch04,abstract-ART000868525,P3b,qwen3-8b,ai,362
D17868.docx,batch04,abstract-ART000864584,P3b,qwen3-8b,ai,675
D17869.docx,batch04,abstract-ART000857589,P3b,qwen3-8b,ai,398
D17870.docx,batch04,abstract-ART000908057,P3b,qwen3-8b,ai,503
D17871.docx,batch04,abstract-ART000892110,P3b,qwen3-8b,ai,536
D17872.docx,batch04,abstract-ART000908138,P3b,qwen3-8b,ai,424
D17873.docx,batch04,abstract-ART000867237,P3b,qwen3-8b,ai,440
D17874.docx,batch04,abstract-ART000868937,P3b,qwen3-8b,ai,321
D17875.docx,batch04,abstract-ART000873016,P3b,qwen3-8b,ai,306
D17876.docx,batch04,abstract-ART000903395,P3b,qwen3-8b,ai,343
D17877.docx,batch04,abstract-ART000888293,P3b,qwen3-8b,ai,851
D17878.docx,batch04,abstract-ART000864464,P3b,qwen3-8b,ai,493
D17879.docx,batch04,abstract-ART001256764,P3b,qwen3-8b,ai,480
D17880.docx,batch04,abstract-ART000861277,P3b,qwen3-8b,ai,810
D17881.docx,batch04,abstract-ART001872391,P3b,qwen3-8b,ai,514
D17882.docx,batch04,abstract-ART000902736,P3b,qwen3-8b,ai,310
D17883.docx,batch04,abstract-ART001673594,P3b,qwen3-8b,ai,281
D17884.docx,batch04,abstract-ART000890174,P3b,qwen3-8b,ai,327
D17885.docx,batch04,abstract-ART000852005,P3b,qwen3-8b,ai,549
D17886.docx,batch04,abstract-ART000905844,P3b,qwen3-8b,ai,769
D17887.docx,batch04,abstract-ART000901478,P3b,qwen3-8b,ai,381
D17888.docx,batch04,abstract-ART000885599,P3b,qwen3-8b,ai,541
D17889.docx,batch04,abstract-ART000872135,P3b,qwen3-8b,ai,765
D17890.docx,batch04,abstract-ART000879092,P3b,qwen3-8b,ai,670
D17891.docx,batch04,abstract-ART001433131,P3b,qwen3-8b,ai,637
D17892.docx,batch04,abstract-ART002254824,P3b,qwen3-8b,ai,540
D17893.docx,batch04,abstract-ART000902135,P3b,qwen3-8b,ai,612
D17894.docx,batch04,abstract-ART000872234,P3b,qwen3-8b,ai,487
D17895.docx,batch04,abstract-ART000869225,P3b,qwen3-8b,ai,407
D17896.docx,batch04,abstract-ART000861028,P3b,qwen3-8b,ai,920
D17897.docx,batch04,abstract-ART000900483,P3b,qwen3-8b,ai,967
D17898.docx,batch04,abstract-ART000887412,P3b,qwen3-8b,ai,505
D17899.docx,batch04,abstract-ART001563754,P3b,qwen3-8b,ai,388
D17900.docx,batch04,abstract-ART000852039,P3b,qwen3-8b,ai,1075
D17901.docx,batch04,abstract-ART000897733,P3b,qwen3-8b,ai,570
D17902.docx,batch04,abstract-ART000860372,P3b,qwen3-8b,ai,424
D17903.docx,batch04,abstract-ART000851950,P3b,qwen3-8b,ai,534
D17904.docx,batch04,abstract-ART002507059,P3b,qwen3-8b,ai,752
D17905.docx,batch04,abstract-ART000877104,P3b,qwen3-8b,ai,578
D17906.docx,batch04,abstract-ART000888600,P3b,qwen3-8b,ai,921
D17907.docx,batch04,abstract-ART002471169,P3b,qwen3-8b,ai,356
D17908.docx,batch04,abstract-ART000905936,P3b,qwen3-8b,ai,510
D17909.docx,batch04,abstract-ART000888289,P3b,qwen3-8b,ai,830
D17910.docx,batch04,abstract-ART001073369,P3b,qwen3-8b,ai,679
D17911.docx,batch04,abstract-ART000852027,P3b,qwen3-8b,ai,513
D17912.docx,batch04,abstract-ART000903225,P3b,qwen3-8b,ai,589
D17913.docx,batch04,abstract-ART000872635,P3b,qwen3-8b,ai,859
D17914.docx,batch04,abstract-ART000887443,P3b,qwen3-8b,ai,535
D17915.docx,batch04,abstract-ART000857909,P3b,qwen3-8b,ai,760
D17916.docx,batch04,abstract-ART000879162,P3b,qwen3-8b,ai,575
D17917.docx,batch04,abstract-ART000875854,P3b,qwen3-8b,ai,683
D17918.docx,batch04,abstract-ART000884069,P3b,qwen3-8b,ai,331
D17919.docx,batch04,abstract-ART000864195,P3b,qwen3-8b,ai,681
D17920.docx,batch04,abstract-ART000877586,P3b,qwen3-8b,ai,624
D17921.docx,batch04,abstract-ART000904857,P3b,qwen3-8b,ai,798
D17922.docx,batch04,abstract-ART000852090,P3b,qwen3-8b,ai,676
D17923.docx,batch04,abstract-ART000880304,P3b,qwen3-8b,ai,337
D17924.docx,batch04,abstract-ART000893269,P3b,qwen3-8b,ai,470
D17925.docx,batch04,abstract-ART002180425,P3b,qwen3-8b,ai,380
D17926.docx,batch04,abstract-ART000865788,P3b,qwen3-8b,ai,458
D17927.docx,batch04,abstract-ART000897802,P3b,qwen3-8b,ai,667
D17928.docx,batch04,abstract-ART001836371,P3b,qwen3-8b,ai,671
D17929.docx,batch04,abstract-ART000889311,P3b,qwen3-8b,ai,669
D17930.docx,batch04,abstract-ART000874536,P3b,qwen3-8b,ai,658
D17931.docx,batch04,abstract-ART000860800,P3b,qwen3-8b,ai,669
D17932.docx,batch04,abstract-ART000905499,P3b,qwen3-8b,ai,593
D17933.docx,batch04,abstract-ART000873516,P3b,qwen3-8b,ai,764
D17934.docx,batch04,abstract-ART000867042,P3b,qwen3-8b,ai,645
D17935.docx,batch04,abstract-ART000852805,P3b,qwen3-8b,ai,424
D17936.docx,batch04,abstract-ART002378143,P3b,qwen3-8b,ai,612
D17937.docx,batch04,abstract-ART002040594,P3b,qwen3-8b,ai,595
D17938.docx,batch04,abstract-ART000858939,P3b,qwen3-8b,ai,558
D17939.docx,batch04,abstract-ART000888489,P3b,qwen3-8b,ai,721
D17940.docx,batch04,abstract-ART000905405,P3b,qwen3-8b,ai,528
D17941.docx,batch04,abstract-ART000892393,P3b,qwen3-8b,ai,851
D17942.docx,batch04,abstract-ART001628705,P3b,qwen3-8b,ai,826
D17943.docx,batch04,abstract-ART000900700,P3b,qwen3-8b,ai,475
D17944.docx,batch04,abstract-ART000881332,P3b,qwen3-8b,ai,399
D17945.docx,batch04,abstract-ART000858259,P3b,qwen3-8b,ai,522
D17946.docx,batch04,abstract-ART000901881,P3b,qwen3-8b,ai,371
D17947.docx,batch04,abstract-ART001620407,P3b,qwen3-8b,ai,390
D17948.docx,batch04,abstract-ART000902099,P3b,qwen3-8b,ai,362
D17949.docx,batch04,abstract-ART000885600,P3b,qwen3-8b,ai,702
D17950.docx,batch04,abstract-ART000852108,P3b,qwen3-8b,ai,712
D17951.docx,batch04,abstract-ART000858397,P3b,qwen3-8b,ai,781
D17952.docx,batch04,abstract-ART000852147,P3b,qwen3-8b,ai,780
D17953.docx,batch04,abstract-ART000864483,P3b,qwen3-8b,ai,718
D17954.docx,batch04,abstract-ART000885208,P3b,qwen3-8b,ai,403
D17955.docx,batch04,abstract-ART000886200,P3b,qwen3-8b,ai,576
D17956.docx,batch04,abstract-ART000902252,P3b,qwen3-8b,ai,590
D17957.docx,batch04,abstract-ART000905414,P3b,qwen3-8b,ai,511
D17958.docx,batch04,abstract-ART000903290,P3b,qwen3-8b,ai,617
D17959.docx,batch04,abstract-ART000876376,P3b,qwen3-8b,ai,579
D17960.docx,batch04,abstract-ART000866110,P3b,qwen3-8b,ai,670
D17961.docx,batch04,abstract-ART000900364,P3b,qwen3-8b,ai,748
D17962.docx,batch04,abstract-ART000897668,P3b,qwen3-8b,ai,587
D17963.docx,batch04,abstract-ART000883338,P3b,qwen3-8b,ai,580
D17964.docx,batch04,abstract-ART000862106,P3b,qwen3-8b,ai,377
D17965.docx,batch04,abstract-ART000869337,P3b,qwen3-8b,ai,612
D17966.docx,batch04,abstract-ART000902206,P3b,qwen3-8b,ai,473
D17967.docx,batch04,abstract-ART000850838,P3b,qwen3-8b,ai,535
D17968.docx,batch04,abstract-ART000881764,P3b,qwen3-8b,ai,315
D17969.docx,batch04,abstract-ART000873858,P3b,qwen3-8b,ai,473
D17970.docx,batch04,abstract-ART000891780,P3b,qwen3-8b,ai,424
D17971.docx,batch04,abstract-ART000852173,P3b,qwen3-8b,ai,717
D17972.docx,batch04,abstract-ART000902069,P3b,qwen3-8b,ai,702
D17973.docx,batch04,abstract-ART000896000,P3b,qwen3-8b,ai,817
D17974.docx,batch04,abstract-ART000863077,P3b,qwen3-8b,ai,487
D17975.docx,batch04,abstract-ART000902759,P3b,qwen3-8b,ai,400
D17976.docx,batch04,abstract-ART000905935,P3b,qwen3-8b,ai,346
D17977.docx,batch04,abstract-ART000903209,P3b,qwen3-8b,ai,295
D17978.docx,batch04,abstract-ART000901933,P3b,qwen3-8b,ai,558
D17979.docx,batch04,abstract-ART000902094,P3b,qwen3-8b,ai,741
D17980.docx,batch04,abstract-ART000867484,P3b,qwen3-8b,ai,381
D17981.docx,batch04,abstract-ART000862996,P3b,qwen3-8b,ai,445
D17982.docx,batch04,abstract-ART000899895,P3b,qwen3-8b,ai,725
D17983.docx,batch04,abstract-ART000892546,P3b,qwen3-8b,ai,495
D17984.docx,batch04,abstract-ART002440427,P3b,qwen3-8b,ai,559
D17985.docx,batch04,abstract-ART000861186,P3b,qwen3-8b,ai,476
D17986.docx,batch04,abstract-ART002226296,P3b,qwen3-8b,ai,545
D17987.docx,batch04,abstract-ART000860328,P3b,qwen3-8b,ai,535
D17988.docx,batch04,abstract-ART000905663,P3b,qwen3-8b,ai,479
D17989.docx,batch04,abstract-ART000885874,P3b,qwen3-8b,ai,1016
D17990.docx,batch04,abstract-ART000852171,P3b,qwen3-8b,ai,427
D17991.docx,batch04,abstract-ART000902824,P3b,qwen3-8b,ai,816
D17992.docx,batch04,abstract-ART000881903,P3b,qwen3-8b,ai,511
D17993.docx,batch04,abstract-ART000903581,P3b,qwen3-8b,ai,376
D17994.docx,batch04,abstract-ART000857935,P3b,qwen3-8b,ai,423
D17995.docx,batch04,abstract-ART000858819,P3b,qwen3-8b,ai,556
D17996.docx,batch04,abstract-ART000871723,P3b,qwen3-8b,ai,482
D17997.docx,batch04,abstract-ART000905737,P3b,qwen3-8b,ai,593
D17998.docx,batch04,abstract-ART002063537,P3b,qwen3-8b,ai,856
D17999.docx,batch04,abstract-ART000882843,P3b,qwen3-8b,ai,425
D18000.docx,batch04,abstract-ART000898465,P3b,qwen3-8b,ai,653
D18001.docx,batch04,abstract-ART001950596,P3b,qwen3-8b,ai,523
D18002.docx,batch04,abstract-ART000878869,P3b,qwen3-8b,ai,550
D18003.docx,batch04,abstract-ART000880218,P3b,qwen3-8b,ai,535
D18004.docx,batch04,abstract-ART000908065,P3b,qwen3-8b,ai,347
D18005.docx,batch04,abstract-ART000902006,P3b,qwen3-8b,ai,480
D18006.docx,batch04,abstract-ART000864086,P3b,qwen3-8b,ai,499
D18007.docx,batch04,abstract-ART000873156,P3b,qwen3-8b,ai,459
D18008.docx,batch04,abstract-ART000852809,P3b,qwen3-8b,ai,534
D18009.docx,batch04,abstract-ART000864199,P3b,qwen3-8b,ai,632
D18010.docx,batch04,abstract-ART000855204,P3b,qwen3-8b,ai,1061
D18011.docx,batch04,abstract-ART000868935,P3b,qwen3-8b,ai,312
D18012.docx,batch04,abstract-ART000897844,P3b,qwen3-8b,ai,1066
D18013.docx,batch04,abstract-ART000872783,P3b,qwen3-8b,ai,483
D18014.docx,batch04,abstract-ART000901987,P3b,qwen3-8b,ai,433
D18015.docx,batch04,abstract-ART000875648,P3b,qwen3-8b,ai,502
D18016.docx,batch04,abstract-ART000868189,P3b,qwen3-8b,ai,871
D18017.docx,batch04,abstract-ART000871799,P3b,qwen3-8b,ai,525
D18018.docx,batch04,abstract-ART001950567,P3b,qwen3-8b,ai,449
D18019.docx,batch04,abstract-ART000855225,P3b,qwen3-8b,ai,671
D18020.docx,batch04,abstract-ART000889183,P3b,qwen3-8b,ai,893
D18021.docx,batch04,abstract-ART000893276,P3b,qwen3-8b,ai,507
D18022.docx,batch04,abstract-ART001942333,P3b,qwen3-8b,ai,683
D18023.docx,batch04,abstract-ART001962520,P3b,qwen3-8b,ai,505
D18024.docx,batch04,abstract-ART001746078,P3b,qwen3-8b,ai,478
D18025.docx,batch04,abstract-ART000871188,P3b,qwen3-8b,ai,499
D18026.docx,batch04,abstract-ART000858226,P3b,qwen3-8b,ai,771
D18027.docx,batch04,abstract-ART000902775,P3b,qwen3-8b,ai,365
D18028.docx,batch04,abstract-ART000892048,P3b,qwen3-8b,ai,449
D18029.docx,batch04,abstract-ART000852673,P3b,qwen3-8b,ai,702
D18030.docx,batch04,abstract-ART000875915,P3b,qwen3-8b,ai,352
D18031.docx,batch04,abstract-ART000867658,P3b,qwen3-8b,ai,449
D18032.docx,batch04,abstract-ART000853744,P3b,qwen3-8b,ai,363
D18033.docx,batch04,abstract-ART000893321,P3b,qwen3-8b,ai,834
D18034.docx,batch04,abstract-ART000883743,P3b,qwen3-8b,ai,386
D18035.docx,batch04,abstract-ART000898239,P3b,qwen3-8b,ai,931
D18036.docx,batch04,abstract-ART001496459,P3b,qwen3-8b,ai,411
D18037.docx,batch04,abstract-ART000906058,P3b,qwen3-8b,ai,616
D18038.docx,batch04,abstract-ART000892526,P3b,qwen3-8b,ai,683
D18039.docx,batch04,abstract-ART000896464,P3b,qwen3-8b,ai,493
D18040.docx,batch04,abstract-ART000885601,P3b,qwen3-8b,ai,428
D18041.docx,batch04,abstract-ART000885399,P3b,qwen3-8b,ai,432
D18042.docx,batch04,abstract-ART002119410,P3b,qwen3-8b,ai,398
D18043.docx,batch04,abstract-ART000855396,P3b,qwen3-8b,ai,808
D18044.docx,batch04,abstract-ART000861662,P3b,qwen3-8b,ai,350
D18045.docx,batch04,abstract-ART000904552,P3b,qwen3-8b,ai,501
D18046.docx,batch04,abstract-ART000901866,P3b,qwen3-8b,ai,621
D18047.docx,batch04,abstract-ART000883561,P3b,qwen3-8b,ai,345
D18048.docx,batch04,abstract-ART000902545,P3b,qwen3-8b,ai,600
D18049.docx,batch04,abstract-ART000864457,P3b,qwen3-8b,ai,765
D18050.docx,batch04,abstract-ART000875857,P3b,qwen3-8b,ai,599
D18051.docx,batch04,abstract-ART000874481,P3b,qwen3-8b,ai,712
D18052.docx,batch04,abstract-ART000883017,P3b,qwen3-8b,ai,677
D18053.docx,batch04,abstract-ART000905968,P3b,qwen3-8b,ai,383
D18054.docx,batch04,abstract-ART001920478,P3b,qwen3-8b,ai,532
D18055.docx,batch04,abstract-ART000851941,P3b,qwen3-8b,ai,723
D18056.docx,batch04,abstract-ART000863364,P3b,qwen3-8b,ai,461
D18057.docx,batch04,abstract-ART000899561,P3b,qwen3-8b,ai,989
D18058.docx,batch04,abstract-ART000889185,P3b,qwen3-8b,ai,324
D18059.docx,batch04,abstract-ART000871716,P3b,qwen3-8b,ai,654
D18060.docx,batch04,abstract-ART000869974,P3b,qwen3-8b,ai,768
D18061.docx,batch04,abstract-ART002460830,P3b,qwen3-8b,ai,395
D18062.docx,batch04,abstract-ART000869414,P3b,qwen3-8b,ai,327
D18063.docx,batch04,abstract-ART000890642,P3b,qwen3-8b,ai,405
D18064.docx,batch04,abstract-ART000905572,P3b,qwen3-8b,ai,528
D18065.docx,batch04,abstract-ART002516340,P3b,qwen3-8b,ai,515
D18066.docx,batch04,abstract-ART002442170,P3b,qwen3-8b,ai,672
D18067.docx,batch04,abstract-ART000880298,P3b,qwen3-8b,ai,379
D18068.docx,batch04,abstract-ART000880107,P3b,qwen3-8b,ai,878
D18069.docx,batch04,abstract-ART002092405,P3b,qwen3-8b,ai,905
D18070.docx,batch04,abstract-ART000880297,P3b,qwen3-8b,ai,454
D18071.docx,batch04,abstract-ART000864373,P3b,qwen3-8b,ai,960
D18072.docx,batch04,abstract-ART000875781,P3b,qwen3-8b,ai,690
D18073.docx,batch04,abstract-ART000862291,P3b,qwen3-8b,ai,571
D18074.docx,batch04,abstract-ART000854458,P3b,qwen3-8b,ai,856
D18075.docx,batch04,abstract-ART002252330,P3b,qwen3-8b,ai,342
D18076.docx,batch04,abstract-ART000866036,P3b,qwen3-8b,ai,324
D18077.docx,batch04,abstract-ART000896079,P3b,qwen3-8b,ai,495
D18078.docx,batch04,abstract-ART000896509,P3b,qwen3-8b,ai,313
D18079.docx,batch04,abstract-ART000854661,P3b,qwen3-8b,ai,572
D18080.docx,batch04,abstract-ART000852268,P3b,qwen3-8b,ai,961
D18081.docx,batch04,abstract-ART000894225,P3b,qwen3-8b,ai,492
D18082.docx,batch04,abstract-ART000875784,P3b,qwen3-8b,ai,501
D18083.docx,batch04,abstract-ART000905210,P3b,qwen3-8b,ai,574
D18084.docx,batch04,abstract-ART000880053,P3b,qwen3-8b,ai,306
D18085.docx,batch04,abstract-ART000868272,P3b,qwen3-8b,ai,533
D18086.docx,batch04,abstract-ART001474377,P3b,qwen3-8b,ai,771
D18087.docx,batch04,abstract-ART000872048,P3b,qwen3-8b,ai,583
D18088.docx,batch04,abstract-ART000889473,P3b,qwen3-8b,ai,634
D18089.docx,batch04,abstract-ART002487266,P3b,qwen3-8b,ai,550
D18090.docx,batch04,abstract-ART000903413,P3b,qwen3-8b,ai,410
D18091.docx,batch04,abstract-ART000879097,P3b,qwen3-8b,ai,431
D18092.docx,batch04,abstract-ART000900159,P3b,qwen3-8b,ai,791
D18093.docx,batch04,abstract-ART000901654,P3b,qwen3-8b,ai,462
D18094.docx,batch04,abstract-ART000893058,P3b,qwen3-8b,ai,474
D18095.docx,batch04,abstract-ART000875035,P3b,qwen3-8b,ai,742
D18096.docx,batch04,abstract-ART000871721,P3b,qwen3-8b,ai,459
D18097.docx,batch04,abstract-ART000906032,P3b,qwen3-8b,ai,288
D18098.docx,batch04,abstract-ART000867754,P3b,qwen3-8b,ai,398
D18099.docx,batch04,abstract-ART000863120,P3b,qwen3-8b,ai,432
D18100.docx,batch04,abstract-ART000885355,P3b,qwen3-8b,ai,604
D18101.docx,batch04,abstract-ART000875938,P3b,qwen3-8b,ai,500
D18102.docx,batch04,abstract-ART000899836,P3b,qwen3-8b,ai,842
D18103.docx,batch04,abstract-ART000896196,P3b,qwen3-8b,ai,221
D18104.docx,batch04,abstract-ART000875405,P3b,qwen3-8b,ai,542
D18105.docx,batch04,abstract-ART000889272,P3b,qwen3-8b,ai,670
D18106.docx,batch04,abstract-ART000895838,P3b,qwen3-8b,ai,616
D18107.docx,batch04,abstract-ART000888418,P3b,qwen3-8b,ai,571
D18108.docx,batch04,abstract-ART000906622,P3b,qwen3-8b,ai,675
D18109.docx,batch04,abstract-ART000893954,P3b,qwen3-8b,ai,424
D18110.docx,batch04,abstract-ART000901741,P3b,qwen3-8b,ai,390
D18111.docx,batch04,abstract-ART000852552,P3b,qwen3-8b,ai,564
D18112.docx,batch04,abstract-ART000904768,P3b,qwen3-8b,ai,740
D18113.docx,batch04,abstract-ART002468175,P3b,qwen3-8b,ai,542
D18114.docx,batch04,abstract-ART000900488,P3b,qwen3-8b,ai,850
D18115.docx,batch04,abstract-ART000900255,P3b,qwen3-8b,ai,497
D18116.docx,batch04,abstract-ART002032711,P3b,qwen3-8b,ai,890
D18117.docx,batch04,abstract-ART000857757,P3b,qwen3-8b,ai,672
D18118.docx,batch04,abstract-ART000885502,P3b,qwen3-8b,ai,455
D18119.docx,batch04,abstract-ART001763010,P3b,qwen3-8b,ai,563
D18120.docx,batch04,abstract-ART000900702,P3b,qwen3-8b,ai,298
D18121.docx,batch04,abstract-ART000858884,P3b,qwen3-8b,ai,885
D18122.docx,batch04,abstract-ART000893668,P3b,qwen3-8b,ai,716
D18123.docx,batch04,abstract-ART000883962,P3b,qwen3-8b,ai,734
D18124.docx,batch04,abstract-ART000902286,P3b,qwen3-8b,ai,431
D18125.docx,batch04,abstract-ART000906517,P3b,qwen3-8b,ai,390
D18126.docx,batch04,abstract-ART000880339,P3b,qwen3-8b,ai,356
D18127.docx,batch04,abstract-ART000852554,P3b,qwen3-8b,ai,412
D18128.docx,batch04,abstract-ART000861614,P3b,qwen3-8b,ai,896
D18129.docx,batch04,abstract-ART000875821,P3b,qwen3-8b,ai,472
D18130.docx,batch04,abstract-ART000893265,P3b,qwen3-8b,ai,471
D18131.docx,batch04,abstract-ART000900183,P3b,qwen3-8b,ai,1004
D18132.docx,batch04,abstract-ART000867383,P3b,qwen3-8b,ai,364
D18133.docx,batch04,abstract-ART000869536,P3b,qwen3-8b,ai,329
D18134.docx,batch04,abstract-ART000888931,P3b,qwen3-8b,ai,347
D18135.docx,batch04,abstract-ART000885774,P3b,qwen3-8b,ai,673
D18136.docx,batch04,abstract-ART001550980,P3b,qwen3-8b,ai,458
D18137.docx,batch04,abstract-ART002176020,P3b,qwen3-8b,ai,588
D18138.docx,batch04,abstract-ART000876996,P3b,qwen3-8b,ai,503
D18139.docx,batch04,abstract-ART000904626,P3b,qwen3-8b,ai,370
D18140.docx,batch04,abstract-ART001915187,P3b,qwen3-8b,ai,560
D18141.docx,batch04,abstract-ART000868121,P3b,qwen3-8b,ai,903
D18142.docx,batch04,abstract-ART000902518,P3b,qwen3-8b,ai,419
D18143.docx,batch04,abstract-ART000885304,P3b,qwen3-8b,ai,708
D18144.docx,batch04,abstract-ART000894246,P3b,qwen3-8b,ai,512
D18145.docx,batch04,abstract-ART000878014,P3b,qwen3-8b,ai,1147
D18146.docx,batch04,abstract-ART001336836,P3b,qwen3-8b,ai,891
D18147.docx,batch04,abstract-ART000863864,P3b,qwen3-8b,ai,891
D18148.docx,batch04,abstract-ART000897354,P3b,qwen3-8b,ai,1013
D18149.docx,batch04,abstract-ART000871184,P3b,qwen3-8b,ai,583
D18150.docx,batch04,abstract-ART001746080,P3b,qwen3-8b,ai,901
D18151.docx,batch04,abstract-ART000864549,P3b,qwen3-8b,ai,316
D18152.docx,batch04,abstract-ART000901013,P3b,qwen3-8b,ai,424
D18153.docx,batch04,abstract-ART000903375,P3b,qwen3-8b,ai,594
D18154.docx,batch04,abstract-ART000898457,P3b,qwen3-8b,ai,595
D18155.docx,batch04,abstract-ART000852070,P3b,qwen3-8b,ai,551
D18156.docx,batch04,abstract-ART000856084,P3b,qwen3-8b,ai,377
D18157.docx,batch04,abstract-ART000892109,P3b,qwen3-8b,ai,347
D18158.docx,batch04,abstract-ART000852201,P3b,qwen3-8b,ai,688
D18159.docx,batch04,abstract-ART000853227,P3b,qwen3-8b,ai,424
D18160.docx,batch04,abstract-ART000900362,P3b,qwen3-8b,ai,737
D18161.docx,batch04,abstract-ART000901735,P3b,qwen3-8b,ai,656
D18162.docx,batch04,abstract-ART000877431,P3b,qwen3-8b,ai,455
D18163.docx,batch04,abstract-ART000894148,P3b,qwen3-8b,ai,278
D18164.docx,batch04,abstract-ART000857304,P3b,qwen3-8b,ai,510
D18165.docx,batch04,abstract-ART000860379,P3b,qwen3-8b,ai,563
D18166.docx,batch04,abstract-ART000853980,P3b,qwen3-8b,ai,455
D18167.docx,batch04,abstract-ART000863180,P3b,qwen3-8b,ai,664
D18168.docx,batch04,abstract-ART000888493,P3b,qwen3-8b,ai,285
D18169.docx,batch04,abstract-ART000852175,P3b,qwen3-8b,ai,819
D18170.docx,batch04,abstract-ART000892679,P3b,qwen3-8b,ai,590
D18171.docx,batch04,abstract-ART000893261,P3b,qwen3-8b,ai,695
D18172.docx,batch04,abstract-ART000903652,P3b,qwen3-8b,ai,703
D18173.docx,batch04,abstract-ART000876807,P3b,qwen3-8b,ai,683
D18174.docx,batch04,abstract-ART000901083,P3b,qwen3-8b,ai,379
D18175.docx,batch04,abstract-ART001360775,P3b,qwen3-8b,ai,430
D18176.docx,batch04,abstract-ART000865129,P3b,qwen3-8b,ai,570
D18177.docx,batch04,abstract-ART001484240,P3b,qwen3-8b,ai,489
D18178.docx,batch04,abstract-ART000889380,P3b,qwen3-8b,ai,475
D18179.docx,batch04,abstract-ART000888568,P3b,qwen3-8b,ai,633
D18180.docx,batch04,abstract-ART000872157,P3b,qwen3-8b,ai,372
D18181.docx,batch04,abstract-ART000895459,P3b,qwen3-8b,ai,719
D18182.docx,batch04,abstract-ART001569998,P3b,qwen3-8b,ai,610
D18183.docx,batch04,abstract-ART000903319,P3b,qwen3-8b,ai,412
D18184.docx,batch04,abstract-ART000890248,P3b,qwen3-8b,ai,526
D18185.docx,batch04,abstract-ART002452004,P3b,qwen3-8b,ai,413
D18186.docx,batch04,abstract-ART000883644,P3b,qwen3-8b,ai,410
D18187.docx,batch04,abstract-ART001753034,P3b,qwen3-8b,ai,418
D18188.docx,batch04,abstract-ART000860381,P3b,qwen3-8b,ai,452
D18189.docx,batch04,abstract-ART000852513,P3b,qwen3-8b,ai,1065
D18190.docx,batch04,abstract-ART000863534,P3b,qwen3-8b,ai,426
D18191.docx,batch04,abstract-ART000865280,P3b,qwen3-8b,ai,448
D18192.docx,batch04,abstract-ART000895891,P3b,qwen3-8b,ai,864
D18193.docx,batch04,abstract-ART001155723,P3b,qwen3-8b,ai,623
D18194.docx,batch04,abstract-ART000896282,P3b,qwen3-8b,ai,304
D18195.docx,batch04,abstract-ART002076002,P3b,qwen3-8b,ai,405
D18196.docx,batch04,abstract-ART000864309,P3b,qwen3-8b,ai,416
D18197.docx,batch04,abstract-ART000905868,P3b,qwen3-8b,ai,411
D18198.docx,batch04,abstract-ART000854108,P3b,qwen3-8b,ai,675
D18199.docx,batch04,abstract-ART000880045,P3b,qwen3-8b,ai,382
D18200.docx,batch04,abstract-ART000899438,P3b,qwen3-8b,ai,800
D18201.docx,batch04,abstract-ART000895513,P3b,qwen3-8b,ai,488
D18202.docx,batch04,abstract-ART002181227,P3b,qwen3-8b,ai,539
D18203.docx,batch04,abstract-ART000852137,P3b,qwen3-8b,ai,368
D18204.docx,batch04,abstract-ART002349006,P3b,qwen3-8b,ai,421
D18205.docx,batch04,abstract-ART000902092,P3b,qwen3-8b,ai,834
D18206.docx,batch04,abstract-ART002482787,P3b,qwen3-8b,ai,582
D18207.docx,batch04,abstract-ART000893117,P3b,qwen3-8b,ai,380
D18208.docx,batch04,abstract-ART000878461,P3b,qwen3-8b,ai,414
D18209.docx,batch04,abstract-ART000868513,P3b,qwen3-8b,ai,508
D18210.docx,batch04,abstract-ART000896548,P3b,qwen3-8b,ai,407
D18211.docx,batch04,abstract-ART001871321,P3b,qwen3-8b,ai,576
D18212.docx,batch04,abstract-ART000852103,P3b,qwen3-8b,ai,608
D18213.docx,batch04,abstract-ART000888459,P3b,qwen3-8b,ai,538
D18214.docx,batch04,abstract-ART000894738,P3b,qwen3-8b,ai,385
D18215.docx,batch04,abstract-ART000861278,P3b,qwen3-8b,ai,393
D18216.docx,batch04,abstract-ART000888497,P3b,qwen3-8b,ai,368
D18217.docx,batch04,abstract-ART000896451,P3b,qwen3-8b,ai,918
D18218.docx,batch04,abstract-ART000878888,P3b,qwen3-8b,ai,345
D18219.docx,batch04,abstract-ART001339224,P3b,qwen3-8b,ai,512
D18220.docx,batch04,abstract-ART000864668,P3b,qwen3-8b,ai,491
D18221.docx,batch04,abstract-ART000899891,P3b,qwen3-8b,ai,425
D18222.docx,batch04,abstract-ART000875783,P3b,qwen3-8b,ai,491
D18223.docx,batch04,abstract-ART000902763,P3b,qwen3-8b,ai,536
D18224.docx,batch04,abstract-ART000858575,P3b,qwen3-8b,ai,578
D18225.docx,batch04,abstract-ART000861848,P3b,qwen3-8b,ai,487
D18226.docx,batch04,abstract-ART000895578,P3b,qwen3-8b,ai,498
D18227.docx,batch04,abstract-ART002346611,P3b,qwen3-8b,ai,900
D18228.docx,batch04,abstract-ART002350161,P3b,qwen3-8b,ai,705
D18229.docx,batch04,abstract-ART000903775,P3b,qwen3-8b,ai,322
D18230.docx,batch04,abstract-ART000886715,P3b,qwen3-8b,ai,443
D18231.docx,batch04,abstract-ART000868520,P3b,qwen3-8b,ai,443
D18232.docx,batch04,abstract-ART000906155,P3b,qwen3-8b,ai,403
D18233.docx,batch04,abstract-ART000869715,P3b,qwen3-8b,ai,462
D18234.docx,batch04,abstract-ART001853638,P3b,qwen3-8b,ai,822
D18235.docx,batch04,abstract-ART000897803,P3b,qwen3-8b,ai,614
D18236.docx,batch04,abstract-ART000901322,P3b,qwen3-8b,ai,591
D18237.docx,batch04,abstract-ART000868193,P3b,qwen3-8b,ai,703
D18238.docx,batch04,abstract-ART000868862,P3b,qwen3-8b,ai,1108
D18239.docx,batch04,abstract-ART000885217,P3b,qwen3-8b,ai,739
D18240.docx,batch04,abstract-ART001705838,P3b,qwen3-8b,ai,1095
D18241.docx,batch04,abstract-ART000869547,P3b,qwen3-8b,ai,753
D18242.docx,batch04,abstract-ART001713861,P3b,qwen3-8b,ai,452
D18243.docx,batch04,abstract-ART000870168,P3b,qwen3-8b,ai,586
D18244.docx,batch04,abstract-ART000874077,P3b,qwen3-8b,ai,362
D18245.docx,batch04,abstract-ART000884619,P3b,qwen3-8b,ai,555
D18246.docx,batch04,abstract-ART000901856,P3b,qwen3-8b,ai,874
D18247.docx,batch04,abstract-ART000873440,P3b,qwen3-8b,ai,409
D18248.docx,batch04,abstract-ART002507037,P3b,qwen3-8b,ai,488
D18249.docx,batch04,abstract-ART000905607,P3b,qwen3-8b,ai,330
D18250.docx,batch04,abstract-ART000893244,P3b,qwen3-8b,ai,644
D18251.docx,batch04,abstract-ART000888593,P3b,qwen3-8b,ai,806
D18252.docx,batch04,abstract-ART001872267,P3b,qwen3-8b,ai,657
D18253.docx,batch04,abstract-ART001040214,P3b,qwen3-8b,ai,752
D18254.docx,batch04,abstract-ART000857870,P3b,qwen3-8b,ai,452
D18255.docx,batch04,abstract-ART000880547,P3b,qwen3-8b,ai,605
D18256.docx,batch04,abstract-ART000867524,P3b,qwen3-8b,ai,644
D18257.docx,batch04,abstract-ART000885356,P3b,qwen3-8b,ai,774
D18258.docx,batch04,abstract-ART000872159,P3b,qwen3-8b,ai,546
D18259.docx,batch04,abstract-ART000869404,P3b,qwen3-8b,ai,794
D18260.docx,batch04,abstract-ART001746679,P3b,qwen3-8b,ai,888
D18261.docx,batch04,abstract-ART000888933,P3b,qwen3-8b,ai,434
D18262.docx,batch04,abstract-ART000900925,P3b,qwen3-8b,ai,405
D18263.docx,batch04,abstract-ART000887636,P3b,qwen3-8b,ai,613
D18264.docx,batch04,abstract-ART000885766,P3b,qwen3-8b,ai,943
D18265.docx,batch04,abstract-ART002453133,P3b,qwen3-8b,ai,663
D18266.docx,batch04,abstract-ART000863301,P3b,qwen3-8b,ai,637
D18267.docx,batch04,abstract-ART002499902,P3b,qwen3-8b,ai,526
D18268.docx,batch04,abstract-ART000881043,P3b,qwen3-8b,ai,937
D18269.docx,batch04,abstract-ART000892183,P3b,qwen3-8b,ai,562
D18270.docx,batch04,abstract-ART000881309,P3b,qwen3-8b,ai,549
D18271.docx,batch04,abstract-ART000861400,P3b,qwen3-8b,ai,635
D18272.docx,batch04,abstract-ART000900106,P3b,qwen3-8b,ai,643
D18273.docx,batch04,abstract-ART000865057,P3b,qwen3-8b,ai,408
D18274.docx,batch04,abstract-ART000900263,P3b,qwen3-8b,ai,312
D18275.docx,batch04,abstract-ART000895444,P3b,qwen3-8b,ai,469
D18276.docx,batch04,abstract-ART000888518,P3b,qwen3-8b,ai,787
D18277.docx,batch04,abstract-ART001662917,P3b,qwen3-8b,ai,926
D18278.docx,batch04,abstract-ART000851702,P3b,qwen3-8b,ai,546
D18279.docx,batch04,abstract-ART000884054,P3b,qwen3-8b,ai,452
D18280.docx,batch04,abstract-ART000864085,P3b,qwen3-8b,ai,496
D18281.docx,batch04,abstract-ART000875839,P3b,qwen3-8b,ai,504
D18282.docx,batch04,abstract-ART000858889,P3b,qwen3-8b,ai,499
D18283.docx,batch04,abstract-ART000859246,P3b,qwen3-8b,ai,444
D18284.docx,batch04,abstract-ART001942291,P3b,qwen3-8b,ai,1069
D18285.docx,batch04,abstract-ART000858415,P3b,qwen3-8b,ai,789
D18286.docx,batch04,abstract-ART000901247,P3b,qwen3-8b,ai,596
D18287.docx,batch04,abstract-ART000882852,P3b,qwen3-8b,ai,624
D18288.docx,batch04,abstract-ART000884695,P3b,qwen3-8b,ai,402
D18289.docx,batch04,abstract-ART000885361,P3b,qwen3-8b,ai,678
D18290.docx,batch04,abstract-ART000861189,P3b,qwen3-8b,ai,642
D18291.docx,batch04,abstract-ART000905776,P3b,qwen3-8b,ai,553
D18292.docx,batch04,abstract-ART000904874,P3b,qwen3-8b,ai,359
D18293.docx,batch04,abstract-ART000888581,P3b,qwen3-8b,ai,516
D18294.docx,batch04,abstract-ART000864828,P3b,qwen3-8b,ai,441
D18295.docx,batch04,abstract-ART001227336,P3b,qwen3-8b,ai,688
D18296.docx,batch04,abstract-ART000891874,P3b,qwen3-8b,ai,460
D18297.docx,batch04,abstract-ART000902777,P3b,qwen3-8b,ai,467
D18298.docx,batch04,abstract-ART002446576,P3b,qwen3-8b,ai,722
D18299.docx,batch04,abstract-ART000889266,P3b,qwen3-8b,ai,505
D18300.docx,batch04,abstract-ART001598648,P3b,qwen3-8b,ai,924
D18301.docx,batch04,abstract-ART000881939,P3b,qwen3-8b,ai,863
D18302.docx,batch04,abstract-ART000875765,P3b,qwen3-8b,ai,449
D18303.docx,batch04,abstract-ART000905865,P3b,qwen3-8b,ai,387
D18304.docx,batch04,abstract-ART000906518,P3b,qwen3-8b,ai,513
D18305.docx,batch04,abstract-ART000863130,P3b,qwen3-8b,ai,825
D18306.docx,batch04,abstract-ART000899727,P3b,qwen3-8b,ai,816
D18307.docx,batch04,abstract-ART000888606,P3b,qwen3-8b,ai,823
D18308.docx,batch04,abstract-ART000905654,P3b,qwen3-8b,ai,430
D18309.docx,batch04,abstract-ART000880946,P3b,qwen3-8b,ai,340
D18310.docx,batch04,abstract-ART000903488,P3b,qwen3-8b,ai,823
D18311.docx,batch04,abstract-ART000905598,P3b,qwen3-8b,ai,499
D18312.docx,batch04,abstract-ART000875868,P3b,qwen3-8b,ai,667
D18313.docx,batch04,abstract-ART000904699,P3b,qwen3-8b,ai,727
D18314.docx,batch04,abstract-ART000901249,P3b,qwen3-8b,ai,787
D18315.docx,batch04,abstract-ART001822048,P3b,qwen3-8b,ai,602
D18316.docx,batch04,abstract-ART000902250,P3b,qwen3-8b,ai,695
D18317.docx,batch04,abstract-ART000895402,P3b,qwen3-8b,ai,982
D18318.docx,batch04,abstract-ART000892828,P3b,qwen3-8b,ai,322
D18319.docx,batch04,abstract-ART001584824,P3b,qwen3-8b,ai,486
D18320.docx,batch04,abstract-ART000904877,P3b,qwen3-8b,ai,436
D18321.docx,batch04,abstract-ART000876641,P3b,qwen3-8b,ai,774
D18322.docx,batch04,abstract-ART000905077,P3b,qwen3-8b,ai,491
D18323.docx,batch04,abstract-ART000907360,P3b,qwen3-8b,ai,315
D18324.docx,batch04,abstract-ART001939114,P3b,qwen3-8b,ai,541
D18325.docx,batch04,abstract-ART000903407,P3b,qwen3-8b,ai,452
D18326.docx,batch04,abstract-ART000868204,P3b,qwen3-8b,ai,444
D18327.docx,batch04,abstract-ART000884196,P3b,qwen3-8b,ai,602
D18328.docx,batch04,abstract-ART000895519,P3b,qwen3-8b,ai,505
D18329.docx,batch04,abstract-ART000871804,P3b,qwen3-8b,ai,406
D18330.docx,batch04,abstract-ART000866027,P3b,qwen3-8b,ai,337
D18331.docx,batch04,abstract-ART000903417,P3b,qwen3-8b,ai,458
D18332.docx,batch04,abstract-ART000903394,P3b,qwen3-8b,ai,487
D18333.docx,batch04,abstract-ART000892815,P3b,qwen3-8b,ai,445
D18334.docx,batch04,abstract-ART000884700,P3b,qwen3-8b,ai,581
D18335.docx,batch04,abstract-ART000864015,P3b,qwen3-8b,ai,625
D18336.docx,batch04,abstract-ART000900359,P3b,qwen3-8b,ai,721
D18337.docx,batch04,abstract-ART002136998,P3b,qwen3-8b,ai,753
D18338.docx,batch04,abstract-ART000895595,P3b,qwen3-8b,ai,527
D18339.docx,batch04,abstract-ART002525675,P3b,qwen3-8b,ai,1027
D18340.docx,batch04,abstract-ART000885956,P3b,qwen3-8b,ai,311
D18341.docx,batch04,abstract-ART000901324,P3b,qwen3-8b,ai,678
D18342.docx,batch04,abstract-ART000867480,P3b,qwen3-8b,ai,436
D18343.docx,batch04,abstract-ART000905778,P3b,qwen3-8b,ai,473
D18344.docx,batch04,abstract-ART000887644,P3b,qwen3-8b,ai,721
D18345.docx,batch04,abstract-ART000858722,P3b,qwen3-8b,ai,1059
D18346.docx,batch04,abstract-ART000872900,P3b,qwen3-8b,ai,491
D18347.docx,batch04,abstract-ART000875014,P3b,qwen3-8b,ai,1007
D18348.docx,batch04,abstract-ART000862227,P3b,qwen3-8b,ai,637
D18349.docx,batch04,abstract-ART001276580,P3b,qwen3-8b,ai,423
D18350.docx,batch04,abstract-ART000867517,P3b,qwen3-8b,ai,422
D18351.docx,batch04,abstract-ART000873624,P3b,qwen3-8b,ai,612
D18352.docx,batch04,abstract-ART000904378,P3b,qwen3-8b,ai,974
D18353.docx,batch04,abstract-ART000868261,P3b,qwen3-8b,ai,382
D18354.docx,batch04,abstract-ART000881027,P3b,qwen3-8b,ai,616
D18355.docx,batch04,abstract-ART000861761,P3b,qwen3-8b,ai,374
D18356.docx,batch04,abstract-ART001918319,P3b,qwen3-8b,ai,526
D18357.docx,batch04,abstract-ART002031413,P3b,qwen3-8b,ai,700
D18358.docx,batch04,abstract-ART001391217,P3b,qwen3-8b,ai,622
D18359.docx,batch04,abstract-ART000869465,P3b,qwen3-8b,ai,1037
D18360.docx,batch04,abstract-ART000852892,P3b,qwen3-8b,ai,663
D18361.docx,batch04,abstract-ART000886795,P3b,qwen3-8b,ai,294
D18362.docx,batch04,abstract-ART000900487,P3b,qwen3-8b,ai,622
D18363.docx,batch04,abstract-ART000895551,P3b,qwen3-8b,ai,680
D18364.docx,batch04,abstract-ART000901115,P3b,qwen3-8b,ai,914
D18365.docx,batch04,abstract-ART000889367,P3b,qwen3-8b,ai,544
D18366.docx,batch04,abstract-ART000905929,P3b,qwen3-8b,ai,378
D18367.docx,batch04,abstract-ART000860366,P3b,qwen3-8b,ai,487
D18368.docx,batch04,abstract-ART000893751,P3b,qwen3-8b,ai,336
D18369.docx,batch04,abstract-ART000864805,P3b,qwen3-8b,ai,356
D18370.docx,batch04,abstract-ART001613361,P3b,qwen3-8b,ai,447
D18371.docx,batch04,abstract-ART000902184,P3b,qwen3-8b,ai,876
D18372.docx,batch04,abstract-ART000902262,P3b,qwen3-8b,ai,491
D18373.docx,batch04,abstract-ART000889172,P3b,qwen3-8b,ai,332
D18374.docx,batch04,abstract-ART000898143,P3b,qwen3-8b,ai,349
D18375.docx,batch04,abstract-ART000886199,P3b,qwen3-8b,ai,565
D18376.docx,batch04,abstract-ART000906612,P3b,qwen3-8b,ai,605
D18377.docx,batch04,abstract-ART000906085,P3b,qwen3-8b,ai,635
D18378.docx,batch04,abstract-ART000863309,P3b,qwen3-8b,ai,478
D18379.docx,batch04,abstract-ART000882817,P3b,qwen3-8b,ai,588
D18380.docx,batch04,abstract-ART000898560,P3b,qwen3-8b,ai,353
D18381.docx,batch04,abstract-ART000900300,P3b,qwen3-8b,ai,566
D18382.docx,batch04,abstract-ART000887954,P3b,qwen3-8b,ai,651
D18383.docx,batch04,abstract-ART000868540,P3b,qwen3-8b,ai,578
D18384.docx,batch04,abstract-ART002451967,P3b,qwen3-8b,ai,661
D18385.docx,batch04,abstract-ART002032726,P3b,qwen3-8b,ai,553
D18386.docx,batch04,abstract-ART000878862,P3b,qwen3-8b,ai,654
D18387.docx,batch04,abstract-ART000893761,P3b,qwen3-8b,ai,474
D18388.docx,batch04,abstract-ART000905942,P3b,qwen3-8b,ai,358
D18389.docx,batch04,abstract-ART000869619,P3b,qwen3-8b,ai,515
D18390.docx,batch04,abstract-ART000902766,P3b,qwen3-8b,ai,357
